id,type,title,alt_text,area,system,collection,color,color_source,chip_description,shot_type,setting,market,date,quality,website_ready,tags,drive_path,web_copy
8a90a40ac249,photo,Basement with tan full flake floor,"Basement floor with tan full flake coating and glossy finish, white walls and exposed framing in background",basement,full_flake,,,,"fine tan and beige chips, small size, uniform speckled look",finished,residential,,,3,False,basement; full flake; tan chips; beige floor; glossy finish; interior floor; finished floor,Basements (Full Broadcast)/0AEC180F-C5C0-44F0-9D1B-02B82A1A577A.JPG,m/8a90a40ac249.jpg
4eda804a9e93,photo,Basement with gray full flake floor,"Finished basement with gray full flake floor coating, fireplace, floor drain and cabinets",basement,full_flake,,Silverado,duplicate,"small gray, white and black chips on a gray base",finished,residential,,,4,True,basement; full flake; gray floor; fireplace; floor drain; white cabinets; finished; gray white black chips; residential,Basements (Full Broadcast)/2CDEA7D8-CE80-40F3-AB66-79AC7B295FD3.JPG,m/4eda804a9e93.jpg
2873d5f54f1c,photo,Basement with smooth gray coated floor,"Basement with a smooth glossy light gray solid color floor coating and block walls, shown as solid color basement floor.",basement,full_flake,,,,"smooth plain light gray surface, no visible chips",finished,residential,,,4,True,basement; solid color floor; light gray coating; glossy finish; block walls; open truss ceiling; empty room,Basements (Full Broadcast)/5A61780A-6D14-4A24-B8DE-4C73C2B2E98B.JPG,m/2873d5f54f1c.jpg
41d9938161a3,photo,Basement with gray full flake floor,Basement with unfinished drywall and a gray full flake epoxy floor with white and black chips,basement,full_flake,,,,"white, gray and black chips on a light gray base, small size",finished,residential,,,3,False,basement; full flake; gray chips; white chips; black chips; unfinished drywall; renovation; glossy floor,Basements (Full Broadcast)/98F5CE7C-749E-4F76-B8BB-D9CE2BFB31F1.JPG,m/41d9938161a3.jpg
f42e4ceea716,photo,Basement with Black Canyon full flake floor,"Low angle view of a full flake basement floor with black, white and pinkish tan chips near a furnace and water heater",basement,full_flake,,Black Canyon,folder,"black, white and pinkish tan chips, small to medium size",finished,residential,,,4,True,basement; full flake; black canyon; black chips; tan chips; low angle; furnace; water heater; finished floor; residential,Basements (Full Broadcast)/Black Canyon/IMG_4984.JPG,m/f42e4ceea716.jpg
e0871709f4cc,photo,Basement with tan full flake floor,"Basement room with a tan and brown full flake floor coating, white walls and wood paneling",basement,full_flake,,,,"tan, brown and gray chips, small to medium size",finished,residential,,,3,False,basement; full flake; tan chips; brown chips; wood paneling; white walls; finished floor; interior,Basements (Full Broadcast)/C3E5D1E1-EE6D-43CF-97A9-74E4BC300516.JPG,m/e0871709f4cc.jpg
71cad048e551,photo,Basement with warm tan full flake floor,"Basement with glossy tan and brown full flake floor coating, storage shelves and water heater in background",basement,full_flake,,,,"warm tan and brown chips with small black accents, fine to medium size",finished,residential,,,4,False,basement; full flake; tan chips; brown chips; glossy floor; storage shelves; water heater; finished floor,Basements (Full Broadcast)/C504DF31-450E-4696-85D2-CC67256B450B.JPG,m/71cad048e551.jpg
a74dd216178a,photo,Basement with cream and brown full flake floor,"Finished basement with full flake floor in cream, tan, brown and black chips, dark wainscoting and wall signs",basement,full_flake,Bagari Stone Effects,Cambridge,folder,"cream, tan, brown and black chips, medium size, some amber chips",finished,residential,,,4,True,basement; full flake; tan chips; brown chips; black chips; wainscoting; man cave; finished floor; low angle; wall decor,Basements (Full Broadcast)/Cambridge/Cambridge1.JPG,m/a74dd216178a.jpg
a294248fc0cf,photo,Basement bar area with light tan flake floor,Basement bar with black stools on a light tan full flake floor coating,basement,full_flake,Vintage Mica,Desert Edge,folder,"light cream and tan chips with small black and gray specks, fine to medium size",finished,residential,,2019-07-11,4,True,basement; full flake; bar stools; light tan floor; cream chips; finished floor; basement bar; residential,Basements (Full Broadcast)/Desert Edge/Desertsedge2.jpg,m/a294248fc0cf.jpg
83cbf8078539,photo,Basement with tan full flake floor,"Finished basement floor with tan, brown and black full flake coating and glossy clear topcoat, full flake basement floor",basement,full_flake,,,,"tan base with brown, black and white chips, small to medium size",finished,residential,,,3,False,basement; full flake; tan chips; brown chips; glossy; finished floor; residential; floor drain,Basements (Full Broadcast)/F13729DC-3645-4C23-98E5-F8CFB5971A53.JPG,m/83cbf8078539.jpg
adec79473713,photo,Basement with Gold Mine full flake floor,"Low angle view of a glossy gray, white and black full flake floor in a basement with dark painted brick walls",basement,full_flake,Vintage Mica,Gold Mine,folder,"gray, white and black chips with a few tan flecks, medium size",finished,residential,,,4,True,basement; full flake; gold mine; gray chips; white chips; black chips; glossy floor; painted brick; low angle; finished floor,Basements (Full Broadcast)/Gold Mine/126487718_765497307651746_1371524009022961621_n.jpg,m/adec79473713.jpg
1a03ed210ca7,photo,Basement with black and gray flake floor,"Low angle view of a finished basement floor with black, white and gray flake coating, painted brick walls and dark ceiling. Full flake basement floor coating.",basement,full_flake,Vintage Mica,Gold Mine,folder,"black, white and gray chips with a few tan chips, medium size",finished,residential,,,4,True,basement; full flake; black chips; gray chips; white chips; painted brick; dark ceiling; support posts; glossy floor; low angle,Basements (Full Broadcast)/Gold Mine/38E48B51-9DC9-47BE-9074-2FAF72244A0E.JPG,m/1a03ed210ca7.jpg
1c8d2a5293a4,photo,Basement with gray full flake floor,"Low angle view of a glossy gray, black and white full flake basement floor with painted block walls and dark ceiling",basement,full_flake,Vintage Mica,Gold Mine,folder,"gray, black, white and tan chips, medium size, glossy clear coat",finished,residential,,,4,True,basement; full flake; gray chips; black chips; glossy floor; painted brick walls; dark ceiling; finished floor; low angle,Basements (Full Broadcast)/Gold Mine/Gold Mine.JPG,m/1c8d2a5293a4.jpg
e5d323183a53,photo,Basement with gray full flake floor,"Finished basement with gray full flake floor coating, white painted walls and water heater",basement,full_flake,Vintage Mica,Gold Mine,folder,"gray, white and black chips, small to medium size",finished,residential,,,4,True,basement; full flake; gray chips; white walls; water heater; exposed ceiling; finished floor; glossy,Basements (Full Broadcast)/Gold Mine/IMG_4767.HEIC,m/e5d323183a53.jpg
9dde0070d68c,photo,Basement with black and white full flake floor,"Finished basement with a glossy full flake floor of black, white and gray chips, exposed studs and painted block wall, full flake basement floor coating",basement,full_flake,Vintage Mica,Gold Mine,folder,"black, white and gray chips, medium size",finished,residential,,,4,False,basement; full flake; black white gray chips; glossy floor; painted block wall; exposed studs; hanging jackets; finished floor,Basements (Full Broadcast)/Gold Mine/IMG_4769.HEIC,m/9dde0070d68c.jpg
efbcdeec9c08,photo,Finished basement with Gold Mine full flake floor,"Finished basement with white block walls, furnace and a light gray full flake floor coating in Gold Mine",basement,full_flake,Vintage Mica,Gold Mine,folder,"light gray base with white, gray and black chips, medium size",finished,residential,,,4,True,basement; full flake; gold mine; gray chips; white chips; furnace; painted block walls; exposed ceiling; finished floor,Basements (Full Broadcast)/Gold Mine/IMG_4771.HEIC,m/efbcdeec9c08.jpg
e046e5e3c5be,photo,Basement finished with gray full flake floor,"Low angle view of a basement with a glossy full flake floor, white brick wall and open ceiling, full flake basement floor.",basement,full_flake,Vintage Mica,Gold Mine,folder,"gray, white, black and tan chips, medium size",finished,residential,,,4,True,basement; full flake; gray chips; white brick wall; open ceiling; glossy floor; low angle; finished floor,Basements (Full Broadcast)/Gold Mine/IMG_4772.HEIC,m/e046e5e3c5be.jpg
4fa870c09314,photo,Finished basement with light full flake floor,"Basement with white, gray and black full flake floor, painted brick wall and open ceiling",basement,full_flake,Vintage Mica,Gold Mine,folder,"white, gray and black chips with scattered tan and gold chips, medium size",finished,residential,,,4,True,basement; full flake; white gray black chips; tan chips; painted brick wall; open ceiling; support posts; glossy finish; finished floor,Basements (Full Broadcast)/Gold Mine/IMG_4773 2.HEIC,m/4fa870c09314.jpg
dec05065e95d,photo,Basement with gray tan and black full flake floor,"Finished basement with glossy full flake floor in gray, black and tan chips, white painted walls and black ceiling",basement,full_flake,Vintage Mica,Gold Mine,folder,"gray base with black, white and tan chips, small to medium size",finished,residential,,,4,True,basement; full flake; gray floor; tan chips; black chips; glossy; white walls; black ceiling; finished floor; residential,Basements (Full Broadcast)/Gold Mine/IMG_4774.HEIC,m/dec05065e95d.jpg
bfcae343544c,photo,Basement with gray full flake floor,"Basement with glossy gray full flake floor, support post, stairs and hanging coats, full flake basement floor coating",basement,full_flake,Vintage Mica,Gold Mine,folder,"gray base with white, black and light gray chips, small to medium size, glossy finish",finished,residential,,,4,True,basement; full flake; gray chips; glossy floor; support post; stairs; finished floor; residential,Basements (Full Broadcast)/Gold Mine/IMG_4776.HEIC,m/bfcae343544c.jpg
62de92ef5b32,photo,Basement with gray white full flake floor,"Finished basement with a gray, white and black full flake floor, support poles, furnace and open stair framing; full flake basement floor coating",basement,full_flake,Vintage Mica,Gold Mine,folder,"white, gray and black chips with light tan accents, small to medium size",finished,residential,,,4,True,basement; full flake; gray chips; white chips; black chips; support poles; furnace; unfinished ceiling; glossy floor; finished,Basements (Full Broadcast)/Gold Mine/IMG_4777.HEIC,m/62de92ef5b32.jpg
a36f997cb4ba,photo,Basement with white and gray full flake floor,"Finished basement with glossy white, gray and black full flake floor coating, painted brick wall and black ceiling",basement,full_flake,Vintage Mica,Gold Mine,folder,"white, gray and black chips with light tan accents, small to medium size",finished,residential,,,4,True,basement; full flake; white gray black chips; glossy floor; painted brick wall; black ceiling; finished floor; gold mine,Basements (Full Broadcast)/Gold Mine/IMG_4780 2.HEIC,m/a36f997cb4ba.jpg
48bea2a1ddb3,photo,Finished basement with tan full flake floor,"Finished basement with light tan and gray full flake floor, white slatwall and painted black ceiling",basement,full_flake,Vintage Mica,Gold Mine,folder,"light tan and gray base with black, white and gold flecks, small chips",finished,residential,,,4,True,basement; full flake; finished floor; tan chips; black chips; gold flecks; slatwall; black ceiling; glossy; small chips,Basements (Full Broadcast)/Gold Mine/IMG_4781.HEIC,m/48bea2a1ddb3.jpg
f401afb85210,photo,Basement with gray full flake floor,"Finished basement with gray full flake floor, painted brick wall and black ceiling, full flake basement floor coating",basement,full_flake,Vintage Mica,Gold Mine,folder,"gray base with gray, white, black and tan chips, small to medium size",finished,residential,,,4,True,basement; full flake; gray chips; tan chips; painted brick wall; black ceiling; glossy floor; finished floor; empty room,Basements (Full Broadcast)/Gold Mine/IMG_4782.HEIC,m/f401afb85210.jpg
ee22ed6bce65,photo,Basement with gray full flake floor,"Finished basement with gray full flake floor, white brick wall and black ceiling, full flake basement floor coating",basement,full_flake,Vintage Mica,Gold Mine,folder,"gray base with black, white and small tan-gold chips, medium size",finished,residential,,,4,True,basement; full flake; gray chips; black chips; white chips; tan chips; white brick wall; black ceiling; finished floor; glossy,Basements (Full Broadcast)/Gold Mine/IMG_4783 2.HEIC,m/ee22ed6bce65.jpg
7d6236f8f6fa,photo,Basement with gray full flake floor,"Basement with gray and white full flake floor coating, painted brick walls and support columns",basement,full_flake,Vintage Mica,Gold Mine,folder,"gray, white and cream chips, medium size",finished,residential,,,4,True,basement; full flake; gold mine; gray floor; white chips; painted brick walls; support columns; black ceiling; finished floor; basement floor coating,Basements (Full Broadcast)/Gold Mine/IMG_4784.HEIC,m/7d6236f8f6fa.jpg
7c0eea7f12d4,photo,Basement with Gold Mine full flake floor,"Finished basement with glossy full flake floor in white, gray and black chips, painted brick walls and support poles",basement,full_flake,Vintage Mica,Gold Mine,folder,"white, gray and black chips with scattered gold flecks, small to medium size",finished,residential,,,4,True,basement; full flake; gold mine; white gray black chips; gold flecks; glossy floor; painted brick walls; support poles; finished floor; black ceiling,Basements (Full Broadcast)/Gold Mine/IMG_4785.HEIC,m/7c0eea7f12d4.jpg
6b97b5df687b,photo,Basement with gray full flake floor,"Finished basement with gray full flake floor coating, white block walls and painted black ceiling",basement,full_flake,Vintage Mica,Gold Mine,folder,"gray base with black, white and small tan chips, medium size",finished,residential,,,4,True,basement; full flake; gray floor; gray black white chips; block walls; support poles; glossy; finished floor; black ceiling,Basements (Full Broadcast)/Gold Mine/IMG_4786.HEIC,m/6b97b5df687b.jpg
804655fcdf6d,photo,Basement with white and gray full flake floor,"Finished basement with white painted brick walls and a gray, white and black full flake floor coating",basement,full_flake,Vintage Mica,Gold Mine,folder,"white, black and gray chips, small to medium size",finished,residential,,,4,True,basement; full flake; gold mine; gray floor; white brick; painted brick; support poles; glossy finish; finished floor; black ceiling,Basements (Full Broadcast)/Gold Mine/IMG_4787.HEIC,m/804655fcdf6d.jpg
f341eba42491,photo,Basement with Gold Mine full flake floor,"Finished basement with glossy full flake floor in white, gray, black and gold chips, full flake basement floor coating",basement,full_flake,Vintage Mica,Gold Mine,folder,"white, gray and black chips with gold and tan accents, small to medium size",finished,residential,,,4,True,basement; full flake; gold mine; vintage mica; white and gray chips; gold accents; glossy floor; finished floor; exposed ceiling,Basements (Full Broadcast)/Gold Mine/IMG_4788.HEIC,m/f341eba42491.jpg
52974e8f91ee,photo,Basement with gray full flake floor,"Low angle view of a basement with a glossy gray full flake floor, stone foundation wall and exposed joist ceiling",basement,full_flake,Ultra,Granite,folder,"gray, black and white chips, medium size, glossy clear coat",finished,residential,,2022-02-21,4,True,basement; full flake; gray chips; black and white chips; glossy floor; stone wall; exposed ceiling; finished floor; full flake basement floor,Basements (Full Broadcast)/Granite/#8.JPG,m/52974e8f91ee.jpg
2b15073cb3fd,photo,Basement with gray Granite full flake floor,"Finished basement with gray full flake floor coating, exposed joist ceiling and support posts",basement,full_flake,Ultra,Granite,folder,"gray, white and black chips, small to medium size",finished,residential,,,4,True,basement; full flake; gray chips; granite; glossy floor; exposed ceiling; support posts; finished floor; residential,Basements (Full Broadcast)/Granite/1B450E03-BD44-4742-BC56-FB961CADFA15.JPG,m/2b15073cb3fd.jpg
83c14b147016,photo,Basement with gray full flake floor,"Finished basement with gray, black and white full flake floor coating, painted brick walls and exposed joist ceiling",basement,full_flake,Ultra,Granite,folder,"gray, black and white chips, medium size",finished,residential,,,4,True,basement; full flake; gray floor; black and white chips; exposed ceiling; painted brick; glossy; finished floor; furnace room,Basements (Full Broadcast)/Granite/20D9EBFF-1503-4F71-9F64-22541B290881.JPG,m/83c14b147016.jpg
dddf20078836,photo,Basement with gray Granite full flake floor,Glossy gray full flake epoxy floor in an unfinished basement with stone wall and exposed joists,basement,full_flake,Ultra,Granite,folder,"gray, black and white chips, small to medium size, glossy clear coat",finished,residential,,,4,True,basement; full flake; gray chips; black and white chips; glossy floor; stone wall; exposed ceiling; flake floor; granite; unfinished basement,Basements (Full Broadcast)/Granite/241799864_942301489971326_8813046788424938165_n.jpg,m/dddf20078836.jpg
f21a4f3b932c,photo,Basement with gray full flake floor,"Finished basement with glossy gray, white and black full flake floor coating, painted brick walls and exposed joists",basement,full_flake,Ultra,Granite,folder,"gray, white and black chips, medium size, glossy clear coat",finished,residential,,,4,True,basement; full flake; gray chips; white chips; black chips; glossy floor; painted brick; exposed ceiling; finished floor,Basements (Full Broadcast)/Granite/294935610_796059421551872_8743636685117276162_n.jpg,m/f21a4f3b932c.jpg
1291bdadac21,photo,Basement with Granite full flake floor,"Basement with gray and black full flake floor, stone wall, exposed joists and utilities",basement,full_flake,Ultra,Granite,folder,"gray, black and white chips, medium mix",finished,residential,,,3,False,basement; full flake; granite; gray chips; stone wall; exposed ceiling; utilities; glossy; low angle; finished,Basements (Full Broadcast)/Granite/86276BB3-2218-45B3-A353-1FDD189022F4.JPG,m/1291bdadac21.jpg
7d62e252d60e,photo,Basement with gray full flake floor,Finished basement with white painted block walls and a glossy gray full flake floor coating,basement,full_flake,Ultra,Granite,folder,"gray base with white, black and light gray chips, small to medium size",finished,residential,,,4,True,basement; full flake; gray floor; gray white black chips; glossy; painted block walls; finished floor; epoxy floor,Basements (Full Broadcast)/Granite/AB5CA23E-3D05-4AE7-8A83-AA7C273DA0D0.JPG,m/7d62e252d60e.jpg
16675b2bcae2,photo,Basement with Granite full flake floor,"Finished basement with gray Granite full flake floor, painted block walls and stairs, full flake basement floor coating.",basement,full_flake,Ultra,Granite,folder,"gray, black and white chips, fine to medium size",finished,residential,,,4,True,basement; full flake; granite; gray chips; block walls; stairs; glossy floor; finished floor; residential,Basements (Full Broadcast)/Granite/C23305BE-CFF3-483A-961D-4BAD7433D919.JPG,m/16675b2bcae2.jpg
5a031c305f31,photo,Basement with gray Granite full flake floor,"Glossy gray full flake basement floor with painted brick wall and exposed studs, Granite flake garage and basement floor coating",basement,full_flake,Ultra,Granite,folder,"gray, white and black chips, small to medium size, on a gray base",finished,residential,,,4,True,basement; full flake; granite; gray chips; black chips; white chips; painted brick; exposed studs; glossy floor; unfinished basement,Basements (Full Broadcast)/Granite/E1DF759F-CCBC-4551-A723-73E5B6BD74B9.JPG,m/5a031c305f31.jpg
d7acf0ccedc4,photo,Basement with Granite full flake floor,"Basement with gray white and black full flake floor, full flake basement floor coating",basement,full_flake,Ultra,Granite,folder,"gray, white and black chips, medium size",finished,residential,,2022-02-21,4,True,basement; full flake; granite; gray chips; white brick wall; exposed studs; utility room; glossy floor; low angle; finished floor,Basements (Full Broadcast)/Granite/IMG_0236.JPG,m/d7acf0ccedc4.jpg
76641f2c585e,photo,Basement with gray full flake floor,Finished basement floor with gray full flake coating and painted white brick walls,basement,full_flake,Ultra,Granite,folder,"gray, black and white chips, medium size",finished,residential,,2022-02-21,5,True,basement; full flake; granite; gray chips; white brick walls; exposed joists; floor coating; finished floor,Basements (Full Broadcast)/Granite/IMG_0265.JPG,m/76641f2c585e.jpg
d5c5c293c573,photo,Basement with gray Granite full flake floor,"Finished basement with gray full flake floor coating, glossy clear coat and exposed ceiling joists",basement,full_flake,Ultra,Granite,folder,"gray base with black, white and gray chips, small to medium size",finished,residential,,2022-02-21,4,True,basement; full flake; granite; gray floor; glossy; exposed ceiling; finished floor; storage shelves; black gray white chips,Basements (Full Broadcast)/Granite/IMG_0267.JPG,m/d5c5c293c573.jpg
291f631c01ec,photo,Basement with gray Granite full flake floor,"Finished basement floor with gray, white and black full flake coating and glossy clear coat, full flake basement floor",basement,full_flake,Ultra,Granite,folder,"gray, white and black chips, small to medium size, glossy clear coat",finished,residential,,,3,False,basement; full flake; gray chips; black chips; white chips; glossy floor; cinder block walls; finished floor,Basements (Full Broadcast)/Granite/IMG_0680.JPG,m/291f631c01ec.jpg
8f1f2426da34,photo,Basement with gray full flake floor,"Finished basement with glossy gray full flake floor coating, painted block walls and stairs",basement,full_flake,Ultra,Granite,folder,"gray, white and black chips, small to medium size",finished,residential,,2022-02-21,4,True,basement; full flake; gray floor; glossy; cinder block walls; stairs; finished floor; gray white black chips,Basements (Full Broadcast)/Granite/IMG_1675.JPG,m/8f1f2426da34.jpg
cb1dfce1f426,photo,Basement utility room full flake floor,"Finished basement with tan full flake floor coating near furnace, water heater and tool bench",basement,full_flake,,,,"tan, brown and black chips, small to medium size",finished,residential,,,3,False,basement; full flake; tan chips; furnace; water heater; tool wall; finished floor; glossy,Basements (Full Broadcast)/IMG_0049B5334CB5-1.jpeg,m/cb1dfce1f426.jpg
c0fccfb6b532,photo,Basement storage room with tan full flake floor,"Basement with tan and brown full flake coated floor, shelves, furnace and water heater visible, full flake basement floor coating",basement,full_flake,,,,"tan, brown and black chips with some white, medium size",finished,residential,,2022-02-21,3,False,basement; full flake; tan brown chips; epoxy floor; storage shelves; water heater; furnace; exposed ceiling; speckled floor,Basements (Full Broadcast)/IMG_0226.JPG,m/c0fccfb6b532.jpg
8110249208cf,photo,Finished basement with tan full flake floor,Finished basement with wood support posts and a tan full flake garage floor coating with brown and black chips,basement,full_flake,,,,"tan, brown and black chips, small to medium size",finished,residential,,2022-02-21,4,True,basement; full flake; tan chips; brown chips; black chips; wood beams; support posts; drop ceiling; finished floor; wainscoting,Basements (Full Broadcast)/IMG_0243.JPG,m/8110249208cf.jpg
58c1c40bba85,photo,Basement with light gray full flake floor,Finished basement with wood panel walls and a light gray full flake garage floor coating,basement,full_flake,,,,"light gray and white chips with black speckles, small size",finished,residential,,,3,False,basement; full flake; gray chips; white chips; black speckles; wood panel walls; wet bar; finished floor; residential; epoxy flake floor,Basements (Full Broadcast)/IMG_0766.JPG,m/58c1c40bba85.jpg
608266a92389,photo,Basement with tan full flake floor,"Finished basement with glossy tan and brown full flake floor coating, water heater and sump pump visible",basement,full_flake,,,,"tan, brown and black chips with some white, small to medium size",finished,residential,,,4,True,basement; full flake; tan chips; brown chips; water heater; sump pump; glossy; finished floor; residential,Basements (Full Broadcast)/IMG_0780 2.JPG,m/608266a92389.jpg
1e1c82aeeb61,photo,Basement utility room with tan full flake floor,Basement utility area with water heater and furnace on a tan full flake garage floor coating,basement,full_flake,,,,"tan, brown, black and white chips, small to medium size",finished,residential,,,3,False,basement; full flake; utility room; water heater; furnace; tan chips; brown chips; finished floor,Basements (Full Broadcast)/IMG_0781 2.JPG,m/1e1c82aeeb61.jpg
f4511e950d59,photo,Basement with light gray full flake floor,"Finished basement with light gray full flake floor coating, wood staircase and exposed ceiling joists",basement,full_flake,,,,"light gray base with small gray, white and brown chips",finished,residential,,,4,True,basement; full flake; gray chips; finished floor; wood stairs; exposed ceiling; residential; glossy floor,Basements (Full Broadcast)/IMG_1788.JPG,m/f4511e950d59.jpg
83cfb94c9b23,photo,Basement floor with tan full flake coating,"Finished basement with glossy tan full flake epoxy floor, stairs and floor drain visible, full flake basement floor coating",basement,full_flake,,,,"tan and brown chips with black specks, small to medium size",finished,residential,,,4,True,basement; full flake; tan chips; brown chips; glossy floor; floor drain; stairs; residential; finished floor,Basements (Full Broadcast)/IMG_2144.JPG,m/83cfb94c9b23.jpg
866f5b89b1a8,photo,Basement bar room with gray full flake floor,"Finished basement with gray full flake epoxy floor, wooden bar and football memorabilia on the walls",basement,full_flake,,,,"warm gray and brown chips with white and black accents, small to medium size",finished,residential,,,4,True,basement; full flake; gray chips; brown chips; bar; man cave; football decor; glossy floor; finished floor; sports memorabilia,Basements (Full Broadcast)/IMG_2173.JPG,m/866f5b89b1a8.jpg
16ac6ccaf534,photo,Basement bar area with gray full flake floor,"Finished basement bar with gray flake floor, carpeted stairs and LED strip lighting",basement,full_flake,,,,"gray and beige chips with black speckles, small to medium size",finished,residential,,,4,True,basement; full flake floor; bar area; carpeted stairs; led strip lighting; gray chips; sports memorabilia; home bar; tv; wood bar,Basements (Full Broadcast)/IMG_2174.JPG,m/16ac6ccaf534.jpg
8f8336a05fc5,photo,Basement with glossy tan coated floor,Empty basement room with a glossy tan coated concrete floor and an egress window,basement,full_flake,,,,"glossy solid tan coating, no chips visible",finished,residential,,,4,True,basement; solid color floor; tan floor; glossy finish; egress window; empty room; finished floor; concrete coating,Basements (Full Broadcast)/IMG_2636.JPG,m/8f8336a05fc5.jpg
c77dd269cd9c,photo,Basement with light gray full flake floor,"Basement with light gray full flake floor, stairs and red support poles, full flake basement floor coating",basement,full_flake,,,,"light gray and beige fine chips, small size",finished,residential,,,4,True,basement; full flake; gray chips; stairs; support poles; sink; finished floor,Basements (Full Broadcast)/IMG_2894.JPG,m/c77dd269cd9c.jpg
c4fe80e0e3ad,photo,Basement with gray full flake floor,"Basement with gray full flake floor, exposed wood joists and white insulated walls",basement,full_flake,,,,"gray, white and black chips, small to medium size",finished,residential,,,4,True,basement; full flake; gray chips; gray white black chips; exposed joists; support poles; small window; finished floor,Basements (Full Broadcast)/IMG_2900.JPG,m/c4fe80e0e3ad.jpg
4e961b1c2c35,photo,Unfinished basement with gray full flake floor,"Open basement with support poles, water heater and a glossy gray full flake floor coating",basement,full_flake,,,,"light gray base with white, gray and black chips, small to medium size",finished,residential,,,4,True,basement; full flake; gray chips; unfinished basement; support poles; water heater; exposed joists; glossy floor; white black gray chips,Basements (Full Broadcast)/IMG_2901.JPG,m/4e961b1c2c35.jpg
482afa82c526,photo,Basement rec room with gray full flake floor,"Finished basement rec room with a glossy gray full flake floor, bar and sports memorabilia on the walls",basement,full_flake,,,,"small light gray, white and tan chips on a glossy base",finished,residential,,,3,False,basement; full flake; gray chips; rec room; bar; glossy floor; finished; sports memorabilia; residential,Basements (Full Broadcast)/IMG_3160.JPG,m/482afa82c526.jpg
713ece2d4363,photo,Basement office with gray full flake floor,"Basement room with light gray full flake epoxy floor, desks, and bookshelf; full flake basement floor coating",basement,full_flake,,,,"light gray, white and black chips, small to medium size",finished,residential,,,3,False,basement; full flake floor; gray chips; light gray; desks; bookshelves; office nook; finished floor; residential,Basements (Full Broadcast)/IMG_3596.JPG,m/713ece2d4363.jpg
4e1afa9f4b01,photo,Finished basement with gray full flake floor,"Finished basement with glossy gray full flake floor coating, support poles, stairs and exposed ceiling",basement,full_flake,,,,"small gray, tan and white chips, fine to medium size",finished,residential,,,4,True,basement; full flake; gray floor; finished basement; support poles; exposed ceiling; stairs; glossy floor; speckled floor,Basements (Full Broadcast)/IMG_3710 2.JPG,m/4e1afa9f4b01.jpg
6acff57ad3fd,photo,Basement with dark gray full flake floor,"Finished basement with glossy dark gray full flake floor, support posts and wooden stairs, full flake basement floor coating",basement,full_flake,,,,"dark gray base with black, white and gray chips plus scattered tan flecks",finished,residential,,2022-02-21,4,True,basement; full flake; dark gray; black and gray chips; glossy; support posts; stairs; finished floor; residential,Basements (Full Broadcast)/IMG_3762.JPG,m/6acff57ad3fd.jpg
902de3430952,photo,Basement with gray full flake floor,"Basement room with gray full flake floor coating, wall mounted TVs and doorway to adjacent room",basement,full_flake,,,,"light gray base with black, white and gray chips, small to medium size",finished,residential,,2021-12-23,4,True,basement; full flake; gray floor; gray chips; tv wall; finished floor; residential; speckled floor,Basements (Full Broadcast)/IMG_3820.JPG,m/902de3430952.jpg
ff05b31471b4,photo,Basement with tan full flake floor and drain,"Basement with glossy tan full flake floor coating, floor drain and wood baseboards",basement,full_flake,,,,"small tan, beige and brown chips on a tan base, glossy clear coat",finished,residential,,,3,False,basement; full flake; tan chips; beige floor; floor drain; glossy; wood baseboards; finished,Basements (Full Broadcast)/IMG_3997 2.PNG,m/ff05b31471b4.jpg
41d689a2f8d0,photo,Basement with tan full flake floor,Basement with tan beige full flake floor and floor drain.,basement,full_flake,,,,"tan and beige chips with light brown speckling, fine size",finished,residential,,,3,False,basement; full flake; tan chips; beige floor; floor drain; residential; speckled floor; vinyl chips,Basements (Full Broadcast)/IMG_3997.PNG,m/41d689a2f8d0.jpg
2547ac5d420c,photo,Basement with tan full flake floor,"Finished basement with glossy tan full flake floor coating, white brick walls and gray door",basement,full_flake,,,,"tan, brown and black chips, medium size",finished,residential,,,4,True,basement; full flake; tan chips; brown chips; black chips; glossy floor; white brick; finished floor; interior,Basements (Full Broadcast)/IMG_3A93B369DF3F-1.jpeg,m/2547ac5d420c.jpg
8aefd7e57dcb,photo,Basement with gray full flake floor by stairs,"Gray and white flake coated basement floor with stair posts, full flake basement floor coating",basement,full_flake,,,,"gray, white and black chips, small to medium size",finished,residential,,,2,False,basement; full flake; gray chips; white chips; black chips; stairs; finished floor,Basements (Full Broadcast)/IMG_4548.PNG,m/8aefd7e57dcb.jpg
b9dd5cfc08a3,photo,Empty basement with gray tan full flake floor,Finished basement with painted brick walls and a gray tan full flake floor coating with glossy clear coat,basement,full_flake,,,,"gray, tan, white and black chips, small to medium size",finished,residential,,,4,True,basement; full flake; gray tan chips; painted brick walls; glossy finish; empty room; basement window; finished floor,Basements (Full Broadcast)/IMG_4757.HEIC,m/b9dd5cfc08a3.jpg
426c823c7955,photo,Basement with light gray full flake floor,Finished basement with painted block walls and a light gray full flake floor coating,basement,full_flake,,,,"small light gray and tan chips, warm gray overall",finished,residential,,,4,True,basement; full flake; light gray chips; small chips; painted block wall; black ceiling; finished floor; basement window,Basements (Full Broadcast)/IMG_4761.HEIC,m/426c823c7955.jpg
7aeb6a5e8da3,photo,Finished basement with tan full flake floor,Finished basement with tan and brown full flake floor coating and white painted block wall,basement,full_flake,,,,"small to medium tan, brown and gray chips on a warm beige base",finished,residential,,,3,False,basement; full flake; tan chips; brown chips; gray chips; finished floor; block wall; glossy finish,Basements (Full Broadcast)/IMG_4762.HEIC,m/7aeb6a5e8da3.jpg
768471359c17,photo,Basement with gray full flake floor,"Finished basement with glossy gray full flake floor coating, brick wall and HVAC units visible",basement,full_flake,,,,"gray, black and white chips, medium size",finished,residential,,,4,True,basement; full flake; gray chips; black and white chips; glossy floor; brick wall; finished floor; residential,Basements (Full Broadcast)/IMG_4763.HEIC,m/768471359c17.jpg
f3ae7ffc39be,photo,Worker clear-coating tan full flake basement floor,"Worker backrolling clear coat over a tan and brown full flake basement floor with support poles, full flake basement floor coating",basement,full_flake,,,,"tan, brown and black chips, medium size",in_progress,residential,,,4,False,basement; full flake; tan chips; brown chips; clear coat; backrolling; in progress; support poles; glossy floor,Basements (Full Broadcast)/IMG_4764.HEIC,m/f3ae7ffc39be.jpg
6f453d33cbe9,photo,Empty basement with gray full flake floor,"Finished basement with gray, white and black full flake floor and white painted brick walls",basement,full_flake,,,,"gray, white and black chips, small to medium size",finished,residential,,,4,True,basement; full flake; gray chips; white brick walls; glossy floor; empty room; finished,Basements (Full Broadcast)/IMG_4765.HEIC,m/6f453d33cbe9.jpg
b414fc083b4e,photo,Basement with light gray full flake floor,Finished basement with white painted brick walls and a light gray full flake garage style floor coating,basement,full_flake,,,,"light gray base with white, gray and black chips, small to medium size",finished,residential,,,4,True,basement; full flake; gray flakes; white brick walls; painted brick; small window; finished floor; glossy clear coat,Basements (Full Broadcast)/IMG_4766.HEIC,m/b414fc083b4e.jpg
86e71fdf4ab6,photo,Basement with light gray full flake floor,"Finished basement with light gray full flake floor coating, painted brick walls and black ceiling",basement,full_flake,,,,"white and light gray chips, small size",finished,residential,,,4,True,basement; full flake; light gray chips; painted brick walls; black ceiling; floor drain; empty room; full flake basement floor,Basements (Full Broadcast)/IMG_4768.HEIC,m/86e71fdf4ab6.jpg
16a5279a3a71,photo,Basement with light gray full flake floor,"Finished basement with glossy light gray full flake floor coating, painted brick walls and exposed black ceiling",basement,full_flake,,,,"light gray and beige chips with white and black flecks, small to medium size",finished,residential,,,4,True,basement; full flake; gray chips; beige chips; glossy floor; painted brick wall; exposed ceiling; floor drain; finished floor,Basements (Full Broadcast)/IMG_4770.HEIC,m/16a5279a3a71.jpg
b4a3fa05356c,photo,Basement utility room with tan full flake floor,"Finished basement utility room with a tan, cream and brown full flake floor, water heater, furnace and shelving, full flake basement floor coating",basement,full_flake,,,,"tan, cream and light brown chips, small to medium size",finished,residential,,,4,True,basement; utility room; full flake; tan chips; brown chips; water heater; furnace; floor drain; finished floor; shelving,Basements (Full Broadcast)/IMG_4932.JPG,m/b4a3fa05356c.jpg
c3ed825ed819,photo,Basement with tan full flake floor after renovation,"Finished basement with glossy tan full flake floor coating, exposed wall studs and glass block window",basement,full_flake,,,,"tan base with fine brown, black and white chips, small size",finished,residential,,,4,True,basement; full flake; tan chips; glossy floor; renovation; exposed studs; glass block window; finished floor; drop ceiling,Basements (Full Broadcast)/IMG_5146.JPG,m/c3ed825ed819.jpg
660bdef3c4a3,photo,Basement with light gray full flake floor,"Newly coated basement floor with light gray full flake finish, plastic sheeting and support poles visible, full flake basement floor coating",basement,full_flake,,,,"light gray base with gray, white, tan and black chips, small to medium size",finished,residential,,,4,False,basement; full flake; gray floor; support poles; plastic sheeting; finished floor; residential; gray white tan chips,Basements (Full Broadcast)/IMG_5404.JPG,m/660bdef3c4a3.jpg
05bc26b06f19,photo,Basement kitchen with tan full flake floor,"Finished basement with tan, brown and black flake floor, wood cabinets and a kitchenette, full flake basement floor coating",basement,full_flake,,,,"tan base with brown and black chips, small to medium size",finished,residential,,,4,True,basement; full flake; tan chips; brown chips; black chips; kitchenette; wood cabinets; finished floor; residential,Basements (Full Broadcast)/IMG_D7B1E68F741C-1.jpeg,m/05bc26b06f19.jpg
00952f38b69e,photo,Finished basement with tan full flake floor,"Basement with glossy tan full flake floor coating, storage shelves and water heater along the walls",basement,full_flake,,,,"warm tan and brown chips with black specks, small to medium size",finished,residential,,,4,False,basement; full flake; tan chips; brown chips; storage shelves; water heater; glossy floor; finished floor,Basements (Full Broadcast)/IMG_EF79FDFD43F3-1.jpeg,m/00952f38b69e.jpg
34b619178ba2,photo,Finished basement with gray full flake floor,"Finished basement with glossy full flake floor in gray, black and tan chips, white brick wall and black ceiling",basement,full_flake,Bagari Stone Effects,Pacific Coast,folder,"gray base with black, white and tan-gold chips, medium size",finished,residential,,,4,True,basement; full flake; gray floor; black chips; tan chips; white brick wall; exposed black ceiling; finished floor; glossy; epoxy flake floor,Basements (Full Broadcast)/Pacific Coast/Pacific Coast.jpg,m/34b619178ba2.jpg
6b7f7f4f7479,photo,Basement with gray full flake floor,"Finished basement with gray, white and black full flake floor coating, furnace and painted block walls",basement,full_flake,,Quartzite,folder,"gray, white and black chips, small to medium size",finished,residential,,,4,True,basement; full flake; gray chips; black chips; white chips; furnace; painted block walls; exposed ceiling; finished floor; floor drain,Basements (Full Broadcast)/Quartzite/Quartzite.jpeg,m/6b7f7f4f7479.jpg
12005a74596e,photo,Basement with Silverado full flake floor,"Finished basement with gray full flake metallic-look epoxy floor, support pole, glass block windows",basement,full_flake,,Silverado,folder,"silver-gray, black and white metallic-look chips, fine to medium size",finished,residential,,,4,True,basement; silverado; gray flakes; full flake; glass block windows; support pole; finished floor; wet bar; low light; residential,Basements (Full Broadcast)/Silverado/7BEB4EE7-CF5E-4D1E-8550-60A82BB01D1A.JPG,m/12005a74596e.jpg
3ae7e8777a4a,photo,Basement with gray full flake floor and fireplace,"Finished basement with glossy gray full flake floor coating, support pole, brick fireplace and kitchenette",basement,full_flake,,Silverado,folder,"gray base with white, gray and black chips, medium size",finished,residential,,,4,True,basement; full flake; gray floor; white gray black chips; fireplace; support pole; finished floor; glossy; basement remodel,Basements (Full Broadcast)/Silverado/B08F3CCB-786C-4805-A41D-776E6BD557E7.JPG,m/3ae7e8777a4a.jpg
cec773c6ceb2,photo,Basement with gray full flake floor,"Finished basement with gray full flake floor coating, white cabinets, brick fireplace and floor drain",basement,full_flake,,Silverado,folder,"gray, white and black chips, small size, on gray base",finished,residential,,2022-02-21,4,True,basement; full flake; gray floor; white cabinets; brick fireplace; floor drain; finished floor; gray white black chips,Basements (Full Broadcast)/Silverado/IMG_0269.JPG,m/cec773c6ceb2.jpg
1a73349fb486,photo,Basement with gray full flake floor and bar,"Finished basement with gray, white and black full flake floor, wood bar cabinets and wall decor; full flake basement floor coating",basement,full_flake,Bagari Stone Effects,Stone Crest,folder,"gray, white and black chips with scattered rust and orange accents, small to medium size",finished,residential,,,4,True,basement; full flake; gray chips; black chips; white chips; rust accents; bar area; finished floor; glossy; residential,Basements (Full Broadcast)/Stonecrest/Stonecrest.JPG,m/1a73349fb486.jpg
18aaa1ec3db3,photo,Charlotte cursive logo graphic,Charlotte logo in black cursive script,not_visible,not_applicable,,,,,graphic,,,,3,False,Birdeye asset; charlotte; logo; cursive; email logo; graphic,Birdeye Assets/Email Logos/Email Charlotte.png,m/18aaa1ec3db3.png
d332a43c82f1,photo,Cincinnati script email logo graphic,"Black script text reading Cincinnati on a white background, email logo graphic",not_visible,not_applicable,,,,,graphic,,,,3,False,Birdeye asset; logo; graphic; cincinnati; email asset; birdeye; script text; black and white,Birdeye Assets/Email Logos/Email Cincy.png,m/d332a43c82f1.png
8d22c7d2088b,photo,Columbus script logo graphic,Columbus script logo graphic on white background,not_visible,not_applicable,,,,,graphic,,,,4,False,Birdeye asset; columbus; script logo; email logo; text graphic; marketing asset,Birdeye Assets/Email Logos/Email Columbus.png,m/8d22c7d2088b.png
f5e96c1e7613,photo,Detroit script text graphic on white,"Black script lettering spelling Detroit on a white background, email logo graphic",not_visible,not_applicable,,,,,graphic,,,,4,False,Birdeye asset; detroit; script text; email logo; black and white; graphic,Birdeye Assets/Email Logos/Email Det.png,m/f5e96c1e7613.png
b295ef82f31a,photo,Indianapolis script text graphic,Indianapolis written in black script lettering on a white background.,not_visible,not_applicable,,,,,graphic,,,,3,False,Birdeye asset; indianapolis; script lettering; text graphic; email logo; black and white,Birdeye Assets/Email Logos/Email Indianapolis.png,m/b295ef82f31a.png
88f498f8ab9d,photo,Louisville script text graphic,"Black script text reading Louisville on a white background, email graphic",not_visible,not_applicable,,,,,graphic,,,,4,False,Birdeye asset; louisville; logo; script text; email asset; graphic,Birdeye Assets/Email Logos/Email Lou.png,m/88f498f8ab9d.png
83284626f0e2,photo,St Louis script logo graphic,"Black script lettering reading St Louis on a white background, email logo graphic",not_visible,not_applicable,,,,,graphic,,,,4,False,Birdeye asset; st louis; logo; script lettering; email asset; black and white; graphic,Birdeye Assets/Email Logos/Email STL.png,m/83284626f0e2.png
0137a00a31af,photo,Charlotte thank you review request graphic,GatorGuard Concrete Coatings Charlotte thank you graphic asking customers to leave a review,not_visible,not_applicable,,,,,graphic,,,2024-01-30,3,False,Birdeye asset; thank you graphic; review request; charlotte; gatorguard logo; gator mascot; social post; text graphic,Birdeye Assets/Thank You Text Pictures/Charlotte.jpg,m/0137a00a31af.jpg
8e30af89f267,photo,GatorGuard Charlotte thank you review graphic,GatorGuard Charlotte thank you graphic over dark full flake floor asking for a review,not_visible,not_applicable,,,,,graphic,,,,3,False,Birdeye asset; thank you; review request; biz asset; branded graphic; charlotte; text overlay,Birdeye Assets/Thank You Text Pictures/Charlotte.png,m/8e30af89f267.jpg
33af9669b44a,photo,Cincinnati thank you review request graphic,GatorGuard Concrete Coatings Cincinnati thank you graphic asking customers to leave a review,not_visible,not_applicable,,,,,graphic,,,2024-01-30,4,False,Birdeye asset; thank you graphic; review request; cincinnati; gatorguard logo; gator mascot; marketing graphic; text overlay,Birdeye Assets/Thank You Text Pictures/Cincinnati.jpg,m/33af9669b44a.jpg
f9ce6007612a,photo,Columbus thank you review request graphic,"GatorGuard Columbus thank you graphic asking customers to leave a review, dark flake floor background",not_visible,not_applicable,,,,,graphic,,,2024-01-30,4,False,Birdeye asset; thank you graphic; review request; columbus; gatorguard logo; gator mascot; marketing graphic; text overlay,Birdeye Assets/Thank You Text Pictures/Columbus.jpg,m/f9ce6007612a.jpg
d21fc355aa96,photo,Detroit thank you review request graphic,GatorGuard Detroit thank you graphic asking customers to leave a review over a dark flake floor background,garage,full_flake,,,,"dark gray and black chips, small size, mostly covered by text",graphic,,,2024-01-30,3,False,Birdeye asset; thank you graphic; review request; detroit; gator logo; text overlay; dark flake floor; marketing,Birdeye Assets/Thank You Text Pictures/Detroit.jpg,m/d21fc355aa96.jpg
cdfa5566f855,photo,Thank you review request graphic for Indianapolis,GatorGuard Concrete Coatings Indianapolis thank you graphic asking customers to leave a review,not_visible,not_applicable,,,,,graphic,,,2024-01-30,4,False,Birdeye asset; thank you graphic; review request; indianapolis; logo; gator mascot; marketing graphic; social post,Birdeye Assets/Thank You Text Pictures/Indianapolis.jpg,m/cdfa5566f855.jpg
e188ed472966,photo,Louisville thank you review request graphic,"GatorGuard Louisville thank you graphic asking customers to leave a review, with gator mascot over a dark flake floor",not_visible,not_applicable,,,,,graphic,,,2024-01-30,3,False,Birdeye asset; thank you graphic; review request; louisville; gator mascot; logo; text overlay; marketing,Birdeye Assets/Thank You Text Pictures/Louisville.jpg,m/e188ed472966.jpg
bf31fe94523a,photo,Thank you review request graphic St Louis,"GatorGuard St Louis thank you graphic asking customers to leave a review, over a dark flake floor photo",not_visible,not_applicable,,,,,graphic,,,2024-01-30,3,False,Birdeye asset; thank you graphic; review request; st louis; gatorguard logo; gator mascot; text overlay; marketing,Birdeye Assets/Thank You Text Pictures/St Louis.jpg,m/bf31fe94523a.jpg
9fb15d2e1c3d,photo,Close-up of brown full flake garage floor,Close-up of glossy brown and tan full flake garage floor coating reflecting an open garage door,garage,full_flake,,,,"tan, brown and black chips, small to medium size, glossy clear coat",close_up,residential,,,4,True,full flake; garage floor; close up; glossy; brown chips; tan chips; black chips; clear coat; garage door,Coating Only (Close Up)/137C7A88-B72E-4E5D-89B0-3D9E0BEE1B42.JPG,m/9fb15d2e1c3d.jpg
30e02aee4ddc,photo,Close up of speckled full flake floor,Close up detail of a glossy full flake floor coating with speckled chips.,not_visible,full_flake,,,,"black, white and gray chips, medium size",close_up,,,,4,False,full flake; close up; chip texture; glossy finish; black and gray chips; concrete coating; speckled floor,Coating Only (Close Up)/24E6A35C-E26D-4175-AF82-4B0A9F21D0B4.JPG,m/30e02aee4ddc.jpg
5b4d7f1b31b8,photo,Close up of gray flake floor texture,"Close up of a glossy full flake floor with gray, black and white chips",not_visible,full_flake,,,,"gray, black and white chips, small size, glossy clear coat",close_up,,,,3,False,close up; full flake; gray chips; black chips; white chips; glossy; texture; floor coating,Coating Only (Close Up)/55435AB0-916A-4FEC-AE2D-82984AEF8377.JPG,m/5b4d7f1b31b8.jpg
24362b661e98,photo,Close-up of solid tan coated floor,Close-up of a glossy solid tan coated concrete floor in a garage or interior room.,not_visible,solid_color,,,,uniform tan glossy surface with no visible chips,close_up,,,,3,False,solid color; tan floor; close up; glossy coating; garage floor,Coating Only (Close Up)/556D5DCB-70B6-4183-AF02-3F9496D975C3.JPG,m/24362b661e98.jpg
e5a39afafe1c,photo,Close up of dark full flake garage floor,Low angle close up of a glossy dark full flake garage floor with black gray and white chips,garage,full_flake,,,,"dark mix of black, gray and white chips, small size",close_up,residential,,,4,True,close up; full flake; garage floor; glossy finish; dark chips; black gray white chips; low angle; finished floor,Coating Only (Close Up)/6935F527-309F-4473-BA31-662F6EC40D73.JPG,m/e5a39afafe1c.jpg
0f23e8f83286,photo,Close up of glossy tan full flake floor,"Close up of a glossy full flake garage floor with tan, brown and black chips, full flake floor coating",garage,full_flake,,,,"tan, brown and black chips, small to medium size, glossy clear coat",close_up,residential,,,4,True,close up; full flake; glossy; tan chips; brown chips; garage floor; clear coat; flake texture,Coating Only (Close Up)/74F34E47-112C-4A07-BAE8-8276739B80B0.JPG,m/0f23e8f83286.jpg
501ba4d51833,photo,Close up of wet dark flake coating,"Close up of a wet dark full flake epoxy floor with black, gray and tan chips under glossy clear coat",not_visible,full_flake,,,,"dark black and gray chips with a few tan chips, small to medium size, glossy wet clear coat",close_up,,,,3,False,close up; full flake; dark flake; black chips; gray chips; wet look; clear coat; floor coating; texture,Coating Only (Close Up)/7C419FD5-F4E5-41E1-9A19-7BAFF064F32C.JPG,m/501ba4d51833.jpg
e223e049ef23,photo,Close up of glossy gray and tan flake floor,"Close up of glossy full flake floor with gray, black, white and tan chips",not_visible,full_flake,,,,"gray, white and black chips with small orange tan accents, glossy clear coat",close_up,,,,4,True,close up; full flake; glossy; gray chips; white chips; black chips; tan chips; orange accent chips; clear coat; floor detail,Coating Only (Close Up)/85A4BA30-219F-4700-ADE4-A30F79997ACE.JPG,m/e223e049ef23.jpg
3b35e9e7a067,photo,Glossy tan flake garage floor close up,"Close view of a glossy tan full flake garage floor with saw cut joints, full flake garage floor coating",garage,full_flake,,,,"cream tan base with fine tan, brown and black chips, small size",close_up,residential,,,4,True,garage floor; full flake; tan chips; glossy finish; saw cut joints; close up; epoxy flake; cream base,Coating Only (Close Up)/87339946-595F-446D-ABAA-0D976C29F52F.JPG,m/3b35e9e7a067.jpg
38091490ae48,photo,Close up of tan chip floor with saw joints,Close up of a tan chip coated concrete floor with two saw joints in a white-painted room,other_exterior,solid_color_chip,,,,"small tan and cream chips, solid tan look",close_up,residential,,,4,False,close up; tan chips; solid color chip; saw joints; white walls; coated floor; small chips,Coating Only (Close Up)/A54EE705-E5EB-403C-B7CB-0CDDE3B09279.JPG,m/38091490ae48.jpg
0b88d310262a,photo,Close up of dark full flake garage floor,Close up of a glossy dark full flake garage floor coating with an open garage door and greenery outside,garage,full_flake,,,,"dark mix of small black, gray and white chips, glossy clear coat",close_up,residential,,,4,True,close up; full flake; garage floor; dark chips; black gray white chips; glossy; clear coat; texture; garage door,Coating Only (Close Up)/A7E689B5-BAA9-40A1-A28E-3D5DF316FAFB.JPG,m/0b88d310262a.jpg
c7ed06de49ca,photo,Close up of glossy brown full flake floor,Close up of a glossy brown full flake floor coating with fine tan and dark brown chips,not_visible,full_flake,,,,"warm brown base with small tan, cream and dark brown chips, fine chip size",close_up,,,,4,True,close up; full flake; brown chips; tan chips; glossy; fine chips; flake texture; coated floor,Coating Only (Close Up)/AA5F00BD-2A59-4AB8-AA70-F30F87061CCF.JPG,m/c7ed06de49ca.jpg
1d15e7afed92,photo,Close-up of glossy tan full flake floor,"Close-up of a glossy full flake coated concrete floor with tan, brown and black chips",not_visible,full_flake,,,,"tan and brown chips with black accents, medium size, glossy clear coat",close_up,,,,4,False,close up; full flake; tan chips; brown chips; black chips; glossy; clear coat; garage floor coating,Coating Only (Close Up)/AB72E72F-10E6-4421-8B80-8B4934B6DCE7.JPG,m/1d15e7afed92.jpg
f3a18c24ad0d,photo,Close up of tan full flake floor,Close up of a glossy tan full flake coated concrete floor with light reflecting off the clear topcoat,not_visible,full_flake,,,,"tan and light brown chips, small to medium size, mostly one warm tone",close_up,,,,3,False,close up; full flake; tan chips; brown chips; glossy; clear coat; flake floor; coated concrete,Coating Only (Close Up)/B0E88BE5-38A2-44DF-A276-C08A2C39580A.JPG,m/f3a18c24ad0d.jpg
74f886b7632e,photo,Low angle close up of brown full flake floor,"Low angle close up of a glossy brown full flake floor with light reflections, full flake floor coating",interior_room,full_flake,,,,"tan and brown base with dark brown and black chips, small to medium size",close_up,residential,,,4,True,full flake; close up; brown chips; tan chips; glossy; low angle; interior floor; clear coat reflection,Coating Only (Close Up)/B82E19D1-2139-43BA-83FE-1CC9726F2353.JPG,m/74f886b7632e.jpg
bd7805ff5de6,photo,Close up of gray and white full flake floor,Close up of a gray and white full flake floor coating fading to white at the edge,not_visible,full_flake,,,,"gray and white chips, small to medium size",close_up,,,2018-01-23,3,False,full flake; gray chips; white chips; close up; coating detail; floor texture; gray floor,Coating Only (Close Up)/Background copy.jpg,m/bd7805ff5de6.jpg
31258ce1945d,photo,Close up of tan full flake floor,"Close up of a glossy full flake floor with tan, brown and black chips",not_visible,full_flake,,,,"tan, brown and black chips, small to medium size, glossy clear coat",close_up,,,,4,True,close up; full flake; tan chips; brown chips; black chips; glossy; clear coat; flake texture,Coating Only (Close Up)/C3CABAFF-264C-45DD-9322-DE8D8E5A1758.JPG,m/31258ce1945d.jpg
e3a2f8f77020,photo,Close up of gray full flake floor,"Close up of a glossy gray, black and white full flake floor coating with a staircase in the background",basement,full_flake,,,,"gray, black and white chips, small to medium size, glossy clear coat",close_up,residential,,,3,False,close up; full flake; gray chips; black and white chips; glossy; basement; stairs; clear coat,Coating Only (Close Up)/D1BDA017-C3BC-480F-8C66-5E381734EF28.JPG,m/e3a2f8f77020.jpg
a66aacc61764,photo,Close up of glossy tan flake floor,"Close up of a glossy tan floor with black, brown and white chips in a full flake coating",not_visible,full_flake,,,,"tan base with black, brown and white chips, small to medium size",close_up,,,,4,True,close up; full flake; tan chips; black chips; white chips; glossy; clear coat; flake texture,Coating Only (Close Up)/D4D82B7F-0582-4944-ACCC-F9907B9BE038.JPG,m/a66aacc61764.jpg
fc0f75d6375a,photo,Close-up of black and gray flake floor,Close-up of glossy black and gray full flake garage floor coating with fine texture,garage,full_flake,,,,"black base with gray and silver chips, fine speckled mix",close_up,residential,,,3,False,close up; full flake; garage floor; black chips; gray chips; glossy surface; coating detail; residential,Coating Only (Close Up)/E036D482-AFA4-4E5C-BC01-A08E798F6E72.JPG,m/fc0f75d6375a.jpg
ed78b34c5569,photo,Close up of glossy tan full flake floor,"Close up of a glossy full flake floor with tan, brown and black chips",not_visible,full_flake,,,,"tan, brown and black chips, small to medium size, glossy clear coat",close_up,,,,3,False,full flake; close up; glossy; tan chips; brown chips; black chips; flake floor; clear coat,Coating Only (Close Up)/F311DB40-8338-480C-BA95-197E7794E89E.JPG,m/ed78b34c5569.jpg
cc60c40ecae1,photo,Close-up of tan brown full flake floor,"Low angle close-up of a full flake garage floor with tan, brown and black chips and glossy clear coat",not_visible,full_flake,,,,"tan, brown and black chips with scattered rust red flecks, medium size",close_up,residential,,,4,False,full flake; close up; tan chips; brown chips; black chips; rust red chips; glossy; floor detail; finished,Coating Only (Close Up)/F328E7A6-1996-4F69-8E92-57EB256416FB.JPG,m/cc60c40ecae1.jpg
1aebc658f652,photo,Low angle close up of tan full flake floor,Close up of a tan full flake epoxy floor with brown and black chips near wood cabinets,interior_room,full_flake,,,,"tan, brown, black and white chips, small to medium size",close_up,residential,,2022-02-21,4,False,full flake; close up; tan chips; brown chips; black chips; glossy floor; wood cabinets; interior,Coating Only (Close Up)/IMG_0233.JPG,m/1aebc658f652.jpg
2d6cb15eb9c0,photo,Close up of tan full flake floor,"Close up of a glossy full flake floor with tan, black, white and gray chips, full flake floor coating",not_visible,full_flake,,,,"tan and beige base with black, white and gray chips, small to medium size",close_up,,,2022-02-21,4,True,full flake; close up; tan chips; black chips; white chips; glossy; garage floor; flake floor coating,Coating Only (Close Up)/IMG_0234.JPG,m/2d6cb15eb9c0.jpg
01cbe0fe1342,photo,Close up of silver-gray full flake floor,Close up of glossy full flake floor with fine silver gray and white chips,not_visible,full_flake,,,,"silver gray and white chips, very fine texture",close_up,,,,4,True,full flake; close up; silver gray chips; fine chips; glossy finish; floor detail; white baseboard,Coating Only (Close Up)/IMG_0240 2.JPG,m/01cbe0fe1342.jpg
9931e0dfafab,photo,Close up of gray full flake floor,"Close up of a glossy gray, white and black full flake garage floor coating with visible saw cut joints",not_visible,full_flake,,,,"gray, white and black chips, medium size, glossy clear coat",close_up,,,2022-02-21,4,True,full flake; close up; gray chips; black chips; white chips; glossy; clear coat; saw cut joint; floor detail,Coating Only (Close Up)/IMG_0240.JPG,m/9931e0dfafab.jpg
3841e97abb18,photo,Low angle view of tan full flake floor,Low angle view of a glossy tan full flake floor with black and brown chips in a room with French doors,interior_room,full_flake,,,,"tan base with black, brown and cream chips, small to medium size",close_up,residential,,,4,True,full flake; tan floor; black chips; brown chips; glossy finish; low angle; interior room; french doors; finished floor,Coating Only (Close Up)/IMG_0241 2.JPG,m/3841e97abb18.jpg
d7ba17db9906,photo,Close up of tan full flake floor,"Close up of a full flake garage floor with tan, brown and black chips in an empty room with French doors.",interior_room,full_flake,,,,"tan, brown and black chips, medium size",close_up,,,2022-02-21,4,True,full flake; tan chips; brown chips; black chips; close up; glossy floor; french doors; empty room,Coating Only (Close Up)/IMG_0241.JPG,m/d7ba17db9906.jpg
dcc9cc6bdaec,photo,Close up of tan and brown flake floor,"Close up of glossy tan, brown and black flake floor coating in a basement",not_visible,full_flake,,,,"tan, brown and black chips, medium size",close_up,,,2022-02-21,3,False,full flake; close up; tan chips; brown chips; black chips; glossy finish; coated floor; flake texture,Coating Only (Close Up)/IMG_0242.JPG,m/dcc9cc6bdaec.jpg
c377b2d483c4,photo,Close up of glossy brown full flake floor,"Low angle close up of a glossy brown full flake floor with tan, brown and black chips, full flake floor coating",interior_room,full_flake,,,,"tan, brown and black chips with some rust red flecks, small to medium size",close_up,residential,,2022-02-21,3,False,full flake; close up; glossy floor; brown chips; tan chips; interior floor; clear coat; flake floor,Coating Only (Close Up)/IMG_0245.JPG,m/c377b2d483c4.jpg
f08f3bd2f421,photo,Close up of glossy flake garage floor,"Low angle close up of a glossy full flake garage floor with gray, black and tan chips, full flake garage floor coating",garage,full_flake,,,,"gray, black and tan small chips under a glossy clear coat",close_up,residential,,2022-02-21,4,True,close up; garage; full flake; glossy floor; gray chips; black chips; tan chips; low angle; reflective; finished floor,Coating Only (Close Up)/IMG_0249.JPG,m/f08f3bd2f421.jpg
c5c3ed6c4389,photo,Close up of dark full flake garage floor,"Close up of dark full flake garage floor with black and gray chips, full flake floor coating",garage,full_flake,,,,"mostly black chips with gray and white chips, small size",close_up,residential,,2022-02-21,4,True,full flake; close up; black chips; garage floor; dark coating; flakes; texture; gray chips,Coating Only (Close Up)/IMG_0259.JPG,m/c5c3ed6c4389.jpg
591d85e7776a,photo,Low angle close up of tan flake floor,"Low angle close up of a tan, brown and black full flake coated garage floor indoors",garage,full_flake,,,,"tan, brown, black and white chips, small to medium size",close_up,residential,,2022-02-21,3,False,full flake; garage floor; close up; tan brown black chips; glossy clear coat; interior; window; low angle; coated concrete,Coating Only (Close Up)/IMG_0275.JPG,m/591d85e7776a.jpg
2a7c729880f2,photo,Close up of gray full flake floor,"Close up of a glossy full flake floor with gray, black and white chips",not_visible,full_flake,,,,"gray, black and white chips, medium size",close_up,,,2021-08-24,4,True,close up; full flake; gray chips; black chips; white chips; glossy finish; texture detail; coated concrete,Coating Only (Close Up)/IMG_0679 2 (1).JPG,m/2a7c729880f2.jpg
8b1fcf1ce53c,photo,Glossy gray tan full flake garage floor,"Glossy full flake garage floor with gray, tan and white chips, garage door open to driveway",garage,full_flake,,,,"gray, tan and white chips, small to medium size, glossy clear coat",close_up,residential,,2021-08-24,4,True,garage; full flake; glossy floor; gray chips; tan chips; floor coating; close up; finished floor,Coating Only (Close Up)/IMG_0680 (1).JPG,m/8b1fcf1ce53c.jpg
117f0980556b,photo,Close up of glossy light tan flake floor,Close up of a glossy light tan and gray full flake floor with strong light reflections,interior_room,full_flake,,,,"very light gray, white and pale tan chips, small to medium size, glossy finish",close_up,residential,,,3,False,full flake; close up; glossy floor; light gray chips; tan chips; white chips; interior room; reflective clear coat,Coating Only (Close Up)/IMG_0765.JPG,m/117f0980556b.jpg
23334ae28c86,photo,Close up of gray full flake floor,"Close up of a glossy gray full flake coated concrete floor with small gray, white and black chips",not_visible,full_flake,,,,"gray, white and black chips, small size",close_up,,,,3,False,close up; full flake; gray chips; glossy floor; coated concrete; flake texture; garage floor coating,Coating Only (Close Up)/IMG_0767 2.JPG,m/23334ae28c86.jpg
71a8b48cca2b,photo,Close up of gray and tan full flake floor,"Close up of a full flake epoxy floor with gray, white, black and tan chips, full flake floor coating detail",not_visible,full_flake,,,,"gray, white and black chips with tan and brown accents, small to medium size",close_up,,,2021-08-31,4,True,full flake; close up; gray chips; tan chips; black chips; speckled floor; glossy finish; floor texture; epoxy flake,Coating Only (Close Up)/IMG_0915.JPG,m/71a8b48cca2b.jpg
2cffc75ee052,photo,Close-up of brown full flake floor,Close-up of brown full flake floor coating with wood baseboards,garage,full_flake,,,,"brown, tan, black and white chips, medium size",close_up,residential,,,4,True,full flake; close up; brown chips; tan chips; wood baseboard; glossy clear coat; garage floor; flake detail,Coating Only (Close Up)/IMG_0985.JPG,m/2cffc75ee052.jpg
9a18a829e589,photo,Close up of gray full flake garage floor,Low angle close up of a gray full flake garage floor coating with white and black chips,garage,full_flake,,,,"gray, white and black chips, small to medium size",close_up,residential,,,4,True,full flake; close up; garage floor; gray chips; white chips; black chips; glossy; flake texture,Coating Only (Close Up)/IMG_1101.JPG,m/9a18a829e589.jpg
0e322320ba15,photo,Close up of gray flake floor with rust accents,"Close up of a glossy full flake floor with white, gray, black and rust colored chips",not_visible,full_flake,,,,"white, gray and black chips with scattered tan and rust accents, small to medium size",close_up,,,,4,True,close up; full flake; gray floor; white chips; black chips; rust accents; glossy finish; flake texture,Coating Only (Close Up)/IMG_1135.JPG,m/0e322320ba15.jpg
36dd1b0ad14e,photo,Gray flake floor with orange accent chips,"Low angle close-up of a gray full flake floor with black, white and orange chips in an empty garage",garage,full_flake,Bagari Stone Effects,Stone Ridge,duplicate,"gray, black and white chips with scattered orange-tan accents, medium size",close_up,,,,4,True,full flake; close up; gray chips; orange accent chips; garage; glossy finish; empty room; white walls,Coating Only (Close Up)/IMG_1388 2.JPG,m/36dd1b0ad14e.jpg
94377bdac4ee,photo,Low angle garage floor with tan full flake,"Low angle view of a garage with a glossy tan, brown and black full flake floor, wall storage racks and windows.",garage,full_flake,,,,"tan, brown, black and gray chips with faint blue accents, medium size",close_up,residential,,,4,True,garage; full flake; tan chips; brown chips; black chips; glossy floor; low angle; finished floor; wall racks,Coating Only (Close Up)/IMG_1507.JPG,m/94377bdac4ee.jpg
924dec35039c,photo,Tan full flake floor in bright interior,"Close view of a full flake floor with tan and brown chips in an interior space, full flake floor coating",garage,full_flake,,,,"tan and brown chips, small to medium size",close_up,residential,,,3,False,full flake; tan chips; brown chips; garage floor; coated floor; flake floor; interior floor; joint seam,Coating Only (Close Up)/IMG_1826.HEIC,m/924dec35039c.jpg
d87d8132100c,photo,Close-up of full flake coating edge,"Close-up of a glossy full flake coating edge with tan, black, white and red chips",not_visible,full_flake,,,,"tan, black, white and red chips with a few blue-looking flecks near the edge",close_up,,,,2,False,full flake; close up; edge detail; tan chips; black chips; red chips; glossy finish; coating edge,Coating Only (Close Up)/IMG_2138.JPG,m/d87d8132100c.jpg
a152d2b3dbab,photo,Close-up of tan and brown full flake floor,"Low angle close-up of a glossy full flake floor with tan, brown, black and white chips",garage,full_flake,,,,"white and tan chips with brown, black and rust accents, small to medium size",close_up,,,,4,True,full flake; close up; glossy; tan chips; brown chips; black chips; white chips; clear coat; floor detail,Coating Only (Close Up)/IMG_2141.JPG,m/a152d2b3dbab.jpg
9968159e7309,photo,Wet clear coat over dark flake garage floor,"Close up of a freshly clear-coated garage floor with dark gray, black and tan flakes, wet gloss finish, full flake floor coating",garage,full_flake,,,,"dark gray and black chips with gray, white and tan chips, small to medium size",close_up,residential,,,4,False,close up; full flake; wet clear coat; glossy; dark gray chips; black chips; garage floor; fresh coating,Coating Only (Close Up)/IMG_2158 2.JPG,m/9968159e7309.jpg
6b75b8d5d49c,photo,Gray full flake garage floor close up,"Close up of gray full flake epoxy floor with wood paneled walls, full flake garage floor coating, quality 4",garage,full_flake,,,,"gray, black and white chips, medium size, glossy finish",close_up,residential,Fort Wayne,2021-10-18,4,False,close up; gray flakes; full flake; wood walls; garage; glossy floor; gray black white chips; sunlight on floor,Coating Only (Close Up)/IMG_2162.HEIC,m/6b75b8d5d49c.jpg
08efcbc490fa,photo,Close up of light gray full flake floor,"Close up of a light gray full flake coated concrete floor with fine white and black chips, wood wall at edge",not_visible,full_flake,,,,"light gray base with small white, gray and black chips, fine speckled mix",close_up,,Fort Wayne,2021-10-18,3,False,full flake; close up; gray flake floor; white and black chips; speckled floor; coated concrete; glossy finish; wood trim,Coating Only (Close Up)/IMG_2163.HEIC,m/08efcbc490fa.jpg
6066df93a86f,photo,Close up of gray full flake floor,"Close up of a glossy full flake floor with gray, white and black chips, wet look clear coat",not_visible,full_flake,,,,"gray, white and black chips, small to medium size",close_up,,,,3,False,full flake; close up; gray chips; white and black chips; glossy; clear coat; floor detail,Coating Only (Close Up)/IMG_2785.JPG,m/6066df93a86f.jpg
f31e74caafec,photo,Close-up of glossy brown full flake floor,"Close-up of a glossy full flake garage floor with brown, tan and black chips reflecting light",not_visible,full_flake,,,,"dark brown base with tan, black and cream chips, small to medium size",close_up,,,,4,True,close up; full flake; glossy finish; brown chips; tan chips; black chips; reflective floor; garage floor,Coating Only (Close Up)/IMG_3042.JPG,m/f31e74caafec.jpg
67f7d858e912,photo,Close up of glossy white and tan flake floor,"Close up of a glossy full flake coated floor with white, gray, black and tan chips",not_visible,full_flake,,,,"white, gray, black and tan chips, medium to small size",close_up,,,,3,False,full flake; close up; glossy; white base; tan and black chips; clear coat; floor detail,Coating Only (Close Up)/IMG_3055.JPG,m/67f7d858e912.jpg
9306c294a420,photo,Close up of gray flake floor with gold accents,"Close up of a full flake floor coating with gray, white, black and gold chips",not_visible,full_flake,,,,"gray, white and black chips with scattered gold and tan accents, small to medium size",close_up,,,,4,False,full flake; close up; gray chips; gold chips; black chips; white chips; floor coating; glossy; texture,Coating Only (Close Up)/IMG_3149.JPG,m/9306c294a420.jpg
880d422f7233,photo,Close-up of gray full flake garage floor,"Close-up of a gray full flake garage floor coating beside wood panel walls, glossy finish",garage,full_flake,,,,"gray, black and white chips, small to medium size",close_up,residential,,,3,False,garage floor; full flake; gray chips; close up; glossy floor; wood panel wall; flake coating; reflective floor,Coating Only (Close Up)/IMG_3477.HEIC,m/880d422f7233.jpg
dcf6ceec15e4,photo,Close up of light gray full flake floor,"Close up of a glossy light gray full flake floor with black, gray and tan chips in a garage",garage,full_flake,,,,"light gray and white chips with black and scattered tan chips, small to medium size",close_up,,,,4,True,full flake; close up; glossy; light gray chips; black chips; tan chips; garage floor; coating detail,Coating Only (Close Up)/IMG_3760.JPG,m/dcf6ceec15e4.jpg
6d8ff2fc10a3,photo,Close up of glossy tan full flake floor,"Close up of glossy full flake floor with tan, brown and black chips, full flake floor coating",not_visible,full_flake,,,,"tan, brown and black chips, medium size, glossy clear coat",close_up,,,,4,False,full flake; close up; glossy floor; tan chips; black chips; brown chips; flake floor coating; wet look,Coating Only (Close Up)/IMG_3763.JPG,m/6d8ff2fc10a3.jpg
6c848d3ff2a4,photo,Close up of black and gray flake floor,"Close up of black, gray and white full flake concrete floor coating texture",not_visible,full_flake,,,,"black, gray and white chips, medium size",close_up,,,2022-01-01,4,True,full flake; close up; texture; black chips; gray chips; white chips; floor coating,Coating Only (Close Up)/IMG_4114 2.JPG,m/6c848d3ff2a4.jpg
dd520635968c,photo,Close up of light gray full flake floor,Close up of a glossy light gray and beige full flake coated floor against a painted brick wall,not_visible,full_flake,,,,"light gray and beige fine chips with white and black specks, glossy clear coat",close_up,,,,3,False,full flake; close up; gray chips; beige chips; glossy finish; painted brick wall; fine flake; coated floor,Coating Only (Close Up)/IMG_4271.jpg,m/dd520635968c.jpg
db130fd7374e,photo,Close up of gray full flake floor with saw cut joints,Close up of a gray full flake garage floor coating with fine gray and white chips and saw cut control joints,not_visible,full_flake,,,,"fine gray, white and dark speckled chips on gray base",close_up,,,,4,False,close up; full flake; gray floor; fine chips; saw cut joints; garage floor; control joints; speckled,Coating Only (Close Up)/IMG_4424.HEIC,m/db130fd7374e.jpg
236fa7c8ac2c,photo,Gray full flake floor with brick walls,Close up of a gray full flake coated floor with light glare and white painted brick walls,interior_room,full_flake,,,,"gray, white and black chips, small to medium size",close_up,,,,3,False,full flake; gray chips; close up; brick wall; coated floor; glossy; interior,Coating Only (Close Up)/IMG_4620.JPG,m/236fa7c8ac2c.jpg
5504aa7c6637,photo,Close up of dark full flake floor surface,"Close up of a glossy dark full flake floor with black, gray and white chips",not_visible,full_flake,,,,"dark charcoal and black chips with gray and white flakes, small to medium size, glossy clear coat",close_up,,,,3,False,close up; full flake; dark flake; black chips; gray chips; glossy; clear coat; texture,Coating Only (Close Up)/IMG_4744.JPG,m/5504aa7c6637.jpg
724485328078,photo,Brown full flake floor meeting kitchen tile,Close view of a brown full flake coated floor next to a tiled kitchen area with a white refrigerator,interior_room,full_flake,,,,"small brown, tan and black chips, fairly fine blend",close_up,residential,,,3,False,full flake; interior floor; brown chips; tan chips; kitchen tile; transition; refrigerator; close up; residential,Coating Only (Close Up)/IMG_4792.JPG,m/724485328078.jpg
cd200ae26604,photo,Gray and white flake floor close up,"Gray, white and black full flake coated floor near a white door, close up view",garage,full_flake,,,,"gray, white and black chips, small to medium size",close_up,residential,,,4,True,full flake; gray chips; white chips; black chips; garage floor; coated floor; close up; interior,Coating Only (Close Up)/IMG_5049.JPG,m/cd200ae26604.jpg
904d8ef3658a,photo,Close-up of tan full flake floor,Close-up of a tan full flake coated concrete floor with beige and brown chips,not_visible,full_flake,,,,"beige and tan chips with small brown accents, fine to medium size",close_up,,,,3,False,close up; full flake; tan chips; beige floor; speckled; coated concrete; glossy,Coating Only (Close Up)/IMG_6895.JPG,m/904d8ef3658a.jpg
b4ff2dd17c29,photo,Close up of glossy brown flake floor,"Close up of glossy brown full flake epoxy floor with tan, brown and black chips.",not_visible,full_flake,,,,"brown base with fine tan, brown and black chips, small size",close_up,,,,3,False,full flake; close up; brown floor; tan brown black chips; glossy floor; epoxy floor; garage floor coating,Coating Only (Close Up)/IMG_6896.JPG,m/b4ff2dd17c29.jpg
a52c4147bb95,photo,Gray full flake floor in basement room,Close view of a glossy gray full flake garage or basement floor with white and black chips near French doors,basement,full_flake,,,,"gray, white and black chips, small to medium size",close_up,residential,,,4,True,full flake; gray floor; basement floor; close up; french doors; gray white black chips; glossy finish; epoxy flake floor,Coating Only (Close Up)/IMG_6F58E74600E4-1.jpeg,m/a52c4147bb95.jpg
6e948671a150,photo,Close up of garage full flake floor,"Close up of a glossy full flake garage floor with white, gray, tan and brown chips, garage door open to a tree and street",garage,full_flake,,,,"white, gray, tan and brown chips, small to medium size",close_up,residential,,,4,True,full flake; garage floor; close up; white chips; gray chips; tan chips; glossy; flake texture; open garage; coated concrete,Coating Only (Close Up)/IMG_8815.JPG,m/6e948671a150.jpg
53668144d8e3,photo,Garage floor with gray full flake coating,"Close view of a garage floor with gray, white and black full flake coating",garage,full_flake,,,,"gray, white and black chips, small size",close_up,residential,,,4,True,garage; full flake; gray chips; white chips; black chips; close up; finished floor; epoxy flake floor,Coating Only (Close Up)/IMG_9150.JPG,m/53668144d8e3.jpg
34ed71049152,photo,Low angle close up of flake garage floor,"Low angle close up of glossy full flake garage floor with tan, brown and black chips",garage,full_flake,,,,"tan, brown, black and white chips, small to medium size",close_up,residential,,,4,True,garage floor; close up; full flake; tan chips; brown chips; black chips; glossy finish; low angle; flake floor,Coating Only (Close Up)/IMG_9893 2.JPG,m/34ed71049152.jpg
40a50fb0de31,photo,Roller applying clear coat over flake floor,Close up of a roller applying clear topcoat over a tan and brown full flake floor coating,not_visible,full_flake,,,,"tan, brown and black chips, medium size, partly wet with fresh clear coat",close_up,,,,4,False,close up; roller; clear coat; topcoat; full flake; tan chips; brown chips; black chips; in progress; wet floor,Coating Only (Close Up)/IMG_DDAE8291EE49-1.jpeg,m/40a50fb0de31.jpg
40bc33fe6027,photo,Glossy brown full flake floor close up,"Close up of a glossy brown full flake floor with tan and black chips in a residential interior, full flake floor coating",interior_room,full_flake,,,,"warm brown base with tan, brown and black chips, small to medium size",close_up,residential,,,4,True,full flake; close up; glossy; brown chips; tan chips; black chips; interior floor; clear coat; reflection,Coating Only (Close Up)/IMG_FE89A83C2537-1.jpeg,m/40bc33fe6027.jpg
6aeef20fc2ac,photo,Close up of tan full flake floor,"Close up of a glossy full flake floor with tan, black and white chips in an unfinished room",not_visible,full_flake,,,,"tan base with black, white, brown and gray chips, small to medium size",close_up,,,,4,True,full flake; close up; tan chips; black chips; flake floor coating; glossy finish; unfinished room; wood framing,Coating Only (Close Up)/Octillo.JPG,m/6aeef20fc2ac.jpg
8bb1f86a5228,photo,Commercial shop with gray full flake floor,"Large commercial workshop with glossy gray full flake floor coating, overhead doors and open bays",commercial_or_industrial,full_flake,,,,"gray, white and black chips, small to medium size",finished,commercial,,,4,True,commercial; full flake; gray chips; workshop; garage doors; glossy floor; wide shot; finished,Commercial/0E8B5D7C-091A-41E2-BE73-B74240828CFB.JPG,m/8bb1f86a5228.jpg
a288de508bf2,photo,Commercial hallway with gray full flake floor,Commercial hallway with glossy gray speckled full flake floor coating and wooden doors along the walls,commercial_or_industrial,full_flake,,,,"gray, black and white chips, small to medium size",finished,commercial,,,4,True,commercial; hallway; full flake; gray floor; black and white chips; glossy; office; finished floor,Commercial/6B649AD4-21BA-4236-A70E-492160BDFD9E.JPG,m/a288de508bf2.jpg
1a0ecaa348b7,photo,Commercial warehouse with gray full flake floor,"Large commercial warehouse with glossy gray full flake floor, roll-up doors and mezzanine stairs",commercial_or_industrial,full_flake,,,,"small gray, white and light tan chips, speckled gray overall",finished,commercial,,,4,True,commercial; warehouse; full flake; gray floor; roll-up doors; glossy; industrial; finished floor,Commercial/70B6BC93-EDA8-4B0C-B4B9-9BBBB1815B54.JPG,m/1a0ecaa348b7.jpg
5fe3e034fef5,photo,Commercial shop with tan and gray flake floor,"Commercial auto shop interior with a light gray and tan full flake floor coating, counter and overhead door",commercial_or_industrial,full_flake,,,,"light gray base with tan, brown and black chips, medium size",finished,commercial,,,4,False,commercial; auto shop; full flake; tan chips; gray chips; overhead door; service counter; finished floor; garage door,Commercial/9033BA9E-8DA5-4079-B503-F12C4F3590F0.JPG,m/5fe3e034fef5.jpg
d756efd17fef,photo,Commercial restroom hallway with light tan flake floor,Glossy light tan full flake floor in a commercial hallway with restroom doorway and fluorescent lighting,commercial_or_industrial,full_flake,,,,"light tan and cream chips with fine dark specks, small chip size",finished,commercial,,,4,True,commercial floor; full flake; tan chips; restroom hallway; hallway; glossy finish; finished floor; interior,Commercial/D894065A-E0B9-4D4C-956A-BD84FC98AD0E.JPG,m/d756efd17fef.jpg
df1946b58845,photo,Commercial interior with tan full flake floor,"Interior room with a glossy tan full flake floor, brown walls, framed photos and carpeted stairs. Full flake floor coating.",interior_room,full_flake,,,,"tan base with brown, black and white chips, small to medium size",finished,commercial,,,4,True,full flake; tan chips; brown chips; commercial floor; interior; glossy; stairs; framed photos; finished floor,Commercial/DC554627-5961-4020-8ED2-DE20CC93A9BC.JPG,m/df1946b58845.jpg
68ce151f91f7,photo,Commercial space with gray solid color floor,Large commercial space with glossy gray solid color concrete floor coating and exposed ceiling,commercial_or_industrial,solid_color,,,,flat light gray coating with no chips,finished,commercial,,,4,True,commercial floor; gray floor; solid color; glossy coating; exposed ceiling; storage shelves; finished,Commercial/DF636E61-9562-4967-AEB2-F29D83C5876A.JPG,m/68ce151f91f7.jpg
37882fb9f4db,photo,Commercial lobby with light gray flake floor,"Commercial lobby with a glossy light gray full flake floor, large windows and entry doors, commercial floor coating",commercial_or_industrial,full_flake,,,,"light gray and tan fine chips with black and white specks, small size",finished,commercial,,,4,True,commercial; lobby; full flake; light gray chips; fine chips; glossy floor; storefront windows; entry doors; finished floor,Commercial/E1C5EB6C-EEA8-45C0-A929-11BCC67909EB.JPG,m/37882fb9f4db.jpg
20184303d44e,photo,Commercial garage with solid gray green floor,Large commercial garage with glossy solid gray green coated floor and open overhead doors,commercial_or_industrial,solid_color,,,,"flat gray green coating, no chips",finished,commercial,,,4,True,commercial; garage; solid color; gray floor; glossy; overhead doors; large space; finished floor,Commercial/EDBB34EA-E719-4DE2-B632-24F321C7A1D5.JPG,m/20184303d44e.jpg
007e50d64ad4,photo,Commercial shop floor with gray full flake coating,Low angle view of a glossy gray full flake coated floor in a commercial shop with workbenches and two people in the background,commercial_or_industrial,full_flake,,,,"gray, black and tan chips, medium size, glossy clear coat",finished,commercial,,,4,True,commercial floor; full flake; gray chips; glossy floor; workshop; low angle; garage door; finished floor,Commercial/F06783A0-6190-4C47-A44A-F586BDF38877.jpg,m/007e50d64ad4.jpg
42f47d5bef02,photo,Commercial restroom with gray full flake floor,Commercial restroom with corrugated metal walls and gray full flake concrete floor coating,commercial_or_industrial,full_flake,,,,"gray, white and black chips, medium size",finished,commercial,,2022-02-21,4,True,commercial restroom; full flake; gray chips; corrugated metal walls; sinks; finished floor; gray white black chips; low angle; bathroom,Commercial/IMG_0283.JPG,m/42f47d5bef02.jpg
eb5d1643f383,photo,Gray solid color commercial floor coating,"Smooth gray coated concrete floor in a commercial room with white walls, solid color floor coating",commercial_or_industrial,solid_color_chip,,,,flat medium gray coating with no visible chips,finished,commercial,,,3,False,solid color; gray floor; commercial; interior floor; glossy finish; concrete coating; finished floor,Commercial/IMG_0629.jpeg; Solid Color Chip/IMG_0629.jpeg,m/eb5d1643f383.jpg
8d338a06ca30,photo,Commercial room with solid gray coated floor,Glossy light gray coated concrete floor in a commercial room beside carpeted stairs with paint cans,commercial_or_industrial,solid_color_chip,,,,"plain light gray floor, no chips visible at this distance",finished,commercial,,,3,False,commercial floor; gray floor; solid color chip; glossy coating; interior room; stairs; concrete coating,Commercial/IMG_0630.jpeg; Solid Color Chip/IMG_0630.jpeg,m/8d338a06ca30.jpg
119d1247f761,photo,Gray commercial floor with floor drain,Gray solid color chip floor in a commercial room with a floor drain and white baseboards,commercial_or_industrial,solid_color_chip,,,,"uniform light gray surface, chips not distinguishable at this distance",finished,commercial,,,3,False,commercial floor; gray floor; solid color chip; floor drain; interior; finished floor; coated concrete,Commercial/IMG_0631.jpeg; Solid Color Chip/IMG_0631.jpeg,m/119d1247f761.jpg
9293823c36ab,photo,Commercial room with glossy gray coated floor,"Commercial room with glossy light gray coated concrete floor, shelving and support posts visible",commercial_or_industrial,solid_color,,,,uniform light gray glossy coating with no chips,finished,commercial,,,4,True,commercial floor; solid color coating; gray floor; glossy finish; indoor room; shelving; finished floor,Commercial/IMG_0764.PNG,m/9293823c36ab.jpg
4b6e614f31bf,photo,Bathroom with solid tan coated floor,"Bathroom with glossy solid tan coated concrete floor, glass shower and wood vanity",commercial_or_industrial,solid_color,,,,"solid light tan coating, no chips",finished,commercial,,,3,False,bathroom; solid color floor; tan floor; glossy coating; shower; vanity; commercial,Commercial/IMG_0765.JPG,m/4b6e614f31bf.jpg
58bc3a3d52ab,photo,Commercial room with tan solid color floor,Glossy light tan solid color floor coating in a commercial room with white walls and door frames,commercial_or_industrial,solid_color,,,,"solid light tan or cream coating, glossy, no chips",finished,commercial,,,3,False,commercial; solid color; tan floor; glossy; interior; no chips; finished floor,Commercial/IMG_0766.JPG,m/58bc3a3d52ab.jpg
ff1e9f95a63f,photo,Commercial space with tan solid color floor,Glossy solid tan coated floor in a commercial room with rustic wood plank walls,commercial_or_industrial,solid_color,,,,"solid light tan coating with glossy finish, no chips",finished,commercial,,,3,False,commercial floor; solid color coating; tan floor; glossy finish; wood wall; interior; no chips,Commercial/IMG_0767.JPG,m/ff1e9f95a63f.jpg
0b25cac43885,photo,Commercial room with solid tan floor coating,Glossy solid tan coated concrete floor in a commercial room with wood panel walls,commercial_or_industrial,solid_color,,,,"solid light tan or cream coating, no chips visible",finished,commercial,,,3,False,solid color floor; tan coating; commercial floor; glossy finish; wood panel walls; indoor room,Commercial/IMG_0768.JPG,m/0b25cac43885.jpg
883f9fb8b0c5,photo,Glossy cream solid color floor in paneled commercial room,Glossy cream solid color coated floor in a wood paneled commercial room with a wood support post,commercial_or_industrial,solid_color,,,,"solid cream to light beige coating, no chips",finished,commercial,,,3,False,solid color; cream floor; commercial; wood paneling; support post; glossy finish; finished floor; interior,Commercial/IMG_0769.JPG,m/883f9fb8b0c5.jpg
4435c1ab83d4,photo,Commercial floor with glossy tan solid color coating,Glossy tan solid color coated floor in a commercial room with dark cabinets and wood plank wall,commercial_or_industrial,solid_color,,,,"flat tan beige coating, glossy, no chips",finished,commercial,,,3,False,commercial; solid color; tan floor; glossy; cabinets; wood wall; finished; interior,Commercial/IMG_0770.JPG,m/4435c1ab83d4.jpg
74c08924efb0,photo,Light gray flake floor in commercial space,Light gray flake floor coating in a commercial space with metal stud walls,commercial_or_industrial,full_flake,,,,light gray base with sparse small white and gray chips,finished,commercial,,,3,False,commercial floor; full flake; light gray; gray chips; metal studs; glossy; renovation; finished floor,Commercial/IMG_1622.HEIC,m/74c08924efb0.jpg
f1b7fd0078dd,photo,Glossy light gray flake floor in commercial space,"Glossy light gray coated concrete floor with fine speckle in a framed commercial space, full flake floor coating",commercial_or_industrial,full_flake,,,,light gray base with very fine light and dark speckle,finished,commercial,,,3,False,commercial floor; light gray; glossy floor; fine speckle; full flake; metal studs; framing; concrete coating,Commercial/IMG_1623.HEIC,m/f1b7fd0078dd.jpg
99fdec82b704,photo,Commercial utility room with glossy gray floor,"Commercial mechanical room with glossy light gray coated concrete floor, tanks and piping",commercial_or_industrial,solid_color,,,,"plain light gray coating, glossy, no visible chips",finished,commercial,Detroit,2020-12-11,4,True,commercial; gray floor; solid color; utility room; mechanical room; glossy floor; tanks; finished; industrial,Commercial/IMG_1710.jpg,m/99fdec82b704.jpg
0996e34fdf2f,photo,Commercial showroom with gray full flake floor,Glossy gray full flake floor in a commercial space with glass doors and a truck outside,commercial_or_industrial,full_flake,,,,"gray, white and black chips, small size",finished,commercial,Indianapolis,2019-02-11,4,True,commercial; full flake; gray chips; black chips; white chips; showroom; glass doors; glossy floor; finished,Commercial/IMG_1764.JPG; Commercial/IMG_4497.JPG,m/0996e34fdf2f.jpg
d2be275c460a,photo,Commercial lobby with gray full flake floor,"Gray, white and black full flake floor with coated stem wall under a green chair in a commercial space",commercial_or_industrial,full_flake,,,,"gray, white and black chips, small size",finished,commercial,Indianapolis,2019-02-12,4,True,commercial; full flake; gray chips; white chips; black chips; stem wall; green chair; lobby; finished floor; small chips,Commercial/IMG_1773.JPG,m/d2be275c460a.jpg
06475d1e1b84,photo,Commercial lobby bar with tan flake floor,"Commercial lobby with a wood front bar, green accent wall and tan full flake floor coating",commercial_or_industrial,full_flake,,,,"tan, brown and black chips, small to medium size, on a light base",finished,commercial,Indianapolis,2019-02-12,4,True,commercial; lobby; bar counter; full flake; tan chips; brown chips; green wall; finished floor; office,Commercial/IMG_1786.JPG,m/06475d1e1b84.jpg
506371dea9fe,photo,Commercial basement with gray full flake floor,"Open commercial basement room with gray, white and black full flake floor coating, support posts and exposed ceiling joists",commercial_or_industrial,full_flake,,,,"white, gray and black chips, small to medium size",finished,commercial,,,4,True,commercial; basement; full flake; gray chips; white chips; black chips; support posts; exposed ceiling; finished floor; glossy,Commercial/IMG_1789.JPG,m/506371dea9fe.jpg
39e483b21fa6,photo,Commercial cafeteria with gray full flake floor,Commercial break room with picnic tables and a gray full flake floor coating,commercial_or_industrial,full_flake,,,,"gray, white and black chips, small size",finished,commercial,,,4,True,commercial; full flake; gray chips; cafeteria; break room; picnic tables; cinder block wall; finished floor; institutional,Commercial/IMG_2126.JPG,m/39e483b21fa6.jpg
f6697cb31098,photo,Commercial room with gray full flake floor,"Gray full flake floor in a commercial room with fixed tables, benches and wall phones",commercial_or_industrial,full_flake,,,,"gray, white and black chips, small to medium size",finished,commercial,,,4,True,commercial; full flake; gray chips; locker room; tables; benches; finished floor; institutional,Commercial/IMG_2127.JPG,m/f6697cb31098.jpg
38215d1615fc,photo,Commercial hallway with gray full flake floor,Coated gray flake floor in a commercial hallway with cell doors and fixed tables,commercial_or_industrial,full_flake,,,,"gray base with fine white, gray and black chips, small size",finished,commercial,,,4,True,commercial floor; gray chips; full flake; hallway; institutional; tables and benches; cell doors; low sheen,Commercial/IMG_2128.JPG,m/38215d1615fc.jpg
45fd423a38fa,photo,Commercial hallway with light gray full flake floor,Long commercial hallway with cell doors and a light gray full flake floor coating,commercial_or_industrial,full_flake,,,,"light gray and white chips, small to medium size, overall pale gray look",finished,commercial,,,4,True,commercial; hallway; full flake; gray chips; institutional; lockers; doors; finished floor; corridor,Commercial/IMG_2129.JPG,m/45fd423a38fa.jpg
03a578fd6b48,photo,Commercial room with light gray flake floor,"Commercial interior room with a light gray full flake floor coating, wood door and wall plumbing visible",commercial_or_industrial,full_flake,,,,light gray and white fine chips with sparse dark specks on a light gray base,finished,commercial,,,3,False,commercial; full flake; light gray; white chips; gray chips; interior room; glossy floor; wood door; finished floor,Commercial/IMG_2332.JPG,m/03a578fd6b48.jpg
0ebe10a8f0f1,photo,Commercial room with solid gray coated floor,"Commercial room with white paneled walls, electrical panels and a glossy solid gray coated concrete floor",commercial_or_industrial,solid_color,,,,"solid light gray coating, no chips",finished,commercial,,,4,True,commercial; solid color floor; gray floor; electrical panels; white walls; glossy finish; warehouse; finished floor,Commercial/IMG_2335.JPG,m/0ebe10a8f0f1.jpg
900bf8e3b939,photo,Commercial floor being coated with gray chip system,Worker pushing a roller across a wet gray chip floor in a large white commercial space with open ceiling panels; commercial floor coating,commercial_or_industrial,full_flake,,,,light gray base with sparse small black chips,in_progress,commercial,,,3,False,commercial floor; gray coating; black chips; wet floor; roller; in progress; warehouse; open ceiling,Commercial/IMG_2336.JPG,m/900bf8e3b939.jpg
de3c4ba426bc,photo,Commercial room with gray full flake floor,"Commercial room with blue walls and a gray full flake epoxy floor, full flake commercial floor coating",commercial_or_industrial,full_flake,,,,"gray, white and black chips, small to medium size",finished,commercial,Indianapolis,2019-04-29,4,True,full flake; commercial floor; gray chips; blue walls; interior room; epoxy floor; finished floor; gray floor,Commercial/IMG_2829.JPG,m/de3c4ba426bc.jpg
a5ecd5915b74,photo,Commercial room with gray full flake floor,Gray full flake coated floor in a commercial room with blue walls and black baseboard,commercial_or_industrial,full_flake,,,,"fine gray, white and black chips, small size",finished,commercial,Indianapolis,2019-04-29,4,True,commercial floor; full flake; gray chips; fine flake; blue wall; black baseboard; finished floor; garage floor coating alternative,Commercial/IMG_2831.JPG,m/a5ecd5915b74.jpg
bc56e1f08705,photo,Conference room with gray full flake floor,Office conference room with black chairs on a gray full flake epoxy floor coating in a commercial setting,commercial_or_industrial,full_flake,,,,"light gray base with small gray, white and black chips",finished,commercial,Indianapolis,2019-04-29,4,True,commercial; conference room; office chairs; full flake; gray floor; gray chips; finished floor; interior,Commercial/IMG_2833.JPG,m/bc56e1f08705.jpg
ff3547f58aab,photo,Gray full flake floor next to blue wall,"Gray full flake floor beside a blue wall in a commercial space, full flake floor coating",commercial_or_industrial,full_flake,,,,"fine gray, white and black chips",finished,commercial,Indianapolis,2019-04-29,3,False,gray flakes; blue wall; commercial floor; full flake; fine chips; sun glare; glossy,Commercial/IMG_2834.JPG,m/ff3547f58aab.jpg
b30fb65da87f,photo,Auto shop with light gray solid color floor,Light gray solid color epoxy floor in a commercial auto shop with vehicle lifts,commercial_or_industrial,solid_color,,,,,finished,commercial,,,4,True,commercial; auto shop; vehicle lifts; solid color; light gray floor; garage doors; glossy,Commercial/IMG_2929.JPG,m/b30fb65da87f.jpg
f7d531bb3ab9,photo,Auto shop with gray solid color coated floor,"Auto repair shop floor coated in smooth gray solid color coating with blue car lifts, solid color commercial floor coating",commercial_or_industrial,solid_color,,,,"flat light gray coating, no chips",finished,commercial,,,4,True,commercial; auto shop; car lifts; solid gray floor; block walls; smooth finish; garage equipment,Commercial/IMG_2930 2.JPG,m/f7d531bb3ab9.jpg
8bdc8d3e5fd3,photo,Commercial kitchen with tan full flake floor,"Commercial kitchen with tan, brown and black full flake floor coating between stainless refrigerators and shelving",commercial_or_industrial,full_flake,,,,"tan base with brown, black and white chips, small to medium size",finished,commercial,,,3,False,commercial kitchen; full flake; tan chips; brown chips; stainless steel; refrigerators; restaurant floor; slip resistant flake; food service,Commercial/IMG_3766 2.JPG,m/8bdc8d3e5fd3.jpg
51e19abe06a1,photo,Commercial entryway with light gray full flake floor,Glossy full flake floor in a commercial building entry near a stairway and glass double doors.,commercial_or_industrial,full_flake,,,,"light gray, tan and white chips, small to medium size",finished,commercial,,,3,False,commercial; entryway; full flake; gray chips; tan chips; glossy finish; stairs; glass doors,Commercial/IMG_3776.JPG,m/51e19abe06a1.jpg
40cdc74b08b8,photo,Commercial entryway with gray full flake floor,"Commercial building entryway with a gray full flake floor coating, brick walls and black and yellow door",commercial_or_industrial,full_flake,,,,"gray, white, black and tan chips, small to medium size",finished,commercial,,,3,False,commercial; entryway; full flake; gray chips; tan chips; brick wall; door; glossy; finished floor,Commercial/IMG_3777.JPG,m/40cdc74b08b8.jpg
63791d4ee694,photo,Commercial hallway with gray full flake floor,Commercial hallway with gray full flake floor coating and matching flake stem walls along brick walls,commercial_or_industrial,full_flake,,,,"gray, white and black chips, small to medium size, darker chips on stem wall",finished,commercial,,,4,True,commercial; hallway; full flake; gray chips; stem wall; brick walls; glossy; school hallway; finished floor,Commercial/IMG_3787.JPG,m/63791d4ee694.jpg
581385bd9e71,photo,Commercial entryway with gray full flake floor,"Gray full flake coated floor at a commercial building entry with open doors and brick walls, full flake floor coating",commercial_or_industrial,full_flake,,,,"gray, white and black chips, small to medium size",finished,commercial,,,4,True,commercial; entryway; full flake; gray chips; white chips; black chips; brick walls; glass doors; finished floor,Commercial/IMG_3857.JPG,m/581385bd9e71.jpg
b777ce6c0d84,photo,Commercial shop with gray full flake floor,"Large commercial workshop with glossy gray full flake floor coating, roll-up doors and staircase",commercial_or_industrial,full_flake,,,,"gray, white and black chips, small to medium size",finished,commercial,,2022-02-21,4,True,commercial; workshop; full flake; gray chips; glossy floor; roll-up doors; industrial; finished floor; wide open space,Commercial/IMG_3964.JPG,m/b777ce6c0d84.jpg
f1ba3354e30a,photo,Commercial hallway with gray full flake floor,Long commercial hallway with glossy gray full flake floor coating and wood doors along the walls.,commercial_or_industrial,full_flake,,,,"light gray, white and black chips, small to medium size",finished,commercial,Cincinnati,2021-12-30,4,True,commercial; hallway; full flake; gray chips; glossy floor; interior corridor; office floor; finished floor,Commercial/IMG_4035.HEIC,m/f1ba3354e30a.jpg
5cf197fa618c,photo,Commercial hallway with gray full flake floor,"Commercial hallway with gray full flake floor coating, dark border and wood doors",commercial_or_industrial,full_flake,,,,"gray, white and black chips, small to medium size",finished,commercial,Cincinnati,2021-12-30,4,True,commercial; hallway; full flake; gray chips; border; doors; office; finished floor,Commercial/IMG_4036.HEIC,m/5cf197fa618c.jpg
dbd02e11828b,photo,Office hallway with gray full flake floor,Commercial office hallway with a glossy gray full flake epoxy floor coating and office desk visible through doorway,commercial_or_industrial,full_flake,,,,"gray, white and black fine chips, small size",finished,commercial,Cincinnati,2021-12-30,4,True,commercial; hallway; office; full flake; gray chips; glossy floor; finished floor; interior,Commercial/IMG_4037.HEIC,m/dbd02e11828b.jpg
266e2514a905,photo,Commercial hallway with gray full flake floor,Commercial hallway with gray and black full flake floor coating,commercial_or_industrial,full_flake,,,,"gray, white and black chips, fine to medium size",finished,commercial,Cincinnati,2021-12-30,4,True,commercial hallway; full flake; gray chips; office corridor; reflective floor; doors; coated concrete floor,Commercial/IMG_4038.HEIC,m/266e2514a905.jpg
68fb94e3f92c,photo,Commercial hallway with gray full flake floor,Commercial hallway with glossy gray full flake floor coating and gray cove base,commercial_or_industrial,full_flake,,,,"gray, white and black chips, small to medium size",finished,commercial,Cincinnati,2021-12-30,4,False,commercial; hallway; full flake; gray chips; cove base; glossy; office; finished floor,Commercial/IMG_4039.HEIC,m/68fb94e3f92c.jpg
bab07cdf49ca,photo,Commercial hallway with gray full flake floor,"Long commercial hallway with a glossy gray full flake floor coating, wood doors and restrooms sign",commercial_or_industrial,full_flake,,,,"gray, white and black chips, small to medium size",finished,commercial,Cincinnati,2021-12-30,4,True,commercial; hallway; full flake; gray chips; white chips; black chips; glossy; office corridor; finished floor,Commercial/IMG_4040.HEIC,m/bab07cdf49ca.jpg
c4e77de96dcb,photo,Gray full flake floor in office hallway,"Worker applying clear topcoat over a gray full flake floor in an office hallway, full flake commercial floor coating",commercial_or_industrial,full_flake,,,,"gray base with black, white and light gray chips, small to medium size",in_progress,commercial,Cincinnati,2021-12-30,4,True,full flake; commercial floor; office hallway; gray chips; black chips; clear topcoat; glossy; crew working; desk,Commercial/IMG_4044.HEIC,m/c4e77de96dcb.jpg
b6d4126d9379,photo,Worker sealing gray flake floor in office hallway,"Worker clear-coating a gray full flake floor in a commercial office hallway, full flake commercial floor coating",commercial_or_industrial,full_flake,,,,"gray, white and black chips, medium size, glossy clear coat",in_progress,commercial,Cincinnati,2021-12-30,3,False,commercial; hallway; office; full flake; gray chips; clear coat; in progress; roller; wet look; glossy floor,Commercial/IMG_4045.HEIC,m/b6d4126d9379.jpg
391152d478eb,photo,Commercial hallway with gray full flake floor,Long commercial hallway with a glossy gray full flake floor coating and wood doors,commercial_or_industrial,full_flake,,,,"gray, white and black chips, small to medium size",finished,commercial,Cincinnati,2021-12-30,4,True,commercial; hallway; full flake; gray chips; glossy floor; office corridor; gray white black chips; finished floor,Commercial/IMG_4047.HEIC,m/391152d478eb.jpg
843709054a2b,photo,Commercial room with gray full flake floor,"Gray full flake floor in a commercial room with doorway transition to brown carpet, full flake floor coating",commercial_or_industrial,full_flake,,,,"light gray base with white, gray and black chips, small to medium size",finished,commercial,Cincinnati,2021-12-30,4,True,commercial floor; full flake; gray chips; white chips; black chips; doorway; carpet transition; finished floor; interior,Commercial/IMG_4048.HEIC,m/843709054a2b.jpg
dce3cd37c0bb,photo,Commercial hallway with gray full flake floor,Gray and black full flake floor in a commercial hallway with carpeted doorway,commercial_or_industrial,full_flake,,,,"gray, black and white chips, small to medium size",finished,commercial,Cincinnati,2021-12-30,4,True,commercial floor; full flake; gray chips; black and white chips; hallway; doorway; carpet transition; glossy finish; interior,Commercial/IMG_4049.HEIC,m/dce3cd37c0bb.jpg
415342eef09a,photo,Commercial hallway with gray full flake floor,Crew member coating a commercial hallway floor with gray full flake garage floor coating,commercial_or_industrial,full_flake,,,,"gray, white and black chips, small to medium size",in_progress,commercial,Cincinnati,2021-12-30,3,False,commercial; hallway; full flake; gray chips; crew working; office corridor; flake floor; wet clear coat,Commercial/IMG_4051.HEIC,m/415342eef09a.jpg
2a13b168393a,photo,Commercial hallway with gray full flake floor,"Commercial hallway with gray, white and black full flake floor coating, wood door and fire extinguisher",commercial_or_industrial,full_flake,,,,"gray, white and black chips, small to medium size",finished,commercial,Cincinnati,2021-12-30,4,True,commercial; hallway; full flake; gray chips; white chips; black chips; glossy; office corridor; finished floor,Commercial/IMG_4052.HEIC,m/2a13b168393a.jpg
4eb18de37eef,photo,Commercial hallway with gray full flake floor,"Commercial hallway with a glossy gray full flake floor coating, door and fire extinguisher visible",commercial_or_industrial,full_flake,,,,"gray, white and black chips, small to medium size",finished,commercial,Cincinnati,2021-12-30,4,True,commercial; hallway; full flake; gray chips; glossy floor; office corridor; fire extinguisher; finished floor,Commercial/IMG_4054.HEIC,m/4eb18de37eef.jpg
0c4713b38374,photo,Commercial hallway with gray full flake floor,"Commercial hallway with a glossy gray full flake floor coating, dark flake cove base, door and fire extinguisher",commercial_or_industrial,full_flake,,,,"light gray base with white, gray and black chips, small to medium size",finished,commercial,Cincinnati,2021-12-30,4,True,commercial; hallway; full flake; gray chips; white chips; black chips; cove base; glossy; office corridor; finished floor,Commercial/IMG_4055.HEIC,m/0c4713b38374.jpg
362ac2debf8c,photo,Commercial hallway with gray full flake floor,"Long commercial hallway with a glossy gray, white and black full flake floor coating and wood doors",commercial_or_industrial,full_flake,,,,"gray, white and black chips, small to medium size",finished,commercial,Cincinnati,2021-12-30,4,True,commercial; hallway; full flake; gray chips; white chips; black chips; glossy floor; finished floor; office corridor,Commercial/IMG_4056.HEIC,m/362ac2debf8c.jpg
cd5aa043ea1e,photo,Commercial room with tan full flake floor,"Commercial interior with a tan, brown and black full flake floor, taped door and wall outlet, full flake floor coating",commercial_or_industrial,full_flake,,,,"tan and brown chips with black flecks, medium size",finished,commercial,,,3,False,commercial; full flake; tan chips; brown chips; black chips; finished floor; interior; speckled floor,Commercial/IMG_4064.PNG,m/cd5aa043ea1e.jpg
22c2999e62be,photo,Commercial room with blue-gray full flake floor,"Feet at the edge of a blue, gray and black full flake floor against a white block wall in a commercial space",commercial_or_industrial,full_flake,,,,"blue, gray, black and white chips, fine size",finished,commercial,Indianapolis,2021-12-31,3,False,commercial floor; full flake; blue chips; gray chips; black chips; fine flake; block wall; finished floor,Commercial/IMG_4069.HEIC,m/22c2999e62be.jpg
566654e0f2ab,photo,Commercial hallway with gray full flake floor,"Commercial hallway with gray, black and white full flake floor coating between painted block walls",commercial_or_industrial,full_flake,,,,"gray, black and white chips, small to medium size",finished,commercial,Indianapolis,2021-12-31,4,True,commercial hallway; full flake; gray black white chips; block walls; corridor floor; flake floor coating; speckled floor,Commercial/IMG_4070.HEIC,m/566654e0f2ab.jpg
1b7c57f6a795,photo,Retail store aisle with tan full flake floor,"Full flake epoxy floor in a retail store aisle with a wire rack of paper towels, commercial floor coating",commercial_or_industrial,full_flake,,,,"small tan, brown and black chips with some gray, fine size",finished,commercial,Detroit,2022-01-03,4,True,commercial floor; retail store; full flake; tan chips; brown chips; store aisle; finished floor; glossy; paper goods rack,Commercial/IMG_4168.HEIC,m/1b7c57f6a795.jpg
6a8679af4527,photo,Commercial floor with tan full flake coating,"Commercial space with tan full flake floor, rolling cart of paper products and person standing nearby",commercial_or_industrial,full_flake,,,,"tan, gray, brown and black chips, small to medium size",finished,commercial,Detroit,2022-01-03,4,True,commercial floor; full flake; tan chips; gray chips; retail floor; paper goods cart; finished floor; epoxy flake,Commercial/IMG_4169.HEIC,m/6a8679af4527.jpg
a7a3cc58f4b4,photo,Commercial room with light gray full flake floor,Light gray full flake floor coating in a commercial room with metal shelving along the wall,commercial_or_industrial,full_flake,,,,"light gray base with small gray, white and black chips",finished,commercial,Detroit,2022-01-03,3,False,commercial floor; full flake; gray chips; light gray floor; glossy finish; shelving; small chips; finished floor,Commercial/IMG_4170.HEIC,m/a7a3cc58f4b4.jpg
d0b93104ef3e,photo,Commercial workspace with gray full flake floor,"Commercial workspace with gray full flake epoxy floor, block walls and tool storage, full flake floor coating",commercial_or_industrial,full_flake,,,,"gray base with black, white and gray chips, small to medium size",finished,commercial,Detroit,2022-01-03,4,True,commercial floor; full flake; gray floor; black and white chips; workshop; block walls; epoxy floor; finished floor,Commercial/IMG_4171.HEIC,m/d0b93104ef3e.jpg
2f9dcf169aeb,photo,Commercial space with gray full flake floor,Gray full flake floor coating in a commercial space with cinder block walls and pallet racking,commercial_or_industrial,full_flake,,,,"gray, white and black chips, small to medium size",finished,commercial,Detroit,2022-01-03,4,True,commercial floor; full flake; gray chips; cinder block walls; pallet rack; glossy finish; finished floor; warehouse,Commercial/IMG_4172.HEIC,m/2f9dcf169aeb.jpg
58ed99a51006,photo,Low angle view of gray flake commercial floor,"Glossy gray flake coated floor in a commercial workshop with overhead doors, full flake commercial floor coating",commercial_or_industrial,full_flake,,,,"gray, white and black chips with light tan accents, medium size",finished,commercial,Detroit,2022-01-03,3,False,commercial floor; full flake; gray chips; glossy finish; workshop; overhead doors; low angle; flake floor,Commercial/IMG_4174.HEIC,m/58ed99a51006.jpg
10fe19e354a2,photo,Low angle of commercial full flake floor,Low angle view of a glossy gray full flake floor in a commercial workshop with overhead lights and workbenches,commercial_or_industrial,full_flake,,,,"gray base with scattered tan and brown chips, small to medium size",finished,commercial,Detroit,2022-01-03,4,True,commercial; full flake; gray floor; tan chips; glossy; low angle; workshop; overhead lighting; finished floor,Commercial/IMG_4175.HEIC,m/10fe19e354a2.jpg
527592fef20d,photo,Commercial warehouse with glossy gray flake floor,"Low angle view of a glossy gray full flake coated floor in a commercial warehouse, full flake commercial floor coating",commercial_or_industrial,full_flake,,,,"gray base with tan, brown and white chips, medium size",finished,commercial,Detroit,2022-01-03,4,True,commercial; warehouse; full flake; gray chips; tan chips; glossy; low angle; large space; overhead lights; finished floor,Commercial/IMG_4176.HEIC,m/527592fef20d.jpg
ffe70a7422f9,photo,Commercial restroom with gray full flake floor,Commercial restroom with gray full flake floor coating around toilet and floor drain,commercial_or_industrial,full_flake,,,,"light gray base with small gray, white and black chips",finished,commercial,Detroit,2022-01-03,3,False,full flake; commercial; restroom; bathroom; floor drain; gray chips; toilet; cinder block walls,Commercial/IMG_4178.HEIC,m/ffe70a7422f9.jpg
7efb57013e1a,photo,Commercial space with light gray full flake floor,Finished light gray full flake floor in a commercial room with blue shelving and hallway view,commercial_or_industrial,full_flake,,,,"small gray, tan and white chips on a light gray base",finished,commercial,,,4,True,commercial floor; full flake; gray chips; tan chips; glossy finish; interior; shelving; finished floor,Commercial/IMG_4797.JPG,m/7efb57013e1a.jpg
8b5fc7a2a52b,photo,Commercial hallway with gray flake floor,Low angle view of a glossy light gray flake floor in a commercial hallway with white walls and equipment,commercial_or_industrial,full_flake,,,,"light gray base with sparse white, black and gray chips, small size",finished,commercial,,,4,True,commercial; hallway; gray floor; full flake; glossy; white chips; black chips; industrial; finished floor,Commercial/IMG_4934.JPG,m/8b5fc7a2a52b.jpg
fe83ab32754e,photo,Commercial restroom with blue and yellow flake floor,"Commercial restroom with blue and yellow full flake floor coating carried up the wall, wood door and baby changing station",commercial_or_industrial,full_flake,,,,"blue, yellow and white chips over dark blue base, small to medium size",finished,commercial,,,4,True,commercial; restroom; full flake; blue chips; yellow chips; cove wall; glossy; changing station; finished floor,Commercial/IMG_4990 (1).JPG,m/fe83ab32754e.jpg
b808c05d51ab,photo,Commercial hallway with glossy gray coated floor,"Long commercial hallway with white block walls, dark doors and a glossy light gray solid color floor coating",commercial_or_industrial,solid_color,,,,"smooth glossy light gray coating, no chips",finished,commercial,,,4,True,commercial; hallway; gray floor; solid color; glossy; corridor; institutional; interior; reflective floor,Commercial/IMG_5054.JPG,m/b808c05d51ab.jpg
6feb37638173,photo,Sheriff office lobby with light gray solid color floor,Sheriff office front desk and lobby with glossy light gray solid color concrete floor coating,commercial_or_industrial,solid_color,,,,"light gray solid coating, no chips, glossy finish",finished,commercial,,,4,False,commercial floor; sheriff office; gray floor; solid color; glossy; lobby; office interior; white walls,Commercial/IMG_5055 2.JPG,m/6feb37638173.jpg
68adb2f84d68,photo,Commercial restroom with blue and yellow flake floor,"Commercial restroom with glossy blue, yellow and black full flake floor coating up the wall and a baby changing station",commercial_or_industrial,full_flake,,,,"blue, yellow and black chips with white accents, small to medium size",finished,commercial,,,4,True,commercial; restroom; full flake; blue chips; yellow chips; wall flake; cove base; glossy; baby changing station; finished floor,Commercial/IMG_5073.JPG,m/68adb2f84d68.jpg
44a0c4dd1df4,photo,Commercial restroom with blue full flake floor,"Commercial restroom with blue full flake epoxy floor, urinal, sink and stall dividers",commercial_or_industrial,full_flake,,,,"small white, tan and gray chips over a dark blue base, full broadcast",finished,commercial,,,3,False,commercial; restroom; full flake; blue floor; epoxy floor; bathroom floor; stalls; sink; finished,Commercial/IMG_5074.JPG,m/44a0c4dd1df4.jpg
9192bafc2595,photo,Commercial room with black full flake floor,"Commercial interior with a glossy black full flake floor, white doors and a mounted deer head on a post",commercial_or_industrial,full_flake,,,,"black base with small white and gray chips, fine speckle",finished,commercial,,,4,True,commercial; full flake; black floor; white and gray chips; glossy; interior; finished floor; doors; taxidermy,Commercial/IMG_5075.JPG,m/9192bafc2595.jpg
78f1176abe57,photo,Commercial room with gray full flake floor,"Commercial utility room with gray full flake floor coating, water heater and mop sink",commercial_or_industrial,full_flake,,,,"light gray base with small gray, white and black chips",finished,commercial,Detroit,2019-08-21,4,True,commercial; full flake; gray floor; utility room; water heater; mop sink; finished floor; flake coating,Commercial/IMG_5359.JPG,m/78f1176abe57.jpg
7a122cd6056f,photo,Commercial shop room with gray flake floor,Commercial work room with green machinery on a light gray full flake floor coating,commercial_or_industrial,full_flake,,,,"small gray, white and black chips, light gray overall look",finished,commercial,Detroit,2019-08-21,4,True,commercial floor; full flake; gray chips; workshop; machinery; finished floor; industrial room; gray floor,Commercial/IMG_5362.JPG,m/7a122cd6056f.jpg
5d913cc1ac28,photo,Commercial lobby with tan full flake floor,Glossy tan full flake floor in a commercial entry with a stairway and mirrored wall,commercial_or_industrial,full_flake,,,,"tan and brown fine chips on a brown base, glossy finish",finished,commercial,,,4,True,commercial floor; full flake; tan floor; brown chips; glossy finish; lobby; stairs; finished floor; interior,Commercial/IMG_6898.JPG,m/5d913cc1ac28.jpg
9babbf81efc9,photo,Commercial room with gray full flake floor,"Commercial room with glossy gray flake floor coating, white block walls, doors and a wall AC unit",commercial_or_industrial,full_flake,,,,"gray base with black, white and light gray chips, medium size",finished,commercial,,,3,False,commercial; full flake; gray floor; black and white chips; glossy; interior room; cinder block walls; finished floor,Commercial/IMG_6905.JPG,m/9babbf81efc9.jpg
b1a332a18c8c,photo,Commercial room with gray full flake floor,Glossy gray full flake floor coating in a commercial room with white walls and an open door,commercial_or_industrial,full_flake,,,,"gray base with white, black and light gray chips, small to medium size",finished,commercial,,,4,True,commercial floor; full flake; gray chips; glossy finish; interior room; white walls; finished floor; gray epoxy,Commercial/IMG_6906.JPG,m/b1a332a18c8c.jpg
8fc4e0136e66,photo,Gray full flake floor in commercial space,"Gray full flake epoxy floor in a commercial room with carpet tile edge, cabinets and fire extinguisher",commercial_or_industrial,full_flake,,,,"light gray base with white, gray and black chips, small size",finished,commercial,,,4,True,commercial floor; full flake; gray chips; glossy; carpet tile; cabinets; fire extinguisher; finished; office floor,Commercial/IMG_7787.JPG,m/8fc4e0136e66.jpg
8ce46b6291f4,photo,Auto shop with gray coated floor and yellow stripe,"Commercial auto repair shop with a glossy gray coated concrete floor and yellow safety stripe, lifts and vehicles in background",commercial_or_industrial,solid_color,,,,"light gray floor with no visible chips, glossy finish",finished,commercial,Outside markets,2021-10-17,4,True,commercial floor; auto shop; gray floor; yellow stripe; glossy; solid color; car lift; service bay; finished floor,Commercial/IMG_7971.HEIC,m/8ce46b6291f4.jpg
2e655d702e14,photo,Commercial entrance with dark speckled flake floor,"Glossy dark flake coated floor at a commercial entrance with yellow corrugated wall, full flake floor coating",commercial_or_industrial,full_flake,,,,dark blue-gray base with very fine tan and yellow specks,finished,commercial,,,4,True,commercial; entrance; full flake; dark blue; fine speckles; glossy; yellow wall; outdoor floor,Commercial/IMG_9545.JPG,m/2e655d702e14.jpg
58bbc6db084c,photo,Commercial restroom with gray full flake floor,"Commercial restroom with corrugated metal walls, wall-mount sinks and a gray full flake garage floor coating",commercial_or_industrial,full_flake,,,,"gray, black and white chips, small to medium size",finished,commercial,,,4,True,commercial; restroom; full flake; gray chips; black chips; white chips; corrugated metal walls; sinks; finished floor,Commercial/IMG_EE1AC1191BA6-1.jpeg,m/58bbc6db084c.jpg
fe8fcb34b7a8,photo,Office lobby with gray metallic floor,"Office lobby with desk and glossy gray metallic epoxy floor, commercial concrete floor coating",commercial_or_industrial,metallic,,,,"gray metallic with subtle marbled swirls, no chips",finished,commercial,,2019-03-04,4,True,office; commercial floor; gray metallic; metallic epoxy; lobby; reception desk; reflective floor; interior,Commercial/OfficeGray.jpg,m/fe8fcb34b7a8.jpg
0aa375207a22,photo,Commercial hallway with gray solid color floor,Commercial hallway with glossy light gray solid color floor coating and classroom doors,commercial_or_industrial,solid_color,,,,"flat light gray coating, no chips",finished,commercial,,,4,True,commercial; hallway; solid color; gray floor; glossy; interior; finished; doors; classroom,Commercial/ReactNativeBlobUtilTmp_0yjfyc57arf52oc6h2on1u.jpg,m/0aa375207a22.jpg
3fdaae83826d,photo,Commercial room with glossy solid gray floor,"Glossy solid gray coated floor in a commercial room with chalkboard and windows, solid color floor coating",commercial_or_industrial,solid_color,,,,"solid light gray-tan coating, no chips, glossy finish",finished,commercial,,,4,True,commercial; solid color; gray floor; glossy; interior; school room; coated concrete; reflective floor,Commercial/ReactNativeBlobUtilTmp_t50abmm2vdn62fgz3wjzer.jpg,m/3fdaae83826d.jpg
7bca7c7d33fd,photo,Glossy gray solid color floor in commercial hallway,Glossy light gray solid color floor coating in a commercial hallway with block walls and wood doors,commercial_or_industrial,solid_color,,,,"light gray solid coating, no chips, high gloss finish",finished,commercial,,,4,True,commercial; hallway; solid color; gray floor; glossy; no chips; finished floor; concrete coating,Commercial/ReactNativeBlobUtilTmp_va6e9cemuaiebt87vmlddc.jpg,m/7bca7c7d33fd.jpg
403955bca88a,photo,Commercial hallway with glossy white epoxy floor,Long commercial hallway with a glossy white solid color epoxy floor reflecting ceiling lights and doors,commercial_or_industrial,solid_color,,,,"solid glossy white to very light gray floor, no chips visible",finished,commercial,,2018-10-12,5,True,commercial floor; hallway; white epoxy floor; solid color; glossy floor; high gloss; office corridor; reflective floor; interior,Commercial/Warehouse1.jpg,m/403955bca88a.jpg
9ceaf2be7b27,photo,Low angle of tan full flake garage floor edge,"Low-angle close-up of a tan full flake garage floor meeting bare concrete at the garage door, with cabinets and gas cans inside",garage,full_flake,,,,"tan, brown, black, gray and white chips, medium size",close_up,residential,,,4,True,crisp lines; full flake; garage floor; close up; floor edge; tan chips; black chips; crisp line; glossy; residential; garage door edge,Crisp Lines (Close Up)/0384E098-D10D-494E-93E2-8AAC3A79D47A.JPG,m/9ceaf2be7b27.jpg
721b4f2568a3,photo,Close up of gray full flake garage floor edge,"Close up of a gray, white and black full flake garage floor coating along the door edge",garage,full_flake,,,,"white, gray and black chips, medium size",close_up,residential,,,4,True,crisp lines; full flake; garage floor; close up; gray chips; black chips; white chips; floor edge; garage door; finished floor,Crisp Lines (Close Up)/90622999-B55E-426E-A1A4-48ED28E647FF.JPG,m/721b4f2568a3.jpg
c907fe748e5e,photo,Clean edge where flake floor meets stem wall,Close up of a tan full flake garage floor edge with a crisp line along the bare concrete stem wall,garage,full_flake,,,,"tan, brown and black chips, fine to medium size",close_up,residential,,,3,False,crisp lines; close up; full flake; edge detail; stem wall; tan chips; garage floor; clean edge,Crisp Lines (Close Up)/F37F0CB7-74AE-47F9-BC32-85AD2A0B1CAA.JPG,m/c907fe748e5e.jpg
b1014dab4c4e,photo,Close up of flake floor edge at open garage,"Close up of a full flake garage floor edge with tan, black and white chips beside an uncovered driveway strip",garage,full_flake,,,,"tan, brown, black, white and gray chips, medium size",close_up,residential,,2022-02-21,4,True,crisp lines; garage floor; full flake; close up; floor edge; tan chips; black chips; glossy; crisp line; driveway edge; open garage,Crisp Lines (Close Up)/IMG_0248.JPG,m/b1014dab4c4e.jpg
816148269dc4,photo,Garage floor edge where flake meets driveway,"Close up of gray full flake garage floor edge meeting bare concrete driveway, full flake garage floor coating",garage,full_flake,,,,"gray, white and black chips, small to medium size",close_up,residential,,,4,True,crisp lines; full flake; garage floor; close up; gray chips; black chips; white chips; floor edge; driveway transition; clean line,Crisp Lines (Close Up)/IMG_0779 2.JPG,m/816148269dc4.jpg
96de088a1c79,photo,Close-up of flake garage floor meeting driveway,Close-up of a tan and brown full flake garage floor with a crisp edge meeting the driveway.,garage,full_flake,,,,"tan and brown chips with black and gray specks, small to medium size",close_up,residential,,,4,True,crisp lines; garage floor; full flake; close up; crisp line; floor edge; tan chips; brown chips; driveway edge,Crisp Lines (Close Up)/IMG_0993.JPG,m/96de088a1c79.jpg
5eb851e04b46,photo,Close up of flake floor edge at garage entry,Close up of a tan and brown full flake garage floor edge meeting a gray strip at the garage opening,garage,full_flake,,,,"tan, brown, black and cream chips, small to medium size",close_up,residential,,,4,False,crisp lines; close up; full flake; garage floor; tan chips; brown chips; black chips; floor edge; garage entry,Crisp Lines (Close Up)/IMG_1685.JPG,m/5eb851e04b46.jpg
6f30e297eb21,photo,Full flake garage floor edge at driveway,"Low angle close up of a full flake garage floor coating with gray, black and tan chips meeting a bare concrete driveway",garage,full_flake,,,,"gray, black and white chips with scattered tan and gold accents, small to medium size",close_up,residential,,,4,True,crisp lines; full flake; garage floor; close up; gray black white chips; tan chips; driveway edge; crisp edge line; glossy finish; coated concrete,Crisp Lines (Close Up)/IMG_2166 2.JPG,m/6f30e297eb21.jpg
3a8caa0d27e5,photo,Crisp garage floor edge with gray flake coating,"Close up of a garage floor edge where a gray, black and rust flake coating meets bare concrete, full flake garage floor coating",garage,full_flake,,,,"gray, white and black chips with scattered rust orange accents, medium size",close_up,residential,,,4,True,crisp lines; garage; full flake; close up; floor edge; crisp line; gray chips; black chips; rust chips; coating edge,Crisp Lines (Close Up)/IMG_2166.JPG,m/3a8caa0d27e5.jpg
3b52a8517a76,photo,Flake floor edge meets cracked bare concrete,"Close up of a gray full flake coated floor edge meeting cracked bare concrete, showing a crisp coating line",not_visible,full_flake,,,,"fine gray, white and black chips, small size",close_up,,,,4,False,crisp lines; close up; full flake; floor edge; crisp line; gray chips; bare concrete; crack; contrast; edge detail,Crisp Lines (Close Up)/IMG_2762.PNG,m/3b52a8517a76.jpg
cd55d175fe22,photo,Close-up of gray full flake floor edge in garage,"Close-up of a black, white and gray full flake garage floor with a crisp edge where the coating meets the concrete, full flake garage floor coating",garage,full_flake,,,,"black, white and gray chips, small to medium size, speckled salt-and-pepper look",close_up,residential,,,4,True,crisp lines; full flake; close up; garage floor; crisp edge; black white gray chips; speckled; coating edge; clean lines,Crisp Lines (Close Up)/IMG_2771.JPG,m/cd55d175fe22.jpg
15d100bd0e16,photo,Close up of garage flake floor edge line,"Close up of a gray full flake garage floor meeting a sealed concrete driveway edge, full flake garage floor coating",garage,full_flake,,,,"gray, white and black chips with tan accents, medium size",close_up,residential,,,4,True,crisp lines; garage; full flake; close up; crisp line; gray chips; black chips; tan chips; floor edge; driveway edge; finished,Crisp Lines (Close Up)/IMG_2783 2.JPG,m/15d100bd0e16.jpg
ef106fb9e091,photo,Low angle garage full flake floor edge,"Low angle view of a gray full flake garage floor meeting the driveway edge, with grill and storage shelves. Full flake garage floor coating.",garage,full_flake,,,,"gray, white, black and light tan chips, medium size",close_up,residential,,,4,True,crisp lines; garage; full flake; gray chips; low angle; garage door edge; crisp line; grill; shelves; finished floor,Crisp Lines (Close Up)/IMG_3024.JPG,m/ef106fb9e091.jpg
b81add3a9c11,photo,Close-up of flake floor edge beside bare concrete,Close-up of a gray full flake floor coating with a crisp edge against bare concrete,not_visible,full_flake,,,,"gray base with white, black and gray chips and scattered tan and rust accents",close_up,,,2022-01-01,4,True,crisp lines; close up; full flake; coating edge; gray chips; tan chips; bare concrete; detail shot,Crisp Lines (Close Up)/IMG_4117 2.JPG,m/b81add3a9c11.jpg
41f057265413,photo,Close up of flake coating edge next to bare concrete,"Close up of gray, white and black full flake coating edge meeting bare concrete",not_visible,full_flake,,,,"gray, white and black chips with scattered small tan flecks, medium size",close_up,,,,4,True,crisp lines; close up; coating edge; full flake; gray chips; bare concrete; garage floor edge; flake detail,Crisp Lines (Close Up)/IMG_4802.JPG,m/41f057265413.jpg
d41d6be026d5,photo,Low angle of gray full flake garage floor,"Low angle close up of a gray, white and black full flake garage floor meeting bare concrete at the open garage door",garage,full_flake,,,,"gray, white and black chips, medium size",close_up,residential,,,4,True,crisp lines; garage; full flake; gray chips; black and white chips; low angle; garage door open; driveway edge; crisp line; finished floor; close up,Crisp Lines (Close Up)/IMG_5165.JPG,m/d41d6be026d5.jpg
cb5cdef39386,photo,Garage flake floor edge at driveway threshold,"Low angle close up of a gray full flake garage floor ending at the driveway, with bikes on the wall and a bucket outside",garage,full_flake,,,,"light gray base with white, gray and black chips, medium size",close_up,residential,,,4,True,crisp lines; garage; full flake; gray chips; floor edge; garage threshold; bikes; close up; finished floor,Crisp Lines (Close Up)/IMG_5209.JPG,m/cb5cdef39386.jpg
f93373d0280f,photo,Full flake floor edge meets broom concrete,"Close up of a full flake floor coating edge with tan, brown and red chips meeting broom finished concrete",not_visible,full_flake,,,,"tan, brown, black and rust red chips, medium size",close_up,,,,4,True,crisp lines; close up; full flake; crisp line; coating edge; tan chips; red chips; brown chips; broom concrete; expansion joint,Crisp Lines (Close Up)/IMG_5539.JPG,m/f93373d0280f.jpg
fc8ef93fcbf7,photo,Close up of garage full flake floor edge,"Close up of a glossy tan full flake garage floor coating at the garage door edge, with carpet and cabinets behind",garage,full_flake,,,,"tan, cream, black and gray chips, small to medium size, glossy clear coat",close_up,residential,,,4,True,crisp lines; garage; full flake; close up; floor edge; garage door line; tan chips; black chips; glossy finish; crisp line; flake coating,Crisp Lines (Close Up)/IMG_99DAFD2F4E1F-1.jpeg,m/fc8ef93fcbf7.jpg
4d958ee3669a,photo,Close up of flake coating edge meeting bare concrete,Close up of a gray full flake coated floor edge with a crisp line against bare concrete,not_visible,full_flake,,,,"gray, white and black chips with scattered tan and gold flecks, medium size",close_up,,,,4,True,crisp lines; close up; full flake; coating edge; crisp line; gray chips; tan flecks; bare concrete; transition,Crisp Lines (Close Up)/IMG_F360BB26C933-1.jpeg,m/4d958ee3669a.jpg
108b85610441,photo,Close up of tool joint in flake floor,Close up of a saw cut tool joint in a gray full flake floor with tan and brown chips,not_visible,full_flake,,,,"gray base with small to medium tan, brown, black and white chips",close_up,,,,4,False,cut lines; tool joints; close up; tool joint; cut line; full flake; gray flake; tan chips; brown chips; surface detail,Cut Lines-Tool Joint (Close Up)/2B7D0221-8417-4B1D-BAFC-3535A7E8BC70.JPG,m/108b85610441.jpg
fd6ee79919b5,photo,Close up of cut lines in gray flake floor,Close up of sawn cut lines crossing a glossy gray full flake coated concrete floor with tan chip accents,not_visible,full_flake,,,,"gray, black and white chips with scattered tan and rust accents, small to medium size",close_up,,,,4,False,cut lines; tool joints; close up; control joints; full flake; gray chips; tan chips; glossy finish; concrete floor,Cut Lines-Tool Joint (Close Up)/320452001_663994928769736_874756315245634253_n.jpg,m/fd6ee79919b5.jpg
b27f43c2ff4d,photo,Close up of tool joint in flake garage floor,Low angle close up of a tooled control joint in a gray full flake garage floor coating,garage,full_flake,,,,"gray, black and white chips with light tan accents, medium size",close_up,residential,,,4,False,cut lines; tool joints; cut line; tool joint; control joint; close up; full flake; gray chips; garage floor; flake floor,Cut Lines-Tool Joint (Close Up)/67064008_504886500257429_5806902484064534528_n.jpg,m/b27f43c2ff4d.jpg
e74406160a48,photo,Close up of tool joint in flake floor,Close up of a cut tool joint filled with flake coating in a gray full flake garage floor,not_visible,full_flake,,,,"gray, white and black chips, small to medium size",close_up,,,,3,False,cut lines; tool joints; close up; tool joint; cut line; full flake; gray chips; white chips; black chips; floor detail; glossy,Cut Lines-Tool Joint (Close Up)/8178DEF9-5B3B-44EA-ABEE-5AD4251A2EB4.JPG,m/e74406160a48.jpg
4791dcb39a32,photo,Close up of saw cut joint in gray flake floor,Close up of a saw cut control joint filled across a gray full flake epoxy floor with white and black chips,not_visible,full_flake,,,,"gray base with white, black and gray chips plus scattered tan accents, small chips",close_up,,,,4,False,cut lines; tool joints; cut line; tool joint; control joint; close up; full flake; gray chips; white chips; black chips; tan chips; floor detail,Cut Lines-Tool Joint (Close Up)/AF1833FB-7A71-424F-A452-781C121D7631.JPG,m/4791dcb39a32.jpg
ba04e9a8f4af,photo,Gray full flake garage floor with cut control joints,"Garage floor with gray full flake coating and saw cut control joints near white paneled doors, full flake garage floor",garage,full_flake,,,,"gray, white and black chips, small to medium size",close_up,residential,,,4,False,cut lines; tool joints; garage floor; full flake; gray chips; control joints; finished floor; white doors; gray walls,Cut Lines-Tool Joint (Close Up)/IMG_3183.JPG,m/ba04e9a8f4af.jpg
d888839be5f0,photo,Garage floor with gray flake and cut lines,"Garage with gray full flake floor showing cut control joints and white double doors, full flake garage floor coating",garage,full_flake,,,,"gray, white and black chips, small to medium size",close_up,residential,,,4,True,cut lines; tool joints; garage; full flake; control joints; gray chips; white doors; finished floor; glossy,Cut Lines-Tool Joint (Close Up)/IMG_3184.JPG,m/d888839be5f0.jpg
1dbdf5eff8c1,photo,Close-up of tool joint in gray flake garage floor,Close-up of a cut tool joint in a gray full flake garage floor coating,garage,full_flake,,,,"gray, black and white chips with small tan accents, medium size",close_up,residential,,,4,False,cut lines; tool joints; cut line; tool joint; close up; full flake; gray chips; garage floor; control joint; finished floor,Cut Lines-Tool Joint (Close Up)/IMG_4114.JPG,m/1dbdf5eff8c1.jpg
c65086a3a137,photo,Close up of gray flake floor saw cut joints,Close up of a gray full flake garage floor with intersecting saw cut tool joints,not_visible,full_flake,,,,"gray, white and black chips, small size, overall light gray look",close_up,,,,4,True,cut lines; tool joints; close up; saw cuts; gray flakes; full flake; floor detail; expansion joints,Cut Lines-Tool Joint (Close Up)/IMG_4415.HEIC,m/c65086a3a137.jpg
ff454a66efe8,photo,Close up of cut line in flake floor,Close up of a cut tool joint in a gray full flake garage floor coating with a person standing nearby,garage,full_flake,,,,"gray base with small gray, black, white and rust brown chips",close_up,residential,Outside markets,2022-01-13,4,False,cut lines; tool joints; cut line; tool joint; close up; full flake; gray chips; rust brown chips; garage floor; expansion joint; floor detail,Cut Lines-Tool Joint (Close Up)/IMG_4437.HEIC,m/ff454a66efe8.jpg
e6fc6c3fdd23,photo,Close up of cut control joint in flake floor,Low angle close up of a cut control joint in a tan and black full flake garage floor coating,garage,full_flake,,,,"tan, brown and black chips, medium size",close_up,residential,,,4,False,cut lines; tool joints; cut line; control joint; tool joint; close up; full flake; tan chips; black chips; garage floor; glossy,Cut Lines-Tool Joint (Close Up)/IMG_4946.JPG,m/e6fc6c3fdd23.jpg
8fbeddd100d1,photo,Close up of tool joint in dark garage floor,Low angle close up of a cut tool joint in a glossy dark coated garage floor with a work truck outside,garage,full_flake,,,,"very dark, nearly black floor with fine light speckling under a glossy clear coat",close_up,residential,,,4,True,cut lines; tool joints; tool joint; cut line; close up; garage floor; dark floor; glossy finish; work truck; blue shelving; full flake,Cut Lines-Tool Joint (Close Up)/IMG_5039.JPG,m/8fbeddd100d1.jpg
43eb31b18a12,photo,Close-up of tool joint in gray flake floor,Close-up of a tool joint line in a gray full flake garage floor with white cabinets in the background,garage,full_flake,,,,"gray base with black and white chips, small to medium size",close_up,residential,,,4,True,cut lines; tool joints; cut line; tool joint; close up; full flake; gray floor; black and white chips; garage floor; white cabinets; glossy finish,Cut Lines-Tool Joint (Close Up)/IMG_5928.JPG,m/43eb31b18a12.jpg
842a2dd7b6b5,photo,Close up of cut line in flake garage floor,"Close up of a cut control joint in a glossy full flake garage floor with gray, white and tan chips",garage,full_flake,,,,"gray, white and tan-brown chips, small to medium size, glossy clear coat",close_up,residential,,,4,False,cut lines; tool joints; close up; cut line; control joint; tool joint; full flake; garage floor; gray chips; tan chips; glossy; detail,Cut Lines-Tool Joint (Close Up)/IMG_6353.JPG,m/842a2dd7b6b5.jpg
caa84797fc30,photo,Close up of tool joint in flake floor,Close up of a straight tool joint cut through a tan and gray full flake garage floor coating,garage,full_flake,,,,"tan, gray, white and black chips, medium size",close_up,residential,,,4,True,cut lines; tool joints; close up; tool joint; cut line; full flake; tan chips; gray chips; garage floor; glossy; control joint,Cut Lines-Tool Joint (Close Up)/IMG_6430.JPG,m/caa84797fc30.jpg
60f1fd633950,photo,Close up of saw cut joint in gray flake floor,"Close up of a saw cut control joint filled through a gray, white and black full flake garage floor coating",not_visible,full_flake,,,,"gray, white and black chips, small to medium size, with sparse amber accents",close_up,,,,4,False,cut lines; tool joints; close up; cut line; control joint; saw cut; full flake; gray chips; white chips; black chips; tool joint,Cut Lines-Tool Joint (Close Up)/IMG_8789.JPG,m/60f1fd633950.jpg
e93b6202083c,photo,Close up of cut line in gray flake floor,"Close up of a cut tool joint across a gray full flake floor with black, white and tan chips",garage,full_flake,,,,"light gray base with white, black and gray chips and scattered tan and rust flecks, small to medium size",close_up,,,,4,False,cut lines; tool joints; close up; cut line; tool joint; full flake; gray flake; tan chips; black chips; control joint,Cut Lines-Tool Joint (Close Up)/IMG_8790.JPG,m/e93b6202083c.jpg
edacf4a5d628,photo,Cut tool joint in full flake floor,Close up of a cut tool joint line in a gray and tan full flake floor coating,not_visible,full_flake,,,,"gray base with tan, black, white and rust brown chips, medium size",close_up,,,,3,False,cut lines; tool joints; close up; cut line; tool joint; full flake; control joint; gray chips; tan chips; floor detail,Cut Lines-Tool Joint (Close Up)/IMG_8826.JPG,m/edacf4a5d628.jpg
fcb918de1e1b,photo,GatorGuard crew posing by branded trailer,Four GatorGuard Concrete Coatings crew members in logo shirts standing in front of the branded box truck trailer,not_visible,not_applicable,,,,,team_or_portrait,,,,4,True,recruiting ad; crew; team photo; gatorguard shirts; branded trailer; employees; truck; company branding; outdoor,Employee Ad Images-Video/CIN 1.JPG,m/fcb918de1e1b.jpg
d184e09fd18b,photo,Three GatorGuard crew members at branded trailer,Three GatorGuard crew members in logo shirts posing in front of a wrapped GatorGuard trailer,not_visible,not_applicable,,,,,team_or_portrait,,,,4,False,recruiting ad; crew; team; gatorguard shirts; branded trailer; recruiting; group photo; selfie; company trailer,Employee Ad Images-Video/COL 1.JPG,m/d184e09fd18b.jpg
a79fcd47fb8e,photo,Crew selfie in front of branded GatorGuard trailer,Three GatorGuard crew members in company shirts pose in front of the branded trailer with gator mascot graphics.,not_visible,not_applicable,,,,,team_or_portrait,,,,4,False,recruiting ad; crew; team; selfie; branded trailer; gator mascot; recruiting; company shirts; vehicle wrap,Employee Ad Images-Video/COL 2.JPG,m/a79fcd47fb8e.jpg
1786483a112d,photo,Three crew members wearing respirators on the job,Three GatorGuard crew members in respirator masks inside a room during floor coating work,interior_room,unknown,,,,,crew_working,,,,3,False,recruiting ad; crew; team; respirators; masks; recruiting; gatorguard shirts; interior; work in progress; employees,Employee Ad Images-Video/DET 1.JPG,m/1786483a112d.jpg
7a50b39527c1,photo,Crew member grinding driveway beside GatorGuard truck,GatorGuard crew member running a concrete grinder on a driveway next to the branded box truck,driveway_or_walkway,bare_concrete,,,,,crew_working,residential,,2025-05-07,4,False,recruiting ad; crew working; grinding; surface prep; driveway; gatorguard truck; recruiting; concrete grinder; residential; in progress,Employee Ad Images-Video/IMG_0304.HEIC,m/7a50b39527c1.jpg
27e780b16c86,photo,Crew member prepping driveway by GatorGuard truck,GatorGuard crew member scraping a worn concrete driveway next to a branded box truck with gator graphic,driveway_or_walkway,bare_concrete,,,,,crew_working,residential,,2025-05-07,4,False,recruiting ad; crew working; surface prep; driveway; concrete grinding; gatorguard truck; branded truck; recruiting; employee; residential; before coating,Employee Ad Images-Video/IMG_0305.HEIC,m/27e780b16c86.jpg
fe80da656329,photo,Crew member spreading coating on back patio,GatorGuard crew member in branded shirt troweling wet coating on a residential back patio during installation,patio_or_porch,unknown,,,,,crew_working,residential,,2025-05-07,4,False,recruiting ad; crew working; coating application; patio; in progress; spiked shoes; trowel; residential; recruiting; installer,Employee Ad Images-Video/IMG_0306.HEIC,m/fe80da656329.jpg
f9541924c434,photo,Crew member squeegeeing patio coating outdoors,"GatorGuard crew member spreading coating with a squeegee on a residential patio, crew working shot",patio_or_porch,unknown,,,,,crew_working,residential,,2025-05-07,4,False,recruiting ad; crew working; squeegee; patio; coating application; in progress; recruiting; residential; outdoor,Employee Ad Images-Video/IMG_0307.HEIC,m/f9541924c434.jpg
833699ace8c7,photo,Crew member prepping concrete stoop for coating,"Crew member kneeling on a concrete stoop, prepping the surface at a house entry during floor coating prep work",steps_or_stairs,bare_concrete,,,,,crew_working,residential,,2025-05-07,4,False,recruiting ad; crew working; surface prep; concrete stoop; recruiting; in progress; porch; grinding hose; residential,Employee Ad Images-Video/IMG_0308.HEIC,m/833699ace8c7.jpg
cf40ceccc637,photo,Crew member prepping concrete step at entry,GatorGuard crew member scraping and treating a worn concrete doorstep before coating,steps_or_stairs,bare_concrete,,,,,in_progress,residential,,2025-05-07,4,False,recruiting ad; crew working; prep work; concrete repair; doorstep; entry step; scraping; gatorguard shirt; recruiting; exterior; in progress,Employee Ad Images-Video/IMG_0309.HEIC,m/cf40ceccc637.jpg
3ee4c6b31980,photo,Two installers giving thumbs up in work trailer,"Two GatorGuard installers in gray shirts giving thumbs up inside a work trailer with buckets, tools and coating supplies",not_visible,not_applicable,,,,,team_or_portrait,,,,4,False,recruiting ad; installers; crew; work trailer; thumbs up; recruiting; tools; buckets; team; gatorguard shirts,Employee Ad Images-Video/IMG_0316.JPG; Installer Photos with People/IMG_0316.JPG,m/3ee4c6b31980.jpg
f125dfc0e9ca,photo,GatorGuard installer stretching on bare garage floor,GatorGuard crew member in a company t-shirt stretching on a bare concrete garage floor before coating prep.,garage,bare_concrete,,,,,before,residential,,,4,False,recruiting ad; crew member; stretching; garage; bare concrete; recruiting; before; grinder; cabinets; gatorguard shirt,Employee Ad Images-Video/IMG_0317.HEIC,m/f125dfc0e9ca.jpg
9fdebc3c2af6,photo,Crew member wearing cardboard hat on job site,GatorGuard crew member in branded shirt wearing a dust mask and cardboard hat in a residential backyard,other_exterior,not_applicable,,,,,team_or_portrait,residential,,,4,False,recruiting ad; crew member; recruiting; gatorguard shirt; dust mask; cardboard hat; backyard; team photo; fun,Employee Ad Images-Video/IMG_0318.JPG,m/9fdebc3c2af6.jpg
d7fc0cbdc555,photo,Employee wearing chainmail in workshop,Smiling employee wearing a chainmail shirt and hood in front of a cinder block wall with equipment hoses,not_visible,not_applicable,,,,,team_or_portrait,,,,4,False,recruiting ad; employee; chainmail; costume; team member; workshop; cinder block wall; hoses; fun photo,Employee Ad Images-Video/IMG_0319.JPG,m/d7fc0cbdc555.jpg
f4744fd6d0c0,photo,Two crew members by branded GatorGuard trailer,Two GatorGuard crew members smiling in front of a branded trailer with gator graphics and warranty badge,other_exterior,not_applicable,,,,,team_or_portrait,,,,4,True,recruiting ad; crew; team; branded trailer; gatorguard trailer; recruiting; selfie; outdoor; company branding; employees,Employee Ad Images-Video/IND 1.JPG,m/f4744fd6d0c0.jpg
0fad16a489b5,photo,GatorGuard crew selfie at outdoor mural event,Three GatorGuard crew members in branded shirts taking a selfie in front of an outdoor mural,other_exterior,not_applicable,,,,,team_or_portrait,,,,4,False,recruiting ad; crew; team; selfie; recruiting; branded shirts; mural; outdoor event; employees,Employee Ad Images-Video/LOU 1.JPG,m/0fad16a489b5.jpg
219da6bbfc0a,photo,Crew selfie beside GatorGuard box truck,Three GatorGuard crew members taking a selfie in front of a branded box truck on grass,other_exterior,not_applicable,,,,,team_or_portrait,,,,4,False,recruiting ad; crew; team; selfie; box truck; branded truck; recruiting; gatorguard shirts; outdoor; grass,Employee Ad Images-Video/STL.JPG,m/219da6bbfc0a.jpg
4dbaed52821c,photo,Screened porch with brown full flake floor,"Screened porch with glossy brown full flake floor coating, hanging plants and view of neighboring homes",patio_or_porch,full_flake,,,,"tan, brown and black chips, small to medium size",finished,residential,,2022-02-21,4,True,screened porch; sunroom; full flake; brown chips; tan chips; glossy floor; hanging plants; exterior; finished floor; residential,Exterior & Porches (No Poly Enhance)/#18.JPG,m/4dbaed52821c.jpg
5e82a3ea4fcc,photo,Front porch with gray full flake floor,Front porch and covered entry of a brick house with gray full flake floor coating and welcome flag,patio_or_porch,full_flake,,,,"light gray, white and charcoal chips, medium size",finished,residential,,,4,True,porch; front entry; full flake; gray chips; brick house; exterior; welcome flag; residential; steps; finished floor,Exterior & Porches (No Poly Enhance)/0591962E-8B07-4D1E-AD05-95E0B79DC033.JPG,m/5e82a3ea4fcc.jpg
8e6a38398c13,photo,Glossy tan flake floor on covered porch,Glossy tan full flake floor coating on a covered porch with stone wall and sliding glass door,patio_or_porch,full_flake,,,,"tan and brown chips with some black, small size, glossy clear coat",finished,residential,,,4,True,porch; exterior; full flake; tan chips; brown chips; glossy finish; stone wall; sliding glass door; finished floor,Exterior & Porches (No Poly Enhance)/252938C9-88AF-4248-AC30-E371B6B999F3.JPG,m/8e6a38398c13.jpg
58b272cd6ea5,photo,Screened porch with tan full flake floor,Screened porch with glossy tan and brown full flake concrete floor coating overlooking neighboring houses,patio_or_porch,full_flake,,,,"tan, brown and black chips with white accents, small to medium size",finished,residential,,,4,True,screened porch; full flake; tan chips; brown chips; residential; exterior; glossy floor; patio floor,Exterior & Porches (No Poly Enhance)/265BE567-AE8D-4B33-9407-98D3553F0F0B.JPG,m/58b272cd6ea5.jpg
51ebc71143c0,photo,Covered porch with gray full flake floor,"Covered residential porch with a gray, white and black full flake floor coating beside a stone half wall",patio_or_porch,full_flake,,,,"gray, white and black chips, medium size, glossy clear coat",finished,residential,,,4,True,porch; exterior; full flake; gray chips; stone wall; covered porch; finished floor; glossy; residential,Exterior & Porches (No Poly Enhance)/2C7A865F-25CA-4984-BA68-AF951FC26A26.JPG,m/51ebc71143c0.jpg
2f86c19a0213,photo,Covered front porch with gray full flake floor,"Covered front porch with gray full flake floor coating beside red brick house and fluted columns, full flake porch floor",patio_or_porch,full_flake,,,,"gray base with white, black and light tan chips, small to medium size",finished,residential,,,4,True,porch; front porch; exterior; full flake; gray floor; brick house; columns; residential; finished floor; glossy finish,Exterior & Porches (No Poly Enhance)/365178D0-CD25-44C6-9B5B-BDFA5520ECB8.JPG,m/2f86c19a0213.jpg
00695e2f9d80,photo,Covered porch with gray blue full flake floor,"Covered porch with a gray, blue and tan full flake floor, stone fireplace and garden view",patio_or_porch,full_flake,,,,"gray, white, blue and tan chips, small to medium size",finished,residential,,,4,True,covered porch; full flake; gray chips; blue chips; outdoor fireplace; stone fireplace; wood ceiling; garden view; finished floor; exterior,Exterior & Porches (No Poly Enhance)/4D1EE833-45D2-42CD-9E79-316C3B47D8F0.jpg,m/00695e2f9d80.jpg
2fb52022eb5e,photo,Gray full flake coating on exterior porch,"Low angle view of a gray full flake coated porch floor beside a house and block wall, full flake patio floor coating",patio_or_porch,full_flake,,,,"gray, black and white chips with slight tan tones, small to medium size",finished,residential,,,4,True,full flake; porch; exterior; gray chips; black chips; white chips; block wall; house siding; glossy; finished floor,Exterior & Porches (No Poly Enhance)/675EFE9E-08BB-466E-8DDF-C34BBD215BC3.JPG,m/2fb52022eb5e.jpg
5072cd7637bd,photo,Gray full flake front sidewalk to street,"Gray full flake coated concrete sidewalk through a front lawn to the street, flanked by rock beds and planters",driveway_or_walkway,full_flake,,,,"gray, white and black chips, fine to medium size",finished,residential,,,3,False,sidewalk; walkway; front yard; gray chips; full flake; exterior; curb appeal; mailbox; lawn,Exterior & Porches (No Poly Enhance)/69FA1081-E8B2-4CE1-BDF1-D60E93DD3C45.JPG,m/5072cd7637bd.jpg
4bf29ef06749,photo,Front porch with gray full flake floor,Covered front porch of a brick house with a gray full flake coated concrete floor and stone walkway,patio_or_porch,full_flake,,,,"gray, white and black chips, small to medium size",finished,residential,,,4,True,porch; patio; exterior; full flake; gray flakes; brick house; stone walkway; finished floor; concrete coating,Exterior & Porches (No Poly Enhance)/70C88A5E-46B3-4D25-8B19-FD88710AE15A.JPG,m/4bf29ef06749.jpg
5663bf916151,photo,Screened porch with brown full flake floor,Screened porch with white brick walls and a glossy brown full flake floor coating,patio_or_porch,full_flake,,,,"tan, brown and black chips, medium size, dense broadcast",finished,residential,,,4,True,full flake; porch; screened porch; exterior; tan chips; brown chips; black chips; white brick; glossy; finished,Exterior & Porches (No Poly Enhance)/8440DAC2-07E8-48C1-A782-42216FE14773.JPG,m/5663bf916151.jpg
e76ab3487008,photo,Front porch with gray full flake floor,"Front porch with gray full flake floor coating, white columns, red siding and pink hydrangeas",patio_or_porch,full_flake,,,,"light gray base with white, gray and black chips, small to medium size",finished,residential,,2021-08-03,4,True,porch; exterior; full flake; gray chips; white columns; red siding; brick steps; hydrangeas; finished floor,Exterior & Porches (No Poly Enhance)/IMG_0271 2.JPG,m/e76ab3487008.jpg
052745c0c26d,photo,Covered porch with tan full flake floor,"Glossy full flake patio floor with tan, brown and black chips outside a brick home with screen enclosure",patio_or_porch,full_flake,,,,"tan, brown, black and white chips, medium size",finished,residential,,2022-02-21,4,True,patio; covered porch; full flake; tan chips; brown chips; black chips; brick house; screen enclosure; glossy; exterior,Exterior & Porches (No Poly Enhance)/IMG_0272.JPG,m/052745c0c26d.jpg
2bb9090a1701,photo,Front porch with gray full flake floor,"Covered front porch with gray full flake floor coating, brick wall and white framed entry door",patio_or_porch,full_flake,,,,"gray base with gray, white, black and tan chips, small to medium size",finished,residential,,2022-02-21,4,True,porch; front entry; full flake; gray chips; brick wall; entry door; exterior floor; finished,Exterior & Porches (No Poly Enhance)/IMG_0286.JPG,m/2bb9090a1701.jpg
aa6cc8e0d00c,photo,Gray full flake coating on residential porch,"Close-up of a glossy gray, white and black full flake coating on a concrete porch beside a brick wall and house siding",patio_or_porch,full_flake,,,,"small gray, white and black chips over a gray base",close_up,residential,,2022-02-21,4,True,porch; exterior; full flake; gray chips; close up; glossy; residential; brick wall; concrete coating,Exterior & Porches (No Poly Enhance)/IMG_0289.JPG,m/aa6cc8e0d00c.jpg
7a14f23ba5b1,photo,Brick front porch with tan full flake floor,"Tan, brown and black full flake coating on a brick front porch entry by a white door",patio_or_porch,full_flake,,,,"tan, brown and black chips, small to medium size",finished,residential,,,4,True,front porch; full flake; tan chips; brown chips; black chips; brick wall; entryway; exterior; finished floor,Exterior & Porches (No Poly Enhance)/IMG_0675.JPG,m/7a14f23ba5b1.jpg
13cfb110fb2e,photo,Front porch entry with tan full flake floor,"Front porch with red brick walls and a tan, brown and black full flake concrete coating at the entry door",patio_or_porch,full_flake,,,,"tan, brown and black chips, small to medium size",finished,residential,,,4,True,porch; front entry; full flake; tan chips; brown chips; black chips; brick house; exterior; finished floor,Exterior & Porches (No Poly Enhance)/IMG_0676.JPG,m/13cfb110fb2e.jpg
51de4b729449,photo,Covered porch with sealed exposed aggregate floor,"Covered porch with sealed exposed aggregate concrete floor, brick planter and covered grills",patio_or_porch,unknown,,,,"natural exposed aggregate pebbles in brown, tan and gray tones with a wet-look sealer",finished,residential,,,4,True,porch; exposed aggregate; wet look sealer; exterior; covered patio; brick planter; residential; sealed concrete,Exterior & Porches (No Poly Enhance)/IMG_0677.JPG,m/51de4b729449.jpg
26343d610082,photo,Covered front porch with speckled flake floor,Covered front porch with stone columns and a tan and brown full flake coated concrete floor,patio_or_porch,full_flake,,,,"light tan-gray base with brown, black and white chips, small to medium size",finished,residential,,,4,True,porch; full flake; exterior; stone columns; tan chips; brown chips; covered porch; finished floor,Exterior & Porches (No Poly Enhance)/IMG_0681.JPG,m/26343d610082.jpg
87fb4ad09957,photo,Front porch with dark gray full flake floor,Covered front porch with a dark gray full flake floor coating beside a stone column and dark siding,patio_or_porch,full_flake,,,,"small gray, black, white and tan chips over a dark gray base",finished,residential,,,4,True,porch; exterior; full flake; gray chips; stone column; dark siding; covered porch; finished floor,Exterior & Porches (No Poly Enhance)/IMG_0682 2.JPG,m/87fb4ad09957.jpg
8e32e416df80,photo,Flake coated porch step edge by brick wall,Close up of a full flake coated concrete porch step edge beside a brick wall and mulch bed,patio_or_porch,full_flake,,,,"tan, brown and black chips with some white, small to medium size",close_up,residential,,,3,False,full flake; porch; step edge; exterior; tan chips; brown chips; black chips; brick wall; concrete coating,Exterior & Porches (No Poly Enhance)/IMG_0702.JPG,m/8e32e416df80.jpg
b9131408acf6,photo,Front porch with tan full flake floor,"Front porch and step coated in tan, brown and black full flake in front of a storm door, full flake porch floor coating",patio_or_porch,full_flake,,,,"tan base with brown, black and white chips, small to medium size",finished,residential,,,3,False,porch; front entry; full flake; tan chips; brown chips; exterior; storm door; step; finished floor,Exterior & Porches (No Poly Enhance)/IMG_0703.JPG,m/b9131408acf6.jpg
fff52671b48e,photo,Covered front porch with gray full flake floor,"Covered brick front porch with a light gray full flake coated floor, white columns and black shutters",patio_or_porch,full_flake,,,,"light gray and white chips with black speckles, small to medium size",finished,residential,,,4,True,porch; exterior; full flake; gray chips; brick house; white columns; black shutters; covered porch; finished floor,Exterior & Porches (No Poly Enhance)/IMG_0783.JPG,m/fff52671b48e.jpg
f9874859b40b,photo,Flake coated walkway with GatorGuard truck,"Curved outdoor walkway with tan full flake coating and GatorGuard truck parked nearby, full flake exterior floor coating",driveway_or_walkway,full_flake,,,,"tan base with brown, black and cream chips, small to medium size",finished,commercial,,,4,True,walkway; exterior; full flake; tan chips; brown chips; commercial; railings; gatorguard truck; finished; sunny,Exterior & Porches (No Poly Enhance)/IMG_0897.JPG,m/f9874859b40b.jpg
cad964405e99,photo,Flake coated front walkway with caution tape,"Freshly coated speckled walkway with yellow caution tape beside a white house, full flake exterior floor coating",driveway_or_walkway,full_flake,,,,"small tan, gray and brown chips, fine size",finished,residential,,,4,False,walkway; exterior; full flake; tan chips; caution tape; freshly coated; railing; front entrance,Exterior & Porches (No Poly Enhance)/IMG_0898.JPG,m/cad964405e99.jpg
b792669e9ab4,photo,Front porch steps with tan full flake coating,"Concrete front steps and porch coated in tan, brown and black full flake floor coating with black metal railings",steps_or_stairs,full_flake,,,,"tan, brown and black chips, small to medium size",finished,residential,,,4,True,front steps; porch; full flake; tan chips; brown chips; exterior; railings; residential; finished,Exterior & Porches (No Poly Enhance)/IMG_0899.JPG,m/b792669e9ab4.jpg
31878209f821,photo,Coated accessibility ramp with black railings,Exterior ramp with full flake floor coating in tan and brown chips between black metal railings,driveway_or_walkway,full_flake,,,,"tan, brown, black and gray chips, fine to medium size",finished,residential,,,4,True,exterior; ramp; walkway; full flake; tan chips; brown chips; black railing; handicap ramp; finished floor; residential,Exterior & Porches (No Poly Enhance)/IMG_0900.JPG,m/31878209f821.jpg
5667b19bb351,photo,Wheelchair ramp porch with gray full flake floor,"Covered porch and accessibility ramp coated in a gray, tan and black full flake concrete floor coating with black metal railings",patio_or_porch,full_flake,,,,"gray, tan, black and brown chips, medium size",finished,residential,,,4,True,porch; ramp; full flake; gray chips; tan chips; exterior; metal railing; residential; finished,Exterior & Porches (No Poly Enhance)/IMG_0901.JPG,m/5667b19bb351.jpg
df45fe963574,photo,Front porch with gray full flake floor,"Gray full flake coated front porch with step, stone skirting and dark entry door",patio_or_porch,full_flake,,,,"gray, white and black chips, small to medium size",finished,residential,,2018-06-05,4,True,porch; full flake; gray floor; exterior; stone veneer; front door; steps; finished floor; gray white black chips,Exterior & Porches (No Poly Enhance)/IMG_0931.JPG,m/df45fe963574.jpg
beaf1d6809ea,photo,Covered porch with glossy gray solid color floor,"Covered back porch with a glossy light gray solid color floor, lawn and patio chairs beyond",patio_or_porch,solid_color,,,,"solid light gray coating, glossy, no chips visible",finished,residential,,,3,False,porch; exterior; solid color; gray floor; glossy; covered porch; patio furniture; lawn; residential; finished,Exterior & Porches (No Poly Enhance)/IMG_1141.JPG,m/beaf1d6809ea.jpg
a468322f6164,photo,Front porch with tan full flake floor,"Full flake coated front porch floor with tan, brown and black chips next to brick wall and red shutters",patio_or_porch,full_flake,,,,"tan, brown and black chips with some gray, small to medium size",finished,residential,,,4,True,porch; exterior; full flake; tan chips; brown chips; black chips; brick wall; red shutters; finished floor; residential,Exterior & Porches (No Poly Enhance)/IMG_1509.JPG,m/a468322f6164.jpg
07822aa3b51c,photo,Porch with tan full flake floor and sunburst saw cuts,"Glossy tan full flake porch floor with sunburst saw cut pattern against a brick wall, full flake patio coating",patio_or_porch,full_flake,,,,"tan base with fine brown and black chips, small size",finished,residential,,,4,True,porch; exterior; full flake; tan chips; brown chips; saw cut pattern; sunburst joints; brick wall; glossy; finished,Exterior & Porches (No Poly Enhance)/IMG_1626.JPG,m/07822aa3b51c.jpg
5ecb999c5e9e,photo,Sunroom porch with tan full flake floor,"Sunroom with brick walls and a tan full flake floor with saw cut lines, full flake floor coating",patio_or_porch,full_flake,,,,"tan and beige chips with small black and brown specks, fine to medium size",finished,residential,,,4,True,sunroom; porch; exterior; full flake; tan chips; beige chips; brick walls; saw cut joints; glossy; finished floor,Exterior & Porches (No Poly Enhance)/IMG_1627.JPG,m/5ecb999c5e9e.jpg
1abd0db7f77f,photo,Covered porch with tan full flake floor,"Covered porch with tan full flake floor coating, saw-cut grid pattern, brick stem wall and white doors",patio_or_porch,full_flake,,,,"tan and brown chips with small black and white chips, small size",finished,residential,,,4,True,porch; exterior; full flake; tan chips; brown chips; saw cut joints; brick wall; glossy finish; finished floor; patio,Exterior & Porches (No Poly Enhance)/IMG_1628 2.JPG,m/1abd0db7f77f.jpg
0f2c05f6d4e9,photo,Coated concrete steps with wood and metal railing,"Coated concrete front steps with tan flake finish, wood posts and black metal railings beside a brick wall",steps_or_stairs,full_flake,,,,"tan and beige chips with some darker flecks, fine to medium size",finished,residential,,,3,False,steps; stairs; exterior; tan chips; flake floor; railing; wood posts; brick wall; front entry; concrete steps,Exterior & Porches (No Poly Enhance)/IMG_1630.JPG,m/0f2c05f6d4e9.jpg
8930bdb8f7db,photo,Front porch and steps with tan full flake floor,"Front porch and steps coated in a speckled tan full flake floor coating, with caution tape by the railing",patio_or_porch,full_flake,,,,tan and beige chips with fine brown and black speckling,finished,residential,,,4,False,porch; front entry; steps; full flake; tan chips; exterior; residential; caution tape,Exterior & Porches (No Poly Enhance)/IMG_1705.JPG,m/8930bdb8f7db.jpg
a1e5cbf85766,photo,Gray full flake porch floor with brick walls,Low angle view of a glossy gray full flake coated porch floor against orange brick walls and a white door,patio_or_porch,full_flake,,,,"light gray base with white, gray and black chips, small to medium size",finished,residential,,,4,True,porch floor; full flake; exterior coating; gray chips; black chips; white chips; brick wall; glossy finish; finished floor,Exterior & Porches (No Poly Enhance)/IMG_1706.JPG,m/a1e5cbf85766.jpg
ccaf33aa1a48,photo,Front porch with light gray full flake floor,"Finished front porch with light gray full flake floor coating and brick edging, caution tape across entrance",patio_or_porch,full_flake,,,,"light gray chips with white and dark speckles, small to medium size",finished,residential,,,4,True,exterior; porch; full flake; light gray; brick border; residential; finished floor; caution tape; front entry,Exterior & Porches (No Poly Enhance)/IMG_1897.PNG,m/ccaf33aa1a48.jpg
e4105343407a,photo,Porch with brown and red full flake floor,"Glossy full flake porch floor with tan, brown and rust red chips beside brick wall and garden windows",patio_or_porch,full_flake,,,,"tan, brown, black and rust red chips, medium size, glossy clear coat",finished,residential,,,4,True,porch; exterior; full flake; tan brown red chips; glossy; brick wall; finished floor; residential,Exterior & Porches (No Poly Enhance)/IMG_1903.JPG,m/e4105343407a.jpg
e6179535ce35,photo,Glossy full flake coating on covered porch,"Glossy full flake floor with tan, gray and black chips on a covered porch with stone wall",patio_or_porch,full_flake,,,,"tan and gray base with black, white and gray chips, small to medium size",finished,residential,,,4,True,porch; patio; full flake; exterior floor; tan chips; gray chips; stone wall; sliding door; glossy finish; finished floor,Exterior & Porches (No Poly Enhance)/IMG_2130.JPG,m/e6179535ce35.jpg
0221c2f2bd77,photo,Backyard patio with tan full flake floor,"Backyard patio with tan full flake floor coating beside garden beds and house entry, full flake patio floor coating",patio_or_porch,full_flake,,,,"tan and brown chips with light dark accents, small to medium size",finished,residential,,,4,True,patio; backyard; exterior; full flake; tan chips; brown chips; garden; residential; finished floor,Exterior & Porches (No Poly Enhance)/IMG_2132.JPG,m/0221c2f2bd77.jpg
4ce153168844,photo,Brick home front porch with full flake floor,Front porch with light gray and tan full flake coating beside red brick walls and white trim,patio_or_porch,full_flake,,,,"light gray and tan chips with small black specks, fine chip size",finished,residential,,,4,True,porch; full flake; exterior; brick house; gray tan chips; front entry; residential; finished floor,Exterior & Porches (No Poly Enhance)/IMG_2133.JPG,m/4ce153168844.jpg
b24b31676fed,photo,Brick porch with tan full flake floor,"Covered brick front porch with a tan full flake coated concrete floor and a raised step, full flake porch floor coating",patio_or_porch,full_flake,,,,"tan base with small brown, black and white chips, small chip size",finished,residential,,,4,True,porch; exterior; full flake; tan chips; brown chips; brick house; front entry; step; finished floor,Exterior & Porches (No Poly Enhance)/IMG_2134.JPG,m/b24b31676fed.jpg
fe09003443fe,photo,Screened porch with brown full flake floor,Screened brick porch with a brown and tan full flake floor coating and sunlit finish,patio_or_porch,full_flake,,,,"tan, brown, black and white chips, small to medium size",finished,residential,,,4,True,porch; screened porch; full flake; brick walls; tan chips; brown chips; exterior; finished floor; sunlight,Exterior & Porches (No Poly Enhance)/IMG_2142.JPG,m/fe09003443fe.jpg
f78218b81cdc,photo,Covered brick porch with tan flake floor,Covered brick porch with a tan speckled flake concrete coating overlooking a green lawn,patio_or_porch,full_flake,,,,"tan and brown chips with dark accents, small to medium size",finished,residential,,,3,False,porch; patio; covered porch; brick house; tan chips; full flake; exterior; lawn; finished floor,Exterior & Porches (No Poly Enhance)/IMG_2145.JPG,m/f78218b81cdc.jpg
fa080f328b0e,photo,Screened porch with tan full flake floor,Screened porch with brick walls and a glossy tan full flake concrete coating with brown and cream chips,patio_or_porch,full_flake,,,,"tan and brown chips with cream and black flecks, medium size",finished,residential,,,4,True,porch; screened porch; full flake; tan chips; brown chips; glossy floor; brick wall; exterior; residential; finished floor,Exterior & Porches (No Poly Enhance)/IMG_2153.JPG,m/fa080f328b0e.jpg
8429a4f11e0e,photo,Covered porch with tan full flake floor,"Low angle view of a glossy tan, brown and black full flake coating on a covered brick porch, full flake patio floor coating",patio_or_porch,full_flake,,,,"tan, brown, black and white chips, small to medium size, glossy clear coat",finished,residential,,,4,True,full flake; covered porch; patio floor; tan chips; brown chips; glossy floor; brick walls; exterior; plastic sheeting,Exterior & Porches (No Poly Enhance)/IMG_2158.JPG,m/8429a4f11e0e.jpg
5d7256015903,photo,Covered back patio with speckled flake floor,"Covered residential patio with a glossy speckled flake floor coating, curved edge, glass doors and landscaped backyard",patio_or_porch,full_flake,,,,"fine tan, gray and cream chips, small size",finished,residential,,,4,True,patio; covered patio; full flake; exterior floor; speckled floor; tan gray chips; backyard; glossy finish; residential,Exterior & Porches (No Poly Enhance)/IMG_2180.JPG,m/5d7256015903.jpg
fb2f4c40f194,photo,Covered porch with tan full flake floor,"Covered residential porch with glossy full flake floor coating in tan, brown and black chips, stone fireplace and garden view",patio_or_porch,full_flake,,,,"tan, brown, black and white chips, medium size",finished,residential,,,4,True,covered porch; full flake; exterior floor; tan chips; brown chips; stone fireplace; glossy finish; patio coating; finished floor,Exterior & Porches (No Poly Enhance)/IMG_2181 2.JPG,m/fb2f4c40f194.jpg
92d692fd5a6a,photo,Sunroom with glossy gray coated floor,"Sunroom with glossy gray solid color floor coating, stone accent wall and windows",patio_or_porch,solid_color,,,,"smooth glossy gray floor, no chips or swirl pattern visible",finished,residential,,,4,True,sunroom; gray floor; solid color; glossy; windows; stone accent wall; interior; finished floor,Exterior & Porches (No Poly Enhance)/IMG_2327.JPG,m/92d692fd5a6a.jpg
dc1296ab2790,photo,Sunlit room with tan solid color floor,Glossy tan solid color coated floor in a bright room with windows and a stone accent wall,patio_or_porch,solid_color,,,,"flat tan-beige solid coating, no chips or swirl",finished,residential,,,4,True,solid color floor; tan floor; glossy finish; interior room; windows; stone wall; finished floor,Exterior & Porches (No Poly Enhance)/IMG_2328.JPG,m/dc1296ab2790.jpg
223971d49da8,photo,Screened porch with gray full flake floor,"Gray full flake coated porch floor beside a white framed screen enclosure, full flake porch floor coating",patio_or_porch,full_flake,,,,"gray base with fine tan, white and gray chips, small size",finished,residential,,,4,True,porch; exterior; full flake; gray chips; tan chips; screen enclosure; glossy; finished floor; residential,Exterior & Porches (No Poly Enhance)/IMG_2330.JPG,m/223971d49da8.jpg
16de036f3082,photo,Covered porch with light gray full flake floor,"Covered front porch with a light gray full flake floor coating, white columns and a brick wall",patio_or_porch,full_flake,,,,"light gray base with white, black and gray chips, small size",finished,residential,,,4,False,porch; exterior; full flake; light gray chips; white black chips; brick wall; white columns; finished floor,Exterior & Porches (No Poly Enhance)/IMG_2333.JPG,m/16de036f3082.jpg
cb3c7e15c0a6,photo,Covered porch with gray full flake floor,"Covered porch with light gray speckled full flake floor coating, white posts and a work van outside",patio_or_porch,full_flake,,,,"light gray base with fine gray, white and black chips",finished,residential,,,4,True,porch; exterior; full flake; gray chips; white posts; speckled floor; patio floor; sunny; finished,Exterior & Porches (No Poly Enhance)/IMG_2334.JPG,m/cb3c7e15c0a6.jpg
28f5769f1e08,photo,Flake coated front porch with brick exterior,Gray full flake coating on a brick front porch beside a garden pond and green double doors,patio_or_porch,full_flake,,,,"light gray, white and charcoal chips, small to medium size",finished,residential,,,4,True,front porch; exterior; full flake; gray chips; brick house; double doors; garden pond; finished floor; steps,Exterior & Porches (No Poly Enhance)/IMG_2635.JPG,m/28f5769f1e08.jpg
08ba8422e099,photo,Light gray full flake porch floor at entry,Light gray full flake coated porch floor in front of a stone veneer wall and entry door,patio_or_porch,full_flake,,,,"light gray base with white, light gray and small dark chips, fine to medium size",finished,residential,,,4,True,full flake; porch; exterior; light gray chips; stone veneer; entry door; residential; finished floor,Exterior & Porches (No Poly Enhance)/IMG_2637.JPG,m/08ba8422e099.jpg
af57c04ed543,photo,Front porch with gray coated concrete floor,"Covered front porch with stone veneer walls, columns and a gray coated concrete floor",patio_or_porch,solid_color,,,,"flat medium gray coating, no chips visible",finished,residential,,,4,True,front porch; exterior; gray coating; solid color; stone veneer; columns; finished floor; residential,Exterior & Porches (No Poly Enhance)/IMG_2638.JPG,m/af57c04ed543.jpg
4812952d1daa,photo,Stone walled porch with fine speckled flake floor,"Enclosed porch with stone walls, brick fireplace and a fine tan gray speckled full flake floor coating",patio_or_porch,full_flake,,,,"very fine tan and gray speckled chips, hard to read at this distance",finished,residential,,2022-05-13,4,True,porch; stone wall; brick fireplace; full flake; fine chips; tan gray; finished floor; exterior,Exterior & Porches (No Poly Enhance)/IMG_2658.JPG,m/4812952d1daa.jpg
71bb7eaabaa4,photo,Covered patio with sealed stamped concrete floor,Covered brick porch with glossy stamped concrete patio floor in a random stone pattern,patio_or_porch,stamped_concrete,,,,tan and brown stamped stone pattern with glossy sealer,finished,residential,,,4,True,stamped concrete; patio; covered porch; glossy sealer; random stone pattern; exterior; tan brown; brick house,Exterior & Porches (No Poly Enhance)/IMG_2920.JPG,m/71bb7eaabaa4.jpg
69b2972cb3fc,photo,Front porch with warm brown full flake floor,"Low angle view of a coated front porch with tan, brown and red flake chips beside a brick house, full flake porch floor coating",patio_or_porch,full_flake,,,,"tan and brown chips with red and black accents, medium size",finished,residential,,,4,True,porch; exterior; full flake; tan chips; red chips; brick house; white railing; residential; finished floor,Exterior & Porches (No Poly Enhance)/IMG_3009.JPG,m/69b2972cb3fc.jpg
8a0b500e6d9a,photo,Covered porch with tan full flake floor,Covered residential porch with a glossy tan full flake floor coating and plastic sheeting on the railings,patio_or_porch,full_flake,,,,"mostly tan chips with subtle brown and cream, fine to medium size",finished,residential,,,4,True,porch; covered patio; full flake; tan chips; exterior floor; glossy finish; residential; brown siding,Exterior & Porches (No Poly Enhance)/IMG_3103 2.JPG,m/8a0b500e6d9a.jpg
838ad4594b31,photo,Freshly coated flake floor on covered porch,Low angle view of a wet full flake coated floor on a covered porch with plastic masking on railings,patio_or_porch,full_flake,,,,"tan, brown and black chips, small size, wet glossy clear coat",in_progress,residential,,,4,False,porch; covered porch; full flake; wet clear coat; tan and brown chips; exterior; masking plastic; brick wall; in progress,Exterior & Porches (No Poly Enhance)/IMG_3104.JPG,m/838ad4594b31.jpg
bd39d1d5c72c,photo,Back patio with light gray full flake floor,"Coated concrete patio with light gray, white and tan flake finish behind a brick house, full flake patio floor",patio_or_porch,full_flake,,,,"small gray, white and tan chips with a few brown and red flecks on a light base",finished,residential,,,4,True,patio; exterior; full flake; gray chips; tan chips; brick house; backyard; finished floor; sunny day; wood fence,Exterior & Porches (No Poly Enhance)/IMG_3152.JPG,m/bd39d1d5c72c.jpg
4c433bba6c81,photo,Back patio with gray full flake floor,"Brick home back patio coated in light gray full flake with saw-cut joints, full flake patio floor coating",patio_or_porch,full_flake,,,,"light gray base with gray, white and black chips, small to medium size",finished,residential,,,4,True,patio; back patio; full flake; gray flakes; brick house; saw cut joints; exterior; residential; sunny; finished floor,Exterior & Porches (No Poly Enhance)/IMG_3153.JPG,m/4c433bba6c81.jpg
b54942eb0be3,photo,Front porch and walkway with gray full flake floor,"Gray full flake coated front porch and walkway by brick house with hedge, full flake floor coating",patio_or_porch,full_flake,,,,"light gray base with white, gray and black chips, small to medium size",finished,residential,,,3,False,porch; walkway; exterior; full flake; gray chips; white chips; brick house; finished; phone screenshot,Exterior & Porches (No Poly Enhance)/IMG_3187.PNG,m/b54942eb0be3.jpg
58537f6a874e,photo,Covered front porch with gray full flake floor,Covered brick front porch with a gray full flake floor coating and white railing,patio_or_porch,full_flake,,,,"gray base with white, black and light gray chips, small to medium size",finished,residential,,,4,True,front porch; exterior; full flake; gray chips; white railing; brick house; covered porch; finished floor; residential,Exterior & Porches (No Poly Enhance)/IMG_3200.JPG,m/58537f6a874e.jpg
180c69e3b256,photo,Gray flake coated stem wall beside rock bed,Close-up of a gray full flake coated concrete edge along a river rock landscaping bed outside a white home,other_exterior,full_flake,,,,"small black, white and gray chips on a light gray base",close_up,residential,,,4,False,full flake; stem wall; exterior; gray chips; close up; landscaping rocks; edge detail; residential,Exterior & Porches (No Poly Enhance)/IMG_3400.JPG,m/180c69e3b256.jpg
e0277a5401e7,photo,Crew member pointing at chipped concrete step edge,"Gloved installer points to a chipped, crumbling concrete porch edge before coating repair",steps_or_stairs,bare_concrete,,,,,close_up,residential,,,3,False,concrete damage; chipped concrete; porch step; cracked edge; before; repair; exterior; crew hand; close up,Exterior & Porches (No Poly Enhance)/IMG_3458.JPG,m/e0277a5401e7.jpg
8803ecfdb370,photo,Thumbs up over gray flake porch floor,Hand giving thumbs up over a gray full flake coated front porch with steps,patio_or_porch,full_flake,,,,"gray, white and black chips, small to medium size",finished,residential,,,4,False,porch; exterior; full flake; gray chips; thumbs up; front steps; residential; finished floor,Exterior & Porches (No Poly Enhance)/IMG_3459.JPG,m/8803ecfdb370.jpg
0b0738d588a2,photo,Front porch bare concrete before coating,"Bare concrete front porch and painted steps with extension cords, before coating",patio_or_porch,bare_concrete,,,,,before,residential,,,3,False,porch; before; bare concrete; front entry; steps; residential; exterior; extension cords,Exterior & Porches (No Poly Enhance)/IMG_3460.JPG,m/0b0738d588a2.jpg
263a515e747a,photo,Front porch with gray full flake floor,"Front porch and entry steps coated in gray full flake with white siding and columns, full flake porch floor coating",patio_or_porch,full_flake,,,,"gray, white and black chips, small size",finished,residential,,,4,True,porch; front entry; full flake; gray chips; steps; exterior; white siding; columns; finished floor,Exterior & Porches (No Poly Enhance)/IMG_3462.JPG,m/263a515e747a.jpg
378f4b798fb3,photo,Front porch with light gray full flake floor,"Covered front porch with light gray speckled full flake floor coating, white columns and rock landscaping",patio_or_porch,full_flake,,,,"light gray, white and black chips, fine size",finished,residential,,,4,True,porch; exterior; full flake; gray chips; white columns; rock landscaping; covered porch; finished,Exterior & Porches (No Poly Enhance)/IMG_3463.JPG,m/378f4b798fb3.jpg
1ae3ffd759c5,photo,Cracked worn concrete porch before coating,"Cracked concrete porch with flaking old gray coating beside a white garage door, before floor coating",patio_or_porch,bare_concrete,,,,,before,residential,,,3,False,porch; before; cracked concrete; worn coating; peeling paint; exterior; bare concrete,Exterior & Porches (No Poly Enhance)/IMG_3464.JPG,m/1ae3ffd759c5.jpg
fdea32db0054,photo,Cracked concrete porch during prep work,Cracked bare concrete porch with shop vacuum and extension cords during surface prep for coating,patio_or_porch,bare_concrete,,,,,in_progress,residential,,,3,False,porch; bare concrete; cracked concrete; prep work; shop vac; extension cords; exterior; in progress; white columns,Exterior & Porches (No Poly Enhance)/IMG_3465.JPG,m/fdea32db0054.jpg
e50cf592ef0f,photo,Covered front porch with gray flake floor,"Covered farmhouse porch with light gray flake floor coating, white columns and rock landscaping",patio_or_porch,full_flake,,,,"fine light gray and white chips, small size",finished,residential,,,4,True,porch; exterior; full flake; gray chips; white columns; farmhouse; covered porch; finished floor,Exterior & Porches (No Poly Enhance)/IMG_3466.JPG,m/e50cf592ef0f.jpg
57c81a360caa,photo,Porch step repair before and after coating,Before and after of damaged concrete porch step repaired and coated with gray flake floor coating,steps_or_stairs,full_flake,,,,"light gray and white chips, small size",before_after,residential,,,4,True,before and after; porch steps; concrete repair; cracked concrete; full flake; gray chips; exterior; thumbs up; step coating,Exterior & Porches (No Poly Enhance)/IMG_3467.JPG,m/57c81a360caa.jpg
5fff949f989a,photo,Porch before and after gray flake coating,"Split image: cracked porch concrete with grinding equipment before, and finished light gray full flake porch floor after",patio_or_porch,full_flake,,,,"light gray base with small white, gray and black chips",before_after,residential,,,4,True,porch; before and after; full flake; gray chips; cracked concrete; grinding; exterior; columns; farmhouse,Exterior & Porches (No Poly Enhance)/IMG_3468.JPG,m/5fff949f989a.jpg
36b12c5bca0e,photo,Porch before and after gray flake coating,Six-photo before and after of a concrete porch repaired and coated with a gray full flake floor,patio_or_porch,full_flake,,,,"gray base with white, black and light gray chips, small to medium size",before_after,residential,,,3,False,before and after; porch; exterior; full flake; gray chips; concrete repair; crack repair; steps; farmhouse porch; composite,Exterior & Porches (No Poly Enhance)/IMG_3469.JPG,m/36b12c5bca0e.jpg
ae7149c512b1,photo,Front porch with gray full flake floor,"Front porch with a gray, black and white full flake floor coating beside a brick wall and front door",patio_or_porch,full_flake,,,,"gray, black and white chips, small to medium size, wet-look clear coat",finished,residential,,,3,False,porch; exterior; full flake; gray chips; black chips; white chips; front door; brick; wet look; residential,Exterior & Porches (No Poly Enhance)/IMG_3594.JPG,m/ae7149c512b1.jpg
b058d8f20ff8,photo,Freshly coated front porch with caution tape,"Front porch of a brick home with a new brown and tan full flake floor coating, caution tape and ladder still in place",patio_or_porch,full_flake,,,,"tan, brown, black and gray chips, medium size",in_progress,residential,,,4,False,front porch; exterior; full flake; tan brown chips; caution tape; brick house; white columns; ladder; in progress; residential,Exterior & Porches (No Poly Enhance)/IMG_3595.JPG,m/b058d8f20ff8.jpg
32cd82878df5,photo,Screened porch with gray full flake floor,"Screened porch with gray full flake floor, wicker seating with red cushions and white brick walls",patio_or_porch,full_flake,,,,"gray base with white, black and light gray chips, small to medium size",finished,residential,,,3,False,porch; full flake; gray chips; white chips; black chips; wicker furniture; red cushions; white brick; finished floor; exterior,Exterior & Porches (No Poly Enhance)/IMG_4022.jpeg,m/32cd82878df5.jpg
bf2404ec2b09,photo,Concrete walkway along brick and stone house,Light gray concrete walkway beside a brick and stone house with gravel beds and a front porch fountain,driveway_or_walkway,bare_concrete,,,,,finished,residential,,,4,True,walkway; exterior; concrete sidewalk; brick house; stone veneer; gravel landscaping; front entry; broom finish concrete,Exterior & Porches (No Poly Enhance)/IMG_4104.HEIC,m/bf2404ec2b09.jpg
0fc9d5d5b7b3,photo,Raised brick porch with gray tan flake floor,"Raised brick home porch with speckled gray tan flake floor coating, wet glossy finish, full flake patio floor",patio_or_porch,full_flake,,,,"warm gray-tan base with fine gray, white and brown chips",finished,residential,,,4,True,porch; patio; exterior; full flake; gray tan chips; brick house; wet look; raised patio; finished floor; landscaping,Exterior & Porches (No Poly Enhance)/IMG_4125.JPG,m/0fc9d5d5b7b3.jpg
decba5603e30,photo,Front porch with gray full flake floor,"Brick home front porch with gray, white and black full flake coating, blue door and white columns",patio_or_porch,full_flake,,,,"gray, white and black chips, small to medium size",finished,residential,,,4,True,front porch; exterior; full flake; gray chips; white chips; black chips; brick house; blue door; columns; finished,Exterior & Porches (No Poly Enhance)/IMG_4540.JPG,m/decba5603e30.jpg
fd8154b2217b,photo,Rooftop balcony with tan full flake floor,"Covered balcony with tan full flake floor, wood chairs and glass railing overlooking a river bridge",patio_or_porch,full_flake,,,,"tan, brown, black and white chips, small to medium size",finished,commercial,,,4,True,full flake; balcony; porch; exterior; tan chips; brown chips; glass railing; wood chairs; river view; finished,Exterior & Porches (No Poly Enhance)/IMG_4748.JPG,m/fd8154b2217b.jpg
882df93a7789,photo,Backyard patio with tan full flake floor,"Glossy tan full flake patio coating beside a house with white porch columns and lawn, full flake patio floor coating",patio_or_porch,full_flake,,,,tan and cream base with small brown and black chips,finished,residential,,,4,True,patio; exterior; full flake; tan chips; wet look; glossy; backyard; porch columns; residential,Exterior & Porches (No Poly Enhance)/IMG_4750.JPG,m/882df93a7789.jpg
2e0a136fbd0b,photo,Covered porch with gray full flake floor,"Covered porch with gray, white and black full flake floor coating beside brick wall and sliding glass door",patio_or_porch,full_flake,,,,"gray, white and black chips with scattered tan and brown chips, small to medium size",finished,residential,,,4,True,porch; exterior; full flake; gray chips; white chips; black chips; tan chips; brick wall; sliding glass door; finished floor,Exterior & Porches (No Poly Enhance)/IMG_4981.JPG,m/2e0a136fbd0b.jpg
79d06da19d71,photo,Covered front porch with tan full flake floor,Covered brick front porch with a tan full flake floor coating beside white windows and siding,patio_or_porch,full_flake,,,,"tan base with brown, black and white chips, small to medium size",finished,residential,,,4,True,front porch; full flake; tan chips; brown chips; brick house; covered porch; exterior floor; finished floor; residential,Exterior & Porches (No Poly Enhance)/IMG_5057.JPG,m/79d06da19d71.jpg
ede525123e98,photo,Close up of gray flake porch floor,"Low angle close up of a gray, white and black full flake coated porch floor with railing in background",patio_or_porch,full_flake,,,,"gray, white and black chips, medium size",close_up,residential,,,4,True,porch; exterior; full flake; gray chips; close up; residential; coated concrete; flake floor,Exterior & Porches (No Poly Enhance)/IMG_5061.JPG,m/ede525123e98.jpg
cc9843319cda,photo,Backyard patio with tan full flake floor,"Backyard patio with tan full flake floor coating, grill, flower beds and wood fence",patio_or_porch,full_flake,,,,"tan, brown, black and white chips, small to medium size",finished,residential,,,4,True,patio; full flake; tan chips; brown chips; backyard; grill; flower beds; exterior; finished floor,Exterior & Porches (No Poly Enhance)/IMG_5062.JPG,m/cc9843319cda.jpg
1d070b5c9c20,photo,Front porch with dark full flake coating,"Front porch floor and brick kneewall coated in dark brown and black full flake, caution tape nearby, exterior full flake floor coating",patio_or_porch,full_flake,,,,"dark brown and black chips with small light flecks, fine to medium size",finished,residential,,,3,False,front porch; exterior; full flake; dark flakes; brown and black chips; brick wall; caution tape; residential; entryway,Exterior & Porches (No Poly Enhance)/IMG_5067.JPG,m/1d070b5c9c20.jpg
790ae7ef760c,photo,Dark full flake coating on back patio,Back patio with a dark speckled full flake floor coating beside a brick house and lawn,patio_or_porch,full_flake,,,,"very dark base with black, gray and small brown chips, medium size",finished,residential,,,4,True,patio; exterior; full flake; dark chips; black and gray chips; brick house; glossy; finished floor; backyard,Exterior & Porches (No Poly Enhance)/IMG_5068.JPG,m/790ae7ef760c.jpg
ac5c52ae9d5b,photo,Covered front porch with brown full flake floor,Covered residential front porch with stone columns and a brown full flake concrete floor coating,patio_or_porch,full_flake,,,,"small brown, tan and gray chips with specks of black, fairly dense blend",finished,residential,,,4,True,porch; front porch; full flake; exterior; stone columns; brown chips; tan chips; residential; finished floor; covered porch,Exterior & Porches (No Poly Enhance)/IMG_5070.JPG,m/ac5c52ae9d5b.jpg
142affb27d32,photo,Covered porch with dark full flake floor,Covered residential porch with a dark full flake floor coating beside a gravel bed,patio_or_porch,full_flake,,,,"black base with white and gray chips, small to medium size",finished,residential,,,4,True,porch; exterior; full flake; dark floor; black and white chips; covered porch; gravel border; finished,Exterior & Porches (No Poly Enhance)/IMG_5071.JPG,m/142affb27d32.jpg
2f3bda07f1f0,photo,Gray full flake front porch floor,Low angle view of a gray full flake coated front porch with stone veneer and caution tape on the railing,patio_or_porch,full_flake,,,,"gray, white and black chips, small to medium size",finished,residential,,,4,True,full flake; porch; exterior; gray chips; white chips; black chips; stone veneer; sunny; low angle,Exterior & Porches (No Poly Enhance)/IMG_5144.JPG,m/2f3bda07f1f0.jpg
72039f1a29b8,photo,Brown full flake coating on exterior patio,"Low angle view of a brown full flake coated patio beside a house with siding, full flake patio floor coating",patio_or_porch,full_flake,,,,"tan, brown and black chips with some white, medium size",finished,residential,,,4,True,patio; exterior; full flake; brown chips; tan chips; low angle; residential; finished floor; house siding,Exterior & Porches (No Poly Enhance)/IMG_6313.JPG,m/72039f1a29b8.jpg
10b1db3dd19f,photo,Front porch with gray full flake floor,Covered front porch with white columns and a gray full flake floor coating beside black shutters,patio_or_porch,full_flake,,,,"gray, white and black chips, small to medium size",finished,residential,,,4,True,porch; exterior; full flake; gray chips; white columns; black shutters; finished floor; residential,Exterior & Porches (No Poly Enhance)/IMG_6325.JPG,m/10b1db3dd19f.jpg
89bb1998a96d,photo,Porch with tan full flake floor and wicker rocker,"White wicker rocking chair on a tan full flake coated porch floor, full flake patio floor coating",patio_or_porch,full_flake,,,,"tan and light brown chips, small size, fairly uniform",finished,residential,Indianapolis,2018-08-09,4,True,porch; full flake; tan chips; wicker furniture; rocking chair; exterior; finished floor; patio,Exterior & Porches (No Poly Enhance)/IMG_6405.JPG,m/89bb1998a96d.jpg
072421a85dcc,photo,Covered porch with gray full flake floor,"Covered residential porch with a gray full flake floor coating, caution tape still wrapped around a column",patio_or_porch,full_flake,,,,"gray, white and black chips, small to medium size",finished,residential,,,3,False,porch; exterior; full flake; gray chips; white chips; black chips; caution tape; patio floor,Exterior & Porches (No Poly Enhance)/IMG_6447.JPG,m/072421a85dcc.jpg
980d525663e0,photo,Covered brick porch with full flake floor,"Covered brick porch with glossy tan, brown, black and gray full flake concrete coating",patio_or_porch,full_flake,,,,"tan, brown, black, white and gray chips, small to medium size",finished,residential,Detroit,2018-08-15,4,True,porch; exterior; full flake; tan chips; brown chips; black chips; gray chips; brick walls; covered porch; glossy floor,Exterior & Porches (No Poly Enhance)/IMG_6536.JPG,m/980d525663e0.jpg
d17aaf00ac07,photo,Flake coated porch edge at grass level,"Low angle view of a flake coated concrete porch edge beside grass, tan and brown chips, full flake patio coating",patio_or_porch,full_flake,,,,"tan, brown and black chips with some gray, small to medium size",close_up,residential,,,4,True,porch; exterior; full flake; tan chips; brown chips; black chips; low angle; edge detail; residential; finished floor,Exterior & Porches (No Poly Enhance)/IMG_8558.JPG,m/d17aaf00ac07.jpg
92335d9550f1,photo,Front porch and walkway with gray flake floor,"Coated front porch, steps and walkway with light gray full flake finish on a brick home, full flake patio floor coating",patio_or_porch,full_flake,,,,"light gray base with small white, gray and black chips",finished,residential,,,4,True,front porch; patio; full flake; gray chips; white chips; exterior; steps; walkway; brick house; finished,Exterior & Porches (No Poly Enhance)/IMG_8577.JPG,m/92335d9550f1.jpg
fc7904224d12,photo,Low angle view of full flake patio floor,"Low angle view of a tan and brown flake coated patio floor edge with grass and sliding door behind, full flake concrete coating",patio_or_porch,full_flake,,,,"tan and brown base with black, rust and white chips, medium size",finished,residential,,,4,True,patio; porch; full flake; tan chips; brown chips; black chips; exterior; finished floor; low angle; grass edge,Exterior & Porches (No Poly Enhance)/IMG_8578.JPG,m/fc7904224d12.jpg
4d98ef2de2ef,photo,Front porch with gray tan full flake floor,"Covered brick front porch with a gray and tan full flake floor coating, low angle view with flag and lawn",patio_or_porch,full_flake,,,,"gray, tan and black chips, small to medium size",finished,residential,,,4,True,front porch; exterior; full flake; gray chips; tan chips; brick house; covered porch; residential; finished floor,Exterior & Porches (No Poly Enhance)/IMG_8579.JPG,m/4d98ef2de2ef.jpg
010785695a53,photo,Sunroom porch with brown full flake floor,Sunroom with wicker furniture on a glossy brown full flake floor coating,patio_or_porch,full_flake,,,,"tan, brown, black and white chips, small to medium size",finished,residential,,,4,True,sunroom; porch; full flake; brown chips; tan chips; wicker furniture; glossy floor; finished floor; exterior,Exterior & Porches (No Poly Enhance)/IMG_8580 2.JPG,m/010785695a53.jpg
a2c14a547d4d,photo,Front porch step with gray full flake coating,"Coated front porch step with gray, black and white flake coating beside brick wall and garden bed, full flake floor coating",patio_or_porch,full_flake,,,,"gray base with black and white chips, medium size",finished,residential,,,4,True,porch; front step; full flake; gray chips; brick house; exterior; garden; stem wall; residential; finished,Exterior & Porches (No Poly Enhance)/IMG_8585.JPG,m/a2c14a547d4d.jpg
a2351f5d3eff,photo,Brick porch with gray full flake floor,"Covered brick porch with glossy gray, white and black full flake floor coating in sunlight",patio_or_porch,full_flake,,,,"gray, white and black chips with slight tan, medium size, glossy clear coat",finished,residential,,,4,True,porch; full flake; exterior; brick columns; gray chips; white chips; black chips; glossy; residential; finished floor,Exterior & Porches (No Poly Enhance)/IMG_8586.JPG,m/a2351f5d3eff.jpg
89ba5859887a,photo,Flake coated patio edge beside green lawn,"Close up of a full flake coated patio edge with tan, brown and red chips next to a green lawn",patio_or_porch,full_flake,,,,"tan, brown, black and rust red chips, small to medium size",close_up,residential,,,4,True,patio; full flake; edge detail; tan chips; brown chips; rust red chips; lawn; exterior; close up; finished,Exterior & Porches (No Poly Enhance)/IMG_8696.JPG,m/89ba5859887a.jpg
0f5e6481b14a,photo,Covered porch with gray full flake floor,"Covered porch on a green metal building with a gray full flake floor coating, wrapped edges and gravel yard",patio_or_porch,full_flake,,,,"gray, white and black chips, small to medium size",finished,residential,,,4,True,porch; exterior; full flake; gray chips; white chips; black chips; covered porch; metal building; finished floor,Exterior & Porches (No Poly Enhance)/IMG_8814.JPG,m/0f5e6481b14a.jpg
f92f834b3784,photo,Front porch with tan full flake floor,"Front entry porch with a tan, brown and black full flake coated concrete floor",patio_or_porch,full_flake,,,,"tan base with brown, black and white chips, small to medium size",finished,residential,,,4,True,porch; front entry; full flake; tan chips; brown chips; exterior; residential; finished floor; siding,Exterior & Porches (No Poly Enhance)/IMG_9576.JPG,m/f92f834b3784.jpg
790346d1ed0e,photo,Patio dining area with light tan flake floor,Wooden dining table and chairs on a covered patio with a light tan full flake coated concrete floor,patio_or_porch,full_flake,,,,"very fine tan, beige and gray chips, small size, light overall tone",finished,residential,,2020-06-03,4,True,patio; outdoor dining; wood furniture; tan flake; fine chips; covered patio; french doors; finished floor,Exterior & Porches (No Poly Enhance)/JollysPatio.jpg,m/790346d1ed0e.jpg
beb80551650a,photo,Covered porch with gray flake floor and swings,Covered brick porch with two hanging swings and a rug over a light gray full flake floor coating,patio_or_porch,full_flake,,,,"light gray with fine white, gray and black chips, small size",finished,residential,,2020-06-03,4,True,porch; patio; gray flake floor; porch swing; outdoor rug; brick wall; wicker furniture; finished floor; full flake; residential exterior,Exterior & Porches (No Poly Enhance)/Kennys Patio.jpg,m/beb80551650a.jpg
bb761adeb7b1,photo,Patio with light gray full flake floor and outdoor kitchen,"Patio with light gray full flake coating, covered porch columns and stone outdoor kitchen, full flake patio floor coating",patio_or_porch,full_flake,,,,"light gray and white chips with dark specks, fine to medium size",finished,residential,,2021-04-07,4,True,patio; outdoor kitchen; grill island; full flake; light gray chips; exterior; columns; stone veneer; finished floor,Exterior & Porches (No Poly Enhance)/Patio.jpg,m/bb761adeb7b1.jpg
91dc719f9c32,photo,Covered porch with light gray flake floor,"Covered porch with light gray full flake floor coating, red patio chair, rugs and potted plants",patio_or_porch,full_flake,,,,"light gray and beige fine chips, small size",finished,residential,,2021-05-24,4,True,patio; porch; exterior; full flake; light gray chips; beige chips; patio furniture; outdoor rug; potted plants; french doors,Exterior & Porches (No Poly Enhance)/Patio1 copy.jpg,m/91dc719f9c32.jpg
75b49f4db59b,photo,Patio seating area on gray full flake floor,Outdoor sectional sofa and rug on a gray full flake patio floor coating,patio_or_porch,full_flake,,,,"light gray, white and black chips, small to medium size",finished,residential,,2018-08-01,3,False,patio; outdoor furniture; full flake; gray chips; white chips; black chips; sectional sofa; area rug; finished floor,Exterior & Porches (No Poly Enhance)/Patio1.jpg,m/75b49f4db59b.jpg
181e2dfa2ccb,photo,Patio with gray full flake floor and hot tub,Gray full flake patio floor beside a hot tub and stone knee wall on a house with dark siding,patio_or_porch,full_flake,,,,"light gray base with white, black and gray chips, small to medium size",finished,residential,,,4,False,patio; full flake; gray chips; hot tub; stone wall; exterior; dark siding; finished floor,Exterior & Porches (No Poly Enhance)/Patio2 copy.jpg,m/181e2dfa2ccb.jpg
d0b329680390,photo,Covered porch with light gray flake floor and columns,Covered porch with white columns and light gray full flake patio floor coating,patio_or_porch,full_flake,,,,"light gray and white fine chips, small size",finished,residential,,2021-04-07,4,True,patio; covered porch; columns; full flake; light gray chips; exterior; finished floor; control joints,Exterior & Porches (No Poly Enhance)/Patio2(1).jpg,m/d0b329680390.jpg
f09ec80ef73e,photo,High-rise balcony with gray full flake floor,Wicker sofa and plants on a high-rise balcony with a gray speckled full flake patio floor coating,patio_or_porch,full_flake,,,,"gray, white and black chips, small size",finished,residential,,2018-08-01,4,True,patio; balcony; full flake; gray chips; wicker furniture; outdoor rug; exterior; finished floor,Exterior & Porches (No Poly Enhance)/Patio2(2).jpg,m/f09ec80ef73e.jpg
6ee87864e63a,photo,Covered back porch with coated patio and step,"Covered back porch with white columns and a coated concrete patio and step, full flake patio floor coating",patio_or_porch,full_flake,,,,"light tan and brown small chips visible on the step edge, flat tan surface elsewhere",finished,residential,,2021-05-24,4,True,patio; covered porch; white columns; full flake; tan chips; outdoor furniture; potted plants; steps; residential exterior; finished floor,Exterior & Porches (No Poly Enhance)/Patio2.jpg,m/6ee87864e63a.jpg
894f05ad02a6,photo,Backyard patio with light gray flake floor,"Backyard patio with light gray and white full flake coating, saw-cut joints, lawn and trees beyond",patio_or_porch,full_flake,,,,"light gray and white chips with some darker specks, fine to medium size",finished,residential,,2021-04-07,4,True,patio; exterior; full flake; light gray chips; white chips; saw cut joints; backyard; lawn; finished floor,Exterior & Porches (No Poly Enhance)/Patio3(1).jpg,m/894f05ad02a6.jpg
37cb823dfd0c,photo,Backyard patio with light full flake floor,"Patio with light gray flake coated floor, dining set, umbrellas and lounge chair by a house porch",patio_or_porch,full_flake,,,,very light gray and off-white fine chips,finished,residential,,2021-05-24,4,True,patio; full flake; outdoor living; light gray chips; patio furniture; umbrella; porch columns; backyard; finished floor,Exterior & Porches (No Poly Enhance)/Patio3.jpg,m/37cb823dfd0c.jpg
a15ea9bff63d,photo,Covered patio with light full flake floor,"Covered patio with white columns, chaise lounge and potted flowers on a light full flake patio floor coating",patio_or_porch,full_flake,,,,"light gray and beige fine chips, washed out by bright sunlight",finished,residential,,2021-05-24,4,True,patio; covered porch; full flake; light gray chips; columns; chaise lounge; potted plants; exterior; finished floor,Exterior & Porches (No Poly Enhance)/Patio4.jpg,m/a15ea9bff63d.jpg
1a3b7f58c419,photo,Sunny patio with light speckled coated floor,"Covered patio with columns, lounge chair and light speckled coated concrete floor, patio floor coating",patio_or_porch,full_flake,,,,"very light gray and beige fine chips, washed out by bright sun",finished,residential,,2021-05-24,4,True,patio; covered porch; columns; lounge chair; potted plants; light gray chips; fine flake; outdoor floor; sunny; residential,Exterior & Porches (No Poly Enhance)/Patio5.jpg,m/1a3b7f58c419.jpg
3e29d0bddb94,photo,Patio with outdoor kitchen and light flake floor,"Patio with stone outdoor kitchen, bar stools and light speckled full flake patio floor coating",patio_or_porch,full_flake,,,,"very light gray and off-white chips, fine to small size",finished,residential,,2021-05-24,4,True,patio; outdoor kitchen; full flake; light gray chips; bar stools; grill; stone bar; exterior; finished floor; backyard,Exterior & Porches (No Poly Enhance)/Patio6.jpg,m/3e29d0bddb94.jpg
45611544b012,photo,Backyard patio with light tan flake floor,"Patio with light tan flake coated concrete, lounge chair and potted flowers, patio floor coating",patio_or_porch,full_flake,,,,"light tan and cream chips with fine brown and gray specks, small size",finished,residential,,2021-05-24,4,True,patio; exterior; full flake; tan chips; patio furniture; potted plants; finished; backyard; lounge chair; sunny,Exterior & Porches (No Poly Enhance)/Patio7 copy.jpg,m/45611544b012.jpg
d1c85df33e21,photo,Backyard patio with light gray flake floor,"Sunny backyard patio with light speckled flake floor coating, lounge chair and potted flowers",patio_or_porch,full_flake,,,,"fine light gray and tan chips, small size",finished,residential,,2021-05-24,4,True,patio; exterior; full flake; light gray chips; outdoor furniture; potted plants; backyard; finished floor,Exterior & Porches (No Poly Enhance)/Patio7.jpg,m/d1c85df33e21.jpg
0c686b042e6c,photo,Covered porch with light gray flake floor and red patio furniture,"Covered porch with light gray flake floor coating, red cushioned sofa, armchair and patterned ottoman on an outdoor rug",patio_or_porch,full_flake,,,,"light gray and white fine chips, mostly covered by rug and furniture",finished,residential,,2021-05-24,4,False,porch; patio; light gray; flake floor; outdoor furniture; red cushions; area rug; french doors; finished; exterior,Exterior & Porches (No Poly Enhance)/Patio8.jpg,m/0c686b042e6c.jpg
b343eba25ee9,video,Crew rolling metallic epoxy in large basement,Crew rolling out a glossy tan metallic epoxy floor in a large basement during installation,basement,metallic,,,,"glossy tan and copper swirled metallic coating being rolled out, still wet",in_progress,residential,Detroit,2021-12-15,3,False,metallic epoxy; in progress; basement floor; crew working; tan metallic; rolling epoxy; glossy floor; video,Floor Videos/01B032D8-2566-4B35-8E3E-6D26089E3EA3.MP4,m/b343eba25ee9.jpg
a188b8b408dd,photo,GatorGuard box truck at residential driveway,GatorGuard Floor Coatings box truck with liftgate parked in a residential driveway in front of a brick house,driveway_or_walkway,not_applicable,,,,,truck_or_equipment,residential,Cincinnati,2020-06-09,4,True,GatorGuard truck; gatortguard truck; box truck; liftgate; branding; driveway; brick house; residential; company vehicle,Floors W- GG Truck/#21.JPG,m/a188b8b408dd.jpg
a81214a65fa3,photo,Wet-look sealed concrete joint with GatorGuard truck,"Close-up of glossy wet-look sealer on exposed aggregate concrete with control joint, GatorGuard truck behind",driveway_or_walkway,poly_enhance,,,,,close_up,residential,,,4,True,GatorGuard truck; wet look sealer; exposed aggregate; control joint; driveway; glossy finish; close up; poly enhance,Floors W- GG Truck/2D1C952C-3355-4432-99ED-CE018B5DEC53.JPG,m/a81214a65fa3.jpg
d855a4c408dd,photo,Close up of outdoor tan flake coating,Close up of a tan full flake coated concrete surface outdoors with black and white chips,patio_or_porch,full_flake,,,,"tan base with black, white and brown chips, small to medium size",close_up,residential,,,3,False,GatorGuard truck; full flake; tan chips; black chips; white chips; close up; outdoor; patio; clear coat; texture,Floors W- GG Truck/4A9D3B47-B7DC-46C1-B79A-2A1A6E1551BB.JPG,m/d855a4c408dd.jpg
803c41bbd46e,photo,GatorGuard box truck parked in suburban driveway,GatorGuard Floor Coatings box truck with gator logo parked on a residential driveway in a suburban neighborhood,driveway_or_walkway,not_applicable,,,,,truck_or_equipment,residential,Cincinnati,2020-10-06,4,True,GatorGuard truck; gatoguard truck; box truck; vehicle wrap; branding; driveway; suburban neighborhood; company vehicle; gator logo,Floors W- GG Truck/BB5CC7C8-106D-4E8E-924A-C646E7A488ED.JPG.jpeg,m/803c41bbd46e.jpg
d81cf4b7eba9,photo,Flake coated driveway with GatorGuard truck,"Low angle view of a tan flake coated residential driveway with the GatorGuard truck parked behind it, full flake floor coating",driveway_or_walkway,full_flake,,,,"tan, brown and black chips, small to medium size",finished,residential,,2022-02-21,3,False,GatorGuard truck; driveway; full flake; tan chips; brown chips; gg truck; residential; exterior; finished floor; sunlight,Floors W- GG Truck/IMG_0271.JPG,m/d81cf4b7eba9.jpg
2128e8db8c87,photo,GatorGuard box truck and yard sign at jobsite,"GatorGuard Concrete Coatings box truck with liftgate parked on a residential street, yard sign on lawn",other_exterior,not_applicable,,,,,truck_or_equipment,residential,,,4,False,GatorGuard truck; box truck; yard sign; liftgate; jobsite; residential street; branding; lawn,Floors W- GG Truck/IMG_0326.JPG,m/2128e8db8c87.jpg
137341147015,photo,GatorGuard box truck under carport,GatorGuard Concrete Coatings box truck parked under a carport with yellow caution tape across the view,other_exterior,not_applicable,,,,,truck_or_equipment,,,,3,False,GatorGuard truck; box truck; vehicle wrap; branding; carport; caution tape; outdoor,Floors W- GG Truck/IMG_0924.JPG,m/137341147015.jpg
f1c0315e9c6f,photo,Low angle full flake patio with GatorGuard truck,Low angle view of a tan full flake coated patio with a GatorGuard truck parked in the driveway behind it.,patio_or_porch,full_flake,,,,"tan and brown chips with black specks, small to medium size",finished,residential,,,4,True,GatorGuard truck; patio; full flake; tan chips; exterior; low angle; residential; sunny; finished floor,Floors W- GG Truck/IMG_0999.JPG,m/f1c0315e9c6f.jpg
089d0594cabb,photo,Low angle flake floor with GatorGuard truck,Low angle view of a tan full flake garage floor with a GatorGuard box truck parked outside,garage,full_flake,,,,"tan, brown and black chips, small to medium size",finished,residential,,,3,False,GatorGuard truck; full flake; garage floor; tan chips; low angle; residential; finished floor,Floors W- GG Truck/IMG_1686 2.JPG,m/089d0594cabb.jpg
71da3840a794,photo,Front porch with tan full flake floor and GatorGuard truck,Brick front porch with tan full flake floor coating and GatorGuard truck parked at the curb,patio_or_porch,full_flake,,,,"tan, brown and black chips, small to medium size",finished,residential,,,4,True,GatorGuard truck; front porch; full flake; tan chips; brown chips; brick wall; residential; finished floor; outdoor coating,Floors W- GG Truck/IMG_2135.JPG,m/71da3840a794.jpg
2368cf21834d,photo,Covered patio with gray full flake floor,"Glossy gray full flake coating on a covered residential patio with GatorGuard truck parked nearby, full flake patio floor coating",patio_or_porch,full_flake,,,,"gray, white and black chips, medium size, wet glossy clear coat",finished,residential,,,4,True,GatorGuard truck; patio; covered porch; full flake; gray chips; glossy; caution tape; residential; exterior; finished floor,Floors W- GG Truck/IMG_2156.JPG,m/2368cf21834d.jpg
c8436818072b,photo,Glossy dark flake garage floor with truck outside,Glossy dark brown and black flake garage floor with a truck parked in the driveway outside,garage,full_flake,,,,"dark brown and black chips with some tan, small to medium size, glossy wet-look clear coat",finished,residential,,,4,False,GatorGuard truck; garage floor; full flake; dark brown chips; glossy finish; wet look; garage door; truck; residential; driveway,Floors W- GG Truck/IMG_2157.JPG,m/c8436818072b.jpg
e6d28d69bcb8,photo,GatorGuard box truck parked at residential job site,GatorGuard box truck with full wrap parked on a residential street beside a brick home and paver walkway,driveway_or_walkway,not_applicable,,,,,truck_or_equipment,residential,,2022-05-10,4,True,GatorGuard truck; box truck; vehicle wrap; branding; residential; paver walkway; lawn; brick house; job site,Floors W- GG Truck/IMG_2532.JPG,m/e6d28d69bcb8.jpg
6c0c1b1c8c5c,photo,Coated front porch with GatorGuard truck,"Front porch with tan and gray full flake floor coating, brick column, and GatorGuard truck parked at the curb",patio_or_porch,full_flake,,,,"tan, gray, brown and black chips, small to medium size",finished,residential,,,4,True,GatorGuard truck; front porch; full flake; tan gray chips; brick column; gatortruck; branding; residential; finished floor; outdoor coating,Floors W- GG Truck/IMG_4210.PNG,m/6c0c1b1c8c5c.jpg
1aa15590979e,photo,Custom color flake blend promotional graphic,Graphic showing six custom flake color swatches over a football field with text about free custom flake blends,not_visible,full_flake,,,,"six custom flake swatches in team colors: red/gray/black, orange/black, yellow/black, green/white, blue/gray, purple/yellow",graphic,,,,3,False,gameday photoshoot; final pick; marketing graphic; custom colors; flake swatches; sports team colors; gameday; flake blends; text overlay,Gameday Photoshoot/Gameday Final/Custom Color.JPG,m/1aa15590979e.jpg
fae9045c92ea,photo,Gameday free team logo promo graphic,"Promo graphic reading free team logo installation on your floor, green gator logo over gray full flake garage floor",not_visible,full_flake,,,,"gray, white and black chips, small to medium size",graphic,,,,4,False,gameday photoshoot; final pick; marketing graphic; promo; team logo; gameday; gator logo; full flake; gray flakes; text overlay; offer,Gameday Photoshoot/Gameday Final/Free Logo.JPG,m/fae9045c92ea.jpg
c4b2c49dc875,photo,Gameday Special promo graphic with cheering fans,Marketing graphic of fans cheering at a TV reading Gameday Special above a gray flake floor strip,not_visible,full_flake,,,,"small strip of gray, white and black flake floor at bottom of graphic",graphic,,,,4,False,gameday photoshoot; final pick; gameday special; promotion; marketing graphic; fans cheering; tv; green shirts; gray flake floor; social media,Gameday Photoshoot/Gameday Final/Gameday.JPG,m/c4b2c49dc875.jpg
99480a8e9ecb,photo,Nacho proof floors graphic with cheese spill,Hand wiping nacho cheese and chips off a gray full flake floor with text overlay reading Nacho Proof Floors,not_visible,full_flake,,,,"gray base with mixed gray, white, black and tan chips, small to medium size",graphic,,,,3,False,gameday photoshoot; final pick; text overlay; gameday; nachos; cheese spill; easy clean; gray flake; social post; hand wiping; microfiber cloth,Gameday Photoshoot/Gameday Final/Nacho Proof.JPG,m/99480a8e9ecb.jpg
f95bf1ca005e,photo,Golden retriever on flake floor with pet friendly text,Golden retriever sitting on a speckled flake coated floor with Pet Friendly Floors text overlay,not_visible,full_flake,,,,"light gray and off-white small chips, fine speckled mix",finished,,,,4,False,gameday photoshoot; final pick; dog; golden retriever; pet friendly; text overlay; full flake; light gray chips; staged photo; marketing,Gameday Photoshoot/Gameday Final/Pet Friendly.JPG,m/f95bf1ca005e.jpg
5af3d993741d,photo,Spilled soda can on flake floor with text overlay,Spilled soda can resting on a speckled full flake garage floor with spill proof floors text overlay,not_visible,full_flake,,,,"gray, tan, black and brown chips, small to medium size",close_up,,,,3,False,gameday photoshoot; final pick; spill; soda can; text overlay; full flake; close up; stain resistant; gray chips; tan chips; social post,Gameday Photoshoot/Gameday Final/Spill Proof.JPG,m/5af3d993741d.jpg
603b16b0c3f1,photo,GatorGuard crew celebrating on coated showroom floor,Five crew members in green GatorGuard shirts cheering on a speckled coated concrete floor,not_visible,full_flake,,,,"fine gray, tan and white chips, small size",team_or_portrait,,,2023-12-15,4,False,gameday photoshoot; team photo; crew; green shirts; coated floor; full flake; celebration; showroom,Gameday Photoshoot/Good 1.JPG,m/603b16b0c3f1.jpg
fdd837d5a431,photo,Close up of light gray full flake floor,"Close up of a light gray full flake floor with fine white, gray and black chips and a saw-cut joint",not_visible,full_flake,,,,"light gray base with fine white, gray, black and faint tan chips, small size",close_up,,,2023-12-15,3,False,gameday photoshoot; full flake; close up; light gray; fine chips; gray chips; floor coating; saw cut joint; surface detail,Gameday Photoshoot/IMG_1495.JPG,m/fdd837d5a431.jpg
e6e9b7fa51cd,photo,Close up of gray tan flake floor,"Close up of a full flake epoxy floor with small gray, white, tan and black chips",not_visible,full_flake,,,,"small dense chips in gray, white, tan and black with a few rust specks on a light gray base",close_up,,,2023-12-15,4,False,gameday photoshoot; full flake; close up; gray chips; tan chips; black chips; small chips; floor texture,Gameday Photoshoot/IMG_1496.JPG,m/e6e9b7fa51cd.jpg
7f38d17e143b,photo,Speckled floor under LeafGuard banner wall,Gray and tan speckled coated floor in a commercial room with a banner on the wall and a bottle on the floor,interior_room,full_flake,,,,"fine gray and tan chips, small size",finished,commercial,,2023-12-15,3,False,gameday photoshoot; full flake; gray chips; tan chips; interior; commercial; banner; bottle on floor,Gameday Photoshoot/IMG_1497.JPG,m/7f38d17e143b.jpg
a07fa290ec03,photo,Man mopping flake floor at showroom photoshoot,Man mopping a speckled flake epoxy floor in a showroom with a product banner on the wall,showroom_or_retail,full_flake,,,,"small tan, brown, gray and black chips on a gray base",crew_working,commercial,,2023-12-15,3,False,gameday photoshoot; showroom; photoshoot; mopping; full flake; tan gray chips; banner; cleaning; crew working; indoor,Gameday Photoshoot/IMG_1498.JPG,m/a07fa290ec03.jpg
dee92b67f014,photo,Showroom flake floor with cleaner and banner,Person sweeping a gray full flake floor in a showroom with a wall banner and yellow jug,showroom_or_retail,full_flake,,,,"gray, tan and black chips, fine to medium size",finished,commercial,,2023-12-15,3,False,gameday photoshoot; full flake; showroom; gray chips; tan chips; sweeping; banner; cleaning; finished floor,Gameday Photoshoot/IMG_1499.JPG,m/dee92b67f014.jpg
17bbbc14eb2f,photo,Two men in showroom with flake floor,Two men standing near a salon chair on a gray tan flake coated floor in a showroom,showroom_or_retail,full_flake,,,,"fine gray and tan chips, small size",team_or_portrait,commercial,,2023-12-15,3,False,gameday photoshoot; showroom; photoshoot; full flake; gray tan chips; salon chair; people; interior,Gameday Photoshoot/IMG_1500.JPG,m/17bbbc14eb2f.jpg
cf2f22ba2532,photo,Empty room with gray tan full flake floor,Empty room with office chair on a gray and tan full flake floor coating,interior_room,full_flake,,,,"fine tan, gray and brown chips, small size",finished,,,2023-12-15,3,False,gameday photoshoot; full flake; interior room; gray tan chips; office chair; empty room; finished floor; photoshoot,Gameday Photoshoot/IMG_1501.JPG,m/cf2f22ba2532.jpg
0ba124fe07c7,photo,Salon chair on tan full flake floor,Empty room with a salon chair on a tan and gray full flake floor coating,commercial_or_industrial,full_flake,,,,"tan, gray, brown and black chips, small to medium size",finished,commercial,,2023-12-15,3,False,gameday photoshoot; full flake; tan chips; gray chips; salon chair; commercial floor; empty room; photoshoot; finished floor,Gameday Photoshoot/IMG_1502.JPG,m/0ba124fe07c7.jpg
f15254b40bd7,photo,Salon chair on tan full flake floor,Black salon chair on a tan and brown full flake coated floor in a commercial room,commercial_or_industrial,full_flake,,,,"tan, brown and black chips, medium size",finished,commercial,,2023-12-15,3,False,gameday photoshoot; full flake; tan chips; brown chips; salon; commercial floor; chair; interior; finished floor,Gameday Photoshoot/IMG_1503.JPG,m/f15254b40bd7.jpg
8375ffc3e44d,photo,Photoshoot in room with tan flake floor,Man in green jersey beside a salon chair on a speckled tan full flake floor during a photoshoot,interior_room,full_flake,,,,"tan and brown chips with black accents, small to medium size",team_or_portrait,,,2023-12-15,3,False,gameday photoshoot; photoshoot; people; full flake; tan chips; interior room; chair; speckled floor; gameday,Gameday Photoshoot/IMG_1504.JPG,m/8375ffc3e44d.jpg
2e97e4de6eca,photo,Crew member posing on tan flake floor,Man in green GatorGuard shirt sitting on a stool in an empty room with a tan full flake floor,commercial_or_industrial,full_flake,,,,"tan and brown chips with black accents, small to medium size",team_or_portrait,commercial,,2023-12-15,4,False,gameday photoshoot; crew member; posed photo; tan chips; brown chips; full flake; empty room; white walls; gatorguard shirt,Gameday Photoshoot/IMG_1505.JPG,m/2e97e4de6eca.jpg
ca061277d8b0,photo,Two crew members posing on tan flake floor,Two GatorGuard crew members in green shirts posing in a showroom with a tan full flake floor,showroom_or_retail,full_flake,,,,"tan, brown and black chips, small to medium size",team_or_portrait,commercial,,2023-12-15,4,False,gameday photoshoot; team photo; crew; photoshoot; green shirts; showroom; tan flake floor; full flake; portrait,Gameday Photoshoot/IMG_1506.JPG,m/ca061277d8b0.jpg
fbbaf0e0f36a,photo,Three crew members posing on flake floor,Three men in neon green shirts posing with an office chair on a tan full flake coated floor,commercial_or_industrial,full_flake,,,,"fine tan, brown and gray chips, small size",team_or_portrait,,,2023-12-15,4,False,gameday photoshoot; team photo; crew; green shirts; photoshoot; full flake floor; tan chips; posing; office chair,Gameday Photoshoot/IMG_1507.JPG,m/fbbaf0e0f36a.jpg
14cc7cdb218b,photo,Showroom wall with tan full flake floor,"Empty showroom with white wall, barber chair and tan full flake garage floor coating",commercial_or_industrial,full_flake,,,,"tan, brown and gray chips, small to medium size",finished,commercial,,2023-12-15,3,False,gameday photoshoot; full flake; tan chips; showroom; chair; white wall; finished floor; interior,Gameday Photoshoot/IMG_1508.JPG,m/14cc7cdb218b.jpg
7411ec2ef21d,photo,Man entering room with gray flake floor,Man in green shirt walking into a room with an office chair and a gray flake coated floor,interior_room,full_flake,,,,"fine gray and tan chips, small size",finished,commercial,,2023-12-15,3,False,gameday photoshoot; interior room; gray chips; fine flake; office chair; doorway; finished floor; white walls,Gameday Photoshoot/IMG_1509.JPG,m/7411ec2ef21d.jpg
e8a32e2626c8,photo,Man in green jersey on flake floor,Man in a bright green jersey standing in a room with a tan speckled flake floor coating,interior_room,full_flake,,,,"fine tan, brown and gray speckled chips, small size",team_or_portrait,,,2023-12-15,3,False,gameday photoshoot; man; green jersey; flake floor; tan chips; interior room; chair; person,Gameday Photoshoot/IMG_1510.JPG,m/e8a32e2626c8.jpg
dee10d7691a8,photo,Empty showroom room with gray full flake floor,"Empty room with white walls, a styling chair and a gray full flake garage floor coating",commercial_or_industrial,full_flake,,,,"small gray, white and brown chips over a gray base, muted by flat lighting",finished,,,2023-12-15,3,False,gameday photoshoot; full flake; gray floor; empty room; chair; white walls; gray and brown chips; showroom; photoshoot,Gameday Photoshoot/IMG_1511.JPG,m/dee10d7691a8.jpg
b9a65b137696,photo,Salon chair on gray full flake floor,Salon chair in an empty room with a gray speckled full flake floor coating,interior_room,full_flake,,,,"fine gray and tan chips, small size",finished,commercial,,2023-12-15,3,False,gameday photoshoot; full flake; gray floor; salon chair; interior room; commercial floor; fine chips; finished floor,Gameday Photoshoot/IMG_1512.JPG,m/b9a65b137696.jpg
df320590edf9,photo,Empty garage with gray full flake floor,"Empty garage with white walls, side door and gray full flake garage floor coating",garage,full_flake,,,,"gray, black and white chips, small to medium size, mottled gray overall",finished,residential,,2023-12-15,3,False,gameday photoshoot; garage; full flake; gray chips; empty room; interior door; finished floor; speckled floor,Gameday Photoshoot/IMG_1513.JPG,m/df320590edf9.jpg
05637eff2792,photo,Man in green shirt on tan flake garage floor,Man in bright green shirt standing in an empty garage with a tan full flake garage floor coating,garage,full_flake,,,,"fine tan, brown and gray chips, small size",team_or_portrait,residential,,2023-12-15,3,False,gameday photoshoot; man in green shirt; garage; full flake; tan chips; empty garage; finished floor; profile pose,Gameday Photoshoot/IMG_1514.JPG,m/05637eff2792.jpg
bbf1361c610a,photo,GatorGuard crew on finished flake floor,Four people in green GatorGuard shirts standing on a flake floor at a gameday photoshoot,not_visible,full_flake,,,,"light gray and tan chips, small to medium size",team_or_portrait,,,2023-12-15,3,False,gameday photoshoot; team photo; crew; green shirts; full flake; gray tan chips; indoor; people,Gameday Photoshoot/IMG_1515.JPG,m/bbf1361c610a.jpg
407cb4786042,photo,Four staff in green shirts on coated floor,Four people in bright green shirts standing on a speckled flake coated floor facing a white wall,commercial_or_industrial,full_flake,,,,"small tan, gray and brown chips, seen at a distance under people",team_or_portrait,,,2023-12-15,4,False,gameday photoshoot; team photo; green shirts; staff; full flake floor; white wall; door; group,Gameday Photoshoot/IMG_1516.JPG,m/407cb4786042.jpg
cb677c3a71df,photo,Four crew members on coated garage floor,Four GatorGuard crew members in green shirts standing on a light tan full flake garage floor,garage,full_flake,,,,"light tan and gray chips, small to medium size",team_or_portrait,,,2023-12-15,4,False,gameday photoshoot; crew; team photo; green shirts; garage; full flake; tan chips; gray chips; finished floor,Gameday Photoshoot/IMG_1517.JPG,m/cb677c3a71df.jpg
3ba05ed89efa,photo,Four crew members on flake floor photoshoot,Four people in green GatorGuard shirts standing on a tan flake coated floor during a team photoshoot,not_visible,full_flake,,,,"fine tan, gray and brown chips, small size",team_or_portrait,,,2023-12-15,3,False,gameday photoshoot; team; photoshoot; crew; green shirts; full flake; tan chips; gameday; indoor; coated floor,Gameday Photoshoot/IMG_1518.JPG,m/3ba05ed89efa.jpg
28decf6743d7,photo,Crew in green shirts pointing at wall flag,Four GatorGuard crew members in green shirts pointing up at a flag on a white wall over a flake floor,commercial_or_industrial,full_flake,,,,"tan, brown and black chips, small to medium size",team_or_portrait,,,2023-12-15,4,False,gameday photoshoot; crew; team photo; green shirts; flag; flake floor; tan chips; indoor,Gameday Photoshoot/IMG_1519.JPG,m/28decf6743d7.jpg
3d78705be7be,photo,GatorGuard team photoshoot in coated showroom,Four GatorGuard team members in green shirts posing in a showroom with a light tan full flake floor,showroom_or_retail,full_flake,,,,"light tan and cream chips with small dark specks, fine to medium size",team_or_portrait,commercial,,2023-12-15,4,False,gameday photoshoot; team; photoshoot; gameday; green shirts; showroom; full flake; tan chips; crew; banner; stool,Gameday Photoshoot/IMG_1520.JPG,m/3d78705be7be.jpg
7a65b1b0bade,photo,GatorGuard crew celebrating on coated floor,Four GatorGuard crew members in green shirts cheering on a coated garage floor with tan flake finish,garage,full_flake,,,,"fine tan, brown and gray chips, small size",team_or_portrait,,,2023-12-15,4,False,gameday photoshoot; crew; team photo; green shirts; cheering; full flake; tan chips; garage floor; celebration,Gameday Photoshoot/IMG_1521.JPG,m/7a65b1b0bade.jpg
9769a09e208a,photo,Three crew members posing on coated floor,Three people in green shirts standing and sitting on a light gray chip epoxy floor during a photoshoot,interior_room,full_flake,,,,"light gray and tan chips, small size, seen from a distance",team_or_portrait,,,2023-12-15,4,False,gameday photoshoot; photoshoot; crew; green shirts; behind the scenes; full flake floor; gray tan chips; interior room,Gameday Photoshoot/IMG_1522.JPG,m/9769a09e208a.jpg
a6725daa90dd,photo,Four people in green shirts at photoshoot,Four people in neon green shirts with foam fingers standing on a speckled coated concrete floor,commercial_or_industrial,full_flake,,,,"fine tan and gray speckled chips, seen at a distance",other,,,2023-12-15,3,False,gameday photoshoot; green shirts; people; foam finger; coated floor; speckled floor; indoor; behind the scenes,Gameday Photoshoot/IMG_1523.JPG,m/a6725daa90dd.jpg
6834b04d5e3e,photo,Team photoshoot in showroom on flake floor,Four people in matching green shirts standing on a speckled flake epoxy floor during a team photoshoot,showroom_or_retail,full_flake,,,,"fine tan, brown and gray chips, small size",team_or_portrait,commercial,,2023-12-15,4,False,gameday photoshoot; team; photoshoot; gameday; green shirts; showroom; flake floor; tan chips; staff,Gameday Photoshoot/IMG_1524.JPG,m/6834b04d5e3e.jpg
91031a80b006,photo,Crew in green shirts during gameday photoshoot,Four GatorGuard crew members in green shirts posing in a large room with a light flake floor during a photoshoot,commercial_or_industrial,full_flake,,,,"light tan and gray chips, small size, seen at a distance",team_or_portrait,,,2023-12-15,4,False,gameday photoshoot; crew; photoshoot; gameday; green shirts; team; full flake floor; stool; banner; indoor,Gameday Photoshoot/IMG_1525.JPG,m/91031a80b006.jpg
75a5c6283748,photo,GatorGuard team posing on flake floor,Five GatorGuard crew members in green shirts pose with raised arms on a tan flake coated floor indoors,interior_room,full_flake,,,,"fine tan and brown chips, small size, seen at a distance",team_or_portrait,,,2023-12-15,4,True,gameday photoshoot; team photo; crew; green shirts; full flake floor; tan chips; indoor; stool; white walls; group pose,Gameday Photoshoot/IMG_1526.JPG,m/75a5c6283748.jpg
20a3dace08b8,photo,GatorGuard crew celebrating on flake floor,Five crew members in green GatorGuard shirts celebrate with raised arms on a light flake floor,showroom_or_retail,full_flake,,,,"small light tan, gray and white chips on a light base",team_or_portrait,,,2023-12-15,4,False,gameday photoshoot; team photo; crew; green shirts; celebration; full flake; light tan chips; showroom; branded shirts,Gameday Photoshoot/IMG_1527.JPG,m/20a3dace08b8.jpg
9cccdd549f7e,photo,Crew in green shirts celebrating on flake floor,GatorGuard crew in green shirts with raised arms standing on a gray full flake coated floor,showroom_or_retail,full_flake,,,,light gray and white fine chips on the floor,team_or_portrait,,,2023-12-15,4,False,gameday photoshoot; team; crew; green shirts; celebrating; full flake; gray chips; showroom,Gameday Photoshoot/IMG_1529.JPG,m/9cccdd549f7e.jpg
b3c55e980646,photo,Team members standing on speckled flake floor,Four people in neon green shirts standing on a speckled tan full flake coated floor,not_visible,full_flake,,,,"small tan, brown and gray chips, dim lighting",team_or_portrait,,,2023-12-15,3,False,gameday photoshoot; team; green shirts; photoshoot; full flake; tan chips; indoor floor,Gameday Photoshoot/IMG_1530.JPG,m/b3c55e980646.jpg
aca13e9f8d2f,photo,GatorGuard team photoshoot on flake floor,Four GatorGuard crew members in green shirts standing on a light flake coated floor during a team photoshoot,showroom_or_retail,full_flake,,,,"light gray and white chips, small size",team_or_portrait,,,2023-12-15,4,False,gameday photoshoot; team; photoshoot; crew; green shirts; gameday; flake floor; showroom; staff,Gameday Photoshoot/IMG_1531.JPG,m/aca13e9f8d2f.jpg
02603beaf15d,photo,Four people in green shirts on flake floor,Four people in green GatorGuard shirts standing on a gray full flake coated floor in a large open room,showroom_or_retail,full_flake,,,,"fine gray, white and tan chips over a gray base",team_or_portrait,commercial,,2023-12-15,3,False,gameday photoshoot; team; green shirts; full flake; gray chips; photoshoot; large room; stool; finished floor,Gameday Photoshoot/IMG_1532.JPG,m/02603beaf15d.jpg
e58dd51fda4c,photo,Photoshoot behind the scenes on flake garage floor,People in green shirts during a photoshoot on a tan flake garage floor coating,garage,full_flake,,,,"tan and brown chips with black specks, small to medium size",team_or_portrait,residential,,2023-12-15,3,False,gameday photoshoot; behind the scenes; garage; tan flake floor; full flake; people; stool; white walls,Gameday Photoshoot/IMG_1533.JPG,m/e58dd51fda4c.jpg
51364a98066f,photo,Team in green shirts on flake floor,Four people in neon green shirts standing in a room with a light speckled flake floor,interior_room,full_flake,,,,"light tan and gray chips, small size",team_or_portrait,,,2023-12-15,3,False,gameday photoshoot; team; photoshoot; green shirts; flake floor; interior; stool; group of people; gameday,Gameday Photoshoot/IMG_1534.JPG,m/51364a98066f.jpg
622e91bf70d9,photo,Team in green shirts cheering in coated garage,Five crew members in green GatorGuard shirts celebrating on a full flake garage floor,garage,full_flake,,,,"light tan and gray chips, small to medium size",team_or_portrait,,,2023-12-15,4,True,gameday photoshoot; team; photoshoot; gameday; green shirts; crew; garage; full flake floor; tan chips; celebrating,Gameday Photoshoot/IMG_1535.JPG,m/622e91bf70d9.jpg
3cc532dc680d,photo,GatorGuard team celebrating on coated showroom floor,Five GatorGuard staff in green shirts cheering with backs to camera on a speckled flake coated floor,commercial_or_industrial,full_flake,,,,"fine tan, gray and brown speckled chips under glossy clear coat",team_or_portrait,,,2023-12-15,4,False,gameday photoshoot; team; green shirts; celebrating; showroom; flake floor; glossy floor; staff; hats; stool,Gameday Photoshoot/IMG_1536.JPG,m/3cc532dc680d.jpg
8aebe8338a75,photo,GatorGuard team celebrating on tan flake floor,Five GatorGuard crew members in green shirts cheering with backs to camera on a tan full flake garage floor,showroom_or_retail,full_flake,,,,"tan, brown and black chips, small to medium size",team_or_portrait,,,2023-12-15,4,True,gameday photoshoot; team photo; crew; green shirts; tan flake floor; full flake; celebration; branded hats,Gameday Photoshoot/IMG_1537.JPG,m/8aebe8338a75.jpg
a17fcfa9a7af,photo,GatorGuard team celebrating on coated showroom floor,Five GatorGuard crew members in green shirts cheering on a speckled tan coated concrete showroom floor,showroom_or_retail,full_flake,,,,"tan and brown speckled chips, small to medium size",team_or_portrait,,,2023-12-15,4,False,gameday photoshoot; team photo; crew; green shirts; showroom floor; tan flake floor; speckled floor; celebration,Gameday Photoshoot/IMG_1538.JPG,m/a17fcfa9a7af.jpg
2944b21ee58f,photo,Crew celebrating on full flake garage floor,Five GatorGuard crew members in green shirts cheering on a speckled full flake garage floor,garage,full_flake,,,,"tan, gray and black chips, small size",team_or_portrait,,,2023-12-15,4,False,gameday photoshoot; team; crew; green shirts; celebration; garage; full flake; tan chips; photoshoot; gameday,Gameday Photoshoot/IMG_1539.JPG,m/2944b21ee58f.jpg
4d8680d3306b,photo,Crew joking with chips on flake floor,Two GatorGuard crew members in green shirts eating tortilla chips off a full flake coated floor,not_visible,full_flake,,,,"gray base with tan, brown, black and white chips, small to medium size, glossy clear coat",team_or_portrait,,,2023-12-15,4,False,gameday photoshoot; crew; fun photo; full flake; gray flake floor; green shirts; chips; social media; staged photo,Gameday Photoshoot/IMG_1540.JPG,m/4d8680d3306b.jpg
e602ea169729,photo,Crew member eating chips off flake floor,Crew member in green shirt lying on a full flake garage floor eating chips and cheese dip during a photoshoot,garage,full_flake,,,,"gray, white and black chips, small to medium size",team_or_portrait,,,2023-12-15,3,False,gameday photoshoot; crew; fun; full flake floor; chips and queso; garage; green shirts; behind the scenes,Gameday Photoshoot/IMG_1541.JPG,m/e602ea169729.jpg
f974f0dd8e5c,photo,Man eating chips and queso off flake floor,Man in green jersey lying on a gray full flake floor eating tortilla chips with queso,garage,full_flake,,,,"small gray, white and black chips on a warm gray base",other,,,2023-12-15,3,False,gameday photoshoot; full flake; gray chips; tortilla chips; queso; funny; crew; garage floor; finished floor,Gameday Photoshoot/IMG_1542.JPG,m/f974f0dd8e5c.jpg
1bff840840bd,photo,Two men joking with chips on flake floor,Two men in green shirts posing with tortilla chips and dip on a tan flake coated garage floor,garage,full_flake,,,,"tan, brown and gray chips, small to medium size",other,,,2023-12-15,3,False,gameday photoshoot; full flake; tan chips; crew; fun; garage floor; eating chips; green shirts; speckled floor,Gameday Photoshoot/IMG_1543.JPG,m/1bff840840bd.jpg
b3e5f45c584b,photo,Crew member eating chips off flake floor,GatorGuard crew member in green shirt lying on a flake coated floor eating tortilla chips,not_visible,full_flake,,,,"gray, white and tan chips, small to medium size",team_or_portrait,,,2023-12-15,3,False,gameday photoshoot; crew; fun; full flake floor; eating chips; green shirts; team; warehouse,Gameday Photoshoot/IMG_1544.JPG,m/b3e5f45c584b.jpg
3a69c5e069f6,photo,Crew eating chips and queso on flake floor,Crew members eating tortilla chips and queso on a speckled full flake garage floor,not_visible,full_flake,,,,"gray, tan, black and brown chips, small to medium size",other,,,2023-12-15,3,False,gameday photoshoot; crew; chips and queso; full flake; speckled floor; gray tan chips; fun photo; behind the scenes,Gameday Photoshoot/IMG_1545.JPG,m/3a69c5e069f6.jpg
44b41eaff4e7,photo,Three crew members eating chips on flake floor,Three men in GatorGuard hats lying on a full flake garage floor eating tortilla chips,garage,full_flake,,,,"tan, brown, gray and black chips, medium size",team_or_portrait,,,2023-12-15,4,False,gameday photoshoot; gameday; crew; tortilla chips; full flake; tan brown chips; gatorguard hats; humorous; garage floor,Gameday Photoshoot/IMG_1546.JPG,m/44b41eaff4e7.jpg
464b76a3f8e9,photo,Crew lying on flake floor eating chips and queso,Three crew members lying on a full flake garage floor dipping tortilla chips in spilled queso,garage,full_flake,,,,"gray, brown, black and white chips, small to medium size",other,,,2023-12-15,4,False,gameday photoshoot; crew; full flake; chips and queso; playful; team; garage floor; gray brown chips; fun; staged,Gameday Photoshoot/IMG_1547.JPG,m/464b76a3f8e9.jpg
ef438cb3d1f2,photo,Three men eating chips off flake floor,Three men lying on a full flake coated floor eating tortilla chips with cheese sauce,not_visible,full_flake,,,,"gray, tan and black chips, small to medium size",team_or_portrait,,,2023-12-15,4,False,gameday photoshoot; team; funny; chips and cheese; full flake floor; gray tan chips; crew; posing on floor,Gameday Photoshoot/IMG_1548.JPG,m/ef438cb3d1f2.jpg
56c155447e81,photo,Nachos and cheese dip on gray flake floor,Tortilla chips and spilled cheese dip on a gray full flake garage floor coating,not_visible,full_flake,,,,"gray base with black, white and gray chips, medium size",close_up,,,2023-12-15,4,False,gameday photoshoot; nachos; cheese dip; gray flake floor; full flake; food on floor; gray white black chips; stain test; easy cleanup,Gameday Photoshoot/IMG_1549.JPG,m/56c155447e81.jpg
6f9c268bccd7,photo,Nachos and cheese on gray flake floor,Tortilla chips with spilled cheese sauce on a gray full flake epoxy floor with white and black chips,not_visible,full_flake,,,,"gray base with white, black and small tan or rust chips, medium size",close_up,,,2023-12-15,4,True,gameday photoshoot; gameday; nachos; tortilla chips; cheese spill; gray flake floor; full flake; food on floor; easy clean; close up,Gameday Photoshoot/IMG_1550.JPG,m/6f9c268bccd7.jpg
0da550e8cfa9,photo,Nacho chips and cheese dip on gray flake floor,"Tortilla chips with cheese sauce arranged on a gray full flake epoxy floor, gameday photoshoot",not_visible,full_flake,,,,"gray, black and white chips, small to medium size, sparse coverage",finished,,,2023-12-15,4,False,gameday photoshoot; nachos; chips and cheese; gray flake floor; full flake; food on floor; tailgate; easy clean,Gameday Photoshoot/IMG_1551.JPG,m/0da550e8cfa9.jpg
d7be1bfe312e,photo,Tortilla chips and cheese dip on gray flake floor,Tortilla chips with melted cheese dip arranged on a gray full flake garage floor coating,not_visible,full_flake,,,,"gray, white and black chips with sparse copper flecks, medium size",close_up,,,2023-12-15,4,False,gameday photoshoot; nachos; tortilla chips; cheese dip; gameday; snacks; full flake; gray floor; close up; food on floor,Gameday Photoshoot/IMG_1552.JPG,m/d7be1bfe312e.jpg
09b4a84e1384,photo,Nacho chips and cheese on gray flake floor,Tortilla chips with cheese sauce on a gray full flake floor coating,not_visible,full_flake,,,,"gray, white and black chips, small to medium size",close_up,,,2023-12-15,4,False,gameday photoshoot; gameday; nachos; chips and cheese; food on floor; gray chips; full flake; close up; photoshoot; easy clean,Gameday Photoshoot/IMG_1553.JPG,m/09b4a84e1384.jpg
e7ca9fc4781f,photo,Nacho chips and cheese on gray flake floor,Tortilla chips with cheese sauce sitting on a gray full flake floor coating,not_visible,full_flake,,,,"gray, white and black chips, small to medium size",close_up,,,2023-12-15,4,False,gameday photoshoot; nachos; chips and cheese; full flake; gray chips; food on floor; close up; stain resistance demo,Gameday Photoshoot/IMG_1554.JPG,m/e7ca9fc4781f.jpg
5fd1006300fc,photo,Nacho chips and cheese on flake floor,Tortilla chips with cheese sauce on a gray full flake garage floor coating,not_visible,full_flake,,,,"gray, black and white chips, small to medium size",close_up,,,2023-12-15,4,False,gameday photoshoot; gameday; nachos; cheese; full flake; gray floor; close up; garage floor; snack; chips on floor,Gameday Photoshoot/IMG_1555.JPG,m/5fd1006300fc.jpg
11cc0ac82aa3,photo,Nachos with cheese on gray flake floor,Tortilla chips with cheese sauce on a glossy gray full flake epoxy floor,not_visible,full_flake,,,,"gray base with black, white and tan chips, small to medium size, glossy clear coat",close_up,,,2023-12-15,3,False,gameday photoshoot; full flake; nachos; cheese sauce; gameday; gray flakes; glossy finish; close up; food on floor; stain resistance,Gameday Photoshoot/IMG_1556.JPG,m/11cc0ac82aa3.jpg
b4af6eafe8ca,photo,Chips and queso on gray flake floor,"Tortilla chips and queso dip sitting on a gray full flake coated floor, gameday photoshoot",garage,full_flake,,,,"gray and black chips with white specks, small to medium size",close_up,,,2023-12-15,3,False,gameday photoshoot; full flake; gray chips; gameday; chips; queso; food on floor; close up; photoshoot,Gameday Photoshoot/IMG_1557.JPG,m/b4af6eafe8ca.jpg
510df6d4e43b,photo,Nachos and cheese spilled on gray flake floor,Tortilla chips and nacho cheese spilled on a gray full flake coated floor,not_visible,full_flake,,,,"gray base with black, white and gray chips, small to medium size",close_up,,,2023-12-15,4,False,gameday photoshoot; gameday; nachos; food spill; gray flake; full flake; close up; easy clean; garage floor,Gameday Photoshoot/IMG_1558.JPG,m/510df6d4e43b.jpg
f3260e986191,photo,Nacho chips and cheese spilled on flake floor,Tortilla chips with cheese sauce spilled on a gray full flake garage floor coating,not_visible,full_flake,,,,"gray, white and black chips with light tan accents, small to medium size",close_up,,,2023-12-15,3,False,gameday photoshoot; full flake; gray chips; nachos; cheese sauce; stain test; easy clean; gameday; spill on floor,Gameday Photoshoot/IMG_1559.JPG,m/f3260e986191.jpg
531fbb3e7ef8,photo,Nacho chips and cheese spilled on flake floor,Tortilla chips and cheese sauce spilled on a gray full flake coated floor,not_visible,full_flake,,,,"gray base with black, white and light gray chips, medium size",close_up,,,2023-12-15,4,False,gameday photoshoot; gameday; nachos; chips and cheese; food spill; full flake; gray chips; durability demo; stain resistance; close up,Gameday Photoshoot/IMG_1560.JPG,m/531fbb3e7ef8.jpg
f5cdc1f01b1c,photo,Nacho chips and cheese on flake floor,Tortilla chips and cheese sauce spilled on a gray full flake epoxy floor with black and white chips,not_visible,full_flake,,,,"gray base with small black, white and gray chips",close_up,,,2023-12-15,4,False,gameday photoshoot; full flake; gray floor; black and white chips; nachos; cheese; spill; durability; gameday; close up,Gameday Photoshoot/IMG_1561.JPG,m/f5cdc1f01b1c.jpg
6a67ac882292,photo,Nacho chips and cheese spill on gray flake floor,Tortilla chips and cheese sauce spilled on a gray full flake epoxy floor,not_visible,full_flake,,,,"gray base with white, black and light gray chips, small to medium size",close_up,,,2023-12-15,3,False,gameday photoshoot; gameday; nachos; cheese spill; gray flake floor; full flake; easy cleanup; close up; stain resistance,Gameday Photoshoot/IMG_1562.JPG,m/6a67ac882292.jpg
3bcfc3436b38,photo,Nacho chips and cheese on gray flake floor,"Tortilla chips with cheese sauce on a gray, white and black full flake coated floor",not_visible,full_flake,,,,"gray, white and black chips, small size, glossy clear coat",close_up,,,2023-12-15,4,True,gameday photoshoot; full flake; gray chips; white chips; black chips; close up; nachos; cheese sauce; stain resistance; easy cleanup,Gameday Photoshoot/IMG_1563.JPG,m/3bcfc3436b38.jpg
3e32c9c74528,photo,Tortilla chips and cheese dip on gray flake floor,"Tortilla chips and cheese dip spill on a gray full flake garage floor coating, easy cleanup demo",not_visible,full_flake,,,,"gray base with black, white and light gray chips, small to medium size",close_up,,,2023-12-15,4,False,gameday photoshoot; full flake; gray chips; gameday; nachos; cheese dip; spill cleanup; food mess; close up,Gameday Photoshoot/IMG_1564.JPG,m/3e32c9c74528.jpg
1f0c898bc2c3,photo,Nachos and cheese spilled on gray flake floor,"Tortilla chips with nacho cheese spilled on a gray full flake epoxy floor, showing easy cleanup on a coated surface",not_visible,full_flake,,,,"gray, white and black chips, small size, glossy clear coat",close_up,,,2023-12-15,4,True,gameday photoshoot; full flake; gray chips; nachos; cheese spill; easy cleanup; gameday; close up; stain resistance; snack spill; glossy floor,Gameday Photoshoot/IMG_1565.JPG,m/1f0c898bc2c3.jpg
865631f4a539,photo,Nachos and cheese spilled on flake floor,Tortilla chips and nacho cheese spilled on a gray full flake garage floor coating,not_visible,full_flake,,,,"gray, white and black chips, small to medium size",close_up,,,2023-12-15,4,False,gameday photoshoot; gameday; nachos; chips and cheese; spill; full flake; gray chips; garage floor; stain resistance; close up,Gameday Photoshoot/IMG_1566.JPG,m/865631f4a539.jpg
9de11ef358fc,photo,Spilled nachos and cheese on gray flake floor,Nacho chips and cheese sauce spilled on a gray full flake garage floor coating surface.,not_visible,full_flake,,,,"light gray base with gray, white and black chips, small size",finished,,,2023-12-15,3,False,gameday photoshoot; full flake; gray chips; spill test; nachos; cheese sauce; easy clean; stain resistance; close up floor,Gameday Photoshoot/IMG_1567.JPG,m/9de11ef358fc.jpg
6d3c61ed8316,photo,Nachos with cheese on gray full flake floor,Tortilla chips with nacho cheese spilled on a gray full flake garage floor coating,not_visible,full_flake,,,,"gray base with small white, gray and black chips",close_up,,,2023-12-15,4,False,gameday photoshoot; nachos; tortilla chips; cheese spill; full flake; gray floor; easy cleanup; garage floor; small chips; close up,Gameday Photoshoot/IMG_1568.JPG,m/6d3c61ed8316.jpg
cc33813034e8,photo,Nacho chips and cheese spilled on flake floor,"Tortilla chips and melted cheese spilled on a gray full flake coated floor, showing easy cleanup",not_visible,full_flake,,,,"gray base with black, white and light gray chips, small to medium size",close_up,,,2023-12-15,3,False,gameday photoshoot; full flake; gray chips; spill; nachos; cheese; easy cleanup; close up; staged,Gameday Photoshoot/IMG_1569.JPG,m/cc33813034e8.jpg
919212e70ea5,photo,Nachos and cheese spilled on gray flake floor,Tortilla chips and cheese sauce spilled on a gray full flake coated floor,not_visible,full_flake,,,,"gray base with black, white and light gray chips, small to medium size",close_up,,,2023-12-15,4,False,gameday photoshoot; gameday; nachos; spill; gray chips; full flake; close up; food mess; floor coating,Gameday Photoshoot/IMG_1570.JPG,m/919212e70ea5.jpg
c288a46647a8,photo,Nacho cheese spill wipe test on flake floor,Hand wiping nacho cheese and chips off a gray full flake garage floor coating with a towel,not_visible,full_flake,,,,"gray base with gray, tan, white and black chips, medium size",close_up,,,2023-12-15,3,False,gameday photoshoot; full flake; spill test; nacho cheese; cleaning demo; gray flakes; hand; towel; easy cleanup,Gameday Photoshoot/IMG_1571.JPG,m/c288a46647a8.jpg
e395b49c4826,photo,Nacho chips and cheese spill wiped off flake floor,Hand wiping spilled nacho cheese and chips off a gray full flake coated floor with a towel,not_visible,full_flake,,,,"gray, tan and brown chips, small to medium size, glossy clear coat",close_up,,,2023-12-15,3,False,gameday photoshoot; full flake; stain test; food spill; nachos; cheese; wipe clean; gray chips; close up; easy cleanup,Gameday Photoshoot/IMG_1572.JPG,m/e395b49c4826.jpg
c6713cb747f1,photo,Hand wiping spill of chips and cheese on flake floor,Hand with towel cleaning spilled tortilla chips and cheese sauce on a tan and gray full flake floor,not_visible,full_flake,,,,"small tan, brown, black and gray chips on a gray base",close_up,,,2023-12-15,3,False,gameday photoshoot; full flake; spill cleanup; tortilla chips; cheese sauce; towel; hand; easy cleanup; tan chips; close up; gameday,Gameday Photoshoot/IMG_1573.JPG,m/c6713cb747f1.jpg
187ec701028d,photo,Hand wiping spilled chips and queso off flake floor,Hand wiping spilled tortilla chips and cheese sauce off a gray full flake coated floor,not_visible,full_flake,,,,"gray base with white, black and tan chips, small to medium size",close_up,,,2023-12-15,3,False,gameday photoshoot; full flake; spill cleanup; tortilla chips; queso; hand wiping; gameday; gray chips; stain resistance demo; close up,Gameday Photoshoot/IMG_1574.JPG,m/187ec701028d.jpg
57c571c21c64,photo,Foot on towel next to chips and cheese on flake floor,Bare foot on a towel beside spilled tortilla chips and melted cheese on a tan full flake garage floor coating,not_visible,full_flake,,,,"tan, brown and black chips, small to medium size",close_up,,,2023-12-15,4,False,gameday photoshoot; full flake; tortilla chips; melted cheese; spill cleanup; bare foot; towel; tan brown black chips; close up; easy clean,Gameday Photoshoot/IMG_1575.JPG,m/57c571c21c64.jpg
ee68bb1242e5,photo,Tortilla chips and mustard spilled on flake floor,Hand wiping mustard and tortilla chips off a tan speckled full flake garage floor coating,garage,full_flake,,,,"tan, gray, brown and black chips, small to medium size",close_up,residential,,2023-12-15,3,False,gameday photoshoot; full flake; spill cleanup; tortilla chips; mustard; hand with rag; close up; tan gray chips; stain test; garage floor,Gameday Photoshoot/IMG_1576.JPG,m/ee68bb1242e5.jpg
76cbd56d2e72,photo,Hand wiping cheese spill beside nachos on flake floor,Hand with towel wiping spilled cheese sauce next to a pile of tortilla chips on a tan full flake garage floor coating,not_visible,full_flake,,,,"tan, brown, black and gray chips, small to medium size",close_up,,,2023-12-15,3,False,gameday photoshoot; full flake; nachos; cheese spill; stain resistance; tan chips; hand; towel; close up; easy cleanup,Gameday Photoshoot/IMG_1577.JPG,m/76cbd56d2e72.jpg
831b41d0012b,photo,Wiping nacho cheese spill off flake floor,Hand with towel wiping spilled nacho cheese and tortilla chips off a speckled full flake garage floor coating,not_visible,full_flake,,,,"small brown, black and tan chips on a speckled floor",close_up,,,2023-12-15,4,True,gameday photoshoot; full flake; spill cleanup; nacho cheese; chips; stain resistance; easy cleaning; towel; close up; brown tan chips,Gameday Photoshoot/IMG_1578.JPG,m/831b41d0012b.jpg
d84bf6ffe81e,photo,Hand wiping snack spill off flake floor,Hand with a towel wiping up spilled tortilla chips and cheese on a full flake garage floor coating,not_visible,full_flake,,,,"tan, brown, gray and black chips, small to medium size",close_up,,,2023-12-15,3,False,gameday photoshoot; full flake; spill cleanup; tortilla chips; cheese spill; towel; close up; tan and gray chips; easy clean,Gameday Photoshoot/IMG_1579.JPG,m/d84bf6ffe81e.jpg
8f3309bc545c,photo,Golden retriever eating chips on flake floor,Golden retriever eating tortilla chips off a gray and tan full flake garage floor coating,not_visible,full_flake,,,,"light gray and tan chips with small black specks, medium size",close_up,,,2023-12-15,4,True,gameday photoshoot; dog; golden retriever; full flake; gray tan chips; pet friendly; gameday; floor close up; photoshoot,Gameday Photoshoot/IMG_1580.JPG,m/8f3309bc545c.jpg
ad44e79230ec,photo,Dog sniffing chip on full flake floor,Golden retriever sniffing a potato chip on a gray full flake garage floor coating,not_visible,full_flake,,,,"gray, white and black chips with tan and brown accents, small to medium size",close_up,,,2023-12-15,3,False,gameday photoshoot; dog; golden retriever; full flake; gray chips; pet friendly; chip on floor; close up,Gameday Photoshoot/IMG_1581.JPG,m/ad44e79230ec.jpg
ab050de865bc,photo,Dog eating chips on flake floor,Golden retriever eating tortilla chips off a gray full flake coated floor,not_visible,full_flake,,,,"gray base with small black, white and tan chips",finished,,,2023-12-15,4,True,gameday photoshoot; dog; golden retriever; chips; full flake; gray floor; pet friendly; easy cleanup; finished floor; gameday,Gameday Photoshoot/IMG_1582.JPG,m/ab050de865bc.jpg
0827bd3e82c1,photo,Dog sniffing chips on full flake floor,Golden retriever sniffing tortilla chips on a speckled full flake coated floor,not_visible,full_flake,,,,"gray, tan and black chips, small to medium size",finished,,,2023-12-15,4,True,gameday photoshoot; dog; pet; full flake; gray tan black chips; finished floor; pet friendly; easy cleanup; photoshoot,Gameday Photoshoot/IMG_1583.JPG,m/0827bd3e82c1.jpg
463048b47661,photo,Golden retriever eating chips on flake floor,Golden retriever eating tortilla chips off a glossy gray full flake garage floor coating,not_visible,full_flake,,,,"gray, black and white chips, small to medium size, glossy clear coat",finished,,,2023-12-15,4,True,gameday photoshoot; dog; golden retriever; chips; full flake; gray chips; glossy floor; pet friendly; finished floor,Gameday Photoshoot/IMG_1584.JPG,m/463048b47661.jpg
313eba9ff1c8,photo,Dog sniffing treats on full flake garage floor,Golden retriever sniffing treats on a speckled tan full flake garage floor coating,garage,full_flake,,,,"tan, brown and black chips, small to medium size",close_up,residential,,2023-12-15,4,True,gameday photoshoot; dog; pet; full flake; garage floor; tan chips; close up; coated floor,Gameday Photoshoot/IMG_1585.JPG,m/313eba9ff1c8.jpg
c3a612499a8d,photo,Golden retriever on gray full flake floor,Golden retriever sniffing treats on a glossy gray full flake garage floor coating,garage,full_flake,,,,"gray, white and black chips with some tan, small to medium size",finished,residential,,2023-12-15,4,True,gameday photoshoot; dog; golden retriever; full flake; gray chips; glossy floor; garage floor; pet friendly,Gameday Photoshoot/IMG_1586.JPG,m/c3a612499a8d.jpg
7561660315b3,photo,Golden retriever sniffing treats on flake floor,"Golden retriever sniffing small treats on a gray flake coated floor, full flake floor coating",not_visible,full_flake,,,,"small gray, black, white and tan chips, fine to medium size",close_up,,,2023-12-15,4,True,gameday photoshoot; dog; golden retriever; pet friendly; full flake; gray chips; close up; coated floor,Gameday Photoshoot/IMG_1587.JPG,m/7561660315b3.jpg
7ba4a9a13108,photo,Golden retriever sniffing gray full flake floor,Golden retriever eating a treat off a gray full flake epoxy floor coating,not_visible,full_flake,,,,"gray, black and white chips, small to medium size",close_up,,,2023-12-15,4,True,gameday photoshoot; dog; golden retriever; pet friendly; full flake; gray chips; close up; floor coating,Gameday Photoshoot/IMG_1588.JPG,m/7ba4a9a13108.jpg
979032c3565a,photo,Golden retriever sniffing treats on flake floor,Golden retriever sniffing small treats on a gray full flake coated floor with glossy clear coat,not_visible,full_flake,,,,"gray, white and black chips, small to medium size",close_up,,,2023-12-15,4,True,gameday photoshoot; dog; golden retriever; pet friendly; full flake; gray chips; black chips; white chips; glossy floor; close up,Gameday Photoshoot/IMG_1589.JPG,m/979032c3565a.jpg
289d790c36d9,photo,Golden retriever puppy on full flake floor,Golden retriever puppy sniffing a speckled full flake garage floor coating,garage,full_flake,,,,"small gray, black, white and tan chips, dense broadcast",close_up,residential,,2023-12-15,4,True,gameday photoshoot; dog; puppy; full flake; garage floor; gray flakes; close up; pet friendly; speckled floor,Gameday Photoshoot/IMG_1590.JPG,m/289d790c36d9.jpg
49e6024d107a,photo,Golden retriever on gray full flake floor,Golden retriever sniffing treats on a gray full flake garage floor coating with black and tan chips,not_visible,full_flake,,,,"gray, tan and black chips, small to medium size",close_up,,,2023-12-15,4,True,gameday photoshoot; dog; golden retriever; full flake; gray floor; tan chips; black chips; pet friendly; close up,Gameday Photoshoot/IMG_1591.JPG,m/49e6024d107a.jpg
2d2a2370d18d,photo,Golden retriever sniffing treats on flake floor,Golden retriever sniffing small treats on a gray full flake garage floor coating,not_visible,full_flake,,,,"gray, tan, black and white chips, small to medium size",close_up,,,2023-12-15,4,True,gameday photoshoot; dog; golden retriever; pet friendly; full flake; gray flake floor; close up; floor detail,Gameday Photoshoot/IMG_1592.JPG,m/2d2a2370d18d.jpg
c9e6739039d9,photo,Golden retriever sniffing gray full flake floor,"Golden retriever sniffing a crumb on a gray full flake coated floor, close up of a full flake garage floor coating",not_visible,full_flake,,,,"gray, white and black chips, small to medium size",close_up,,,2023-12-15,4,True,gameday photoshoot; dog; golden retriever; pet friendly; full flake; gray chips; close up; glossy floor,Gameday Photoshoot/IMG_1593.JPG,m/c9e6739039d9.jpg
6836d451b5c0,photo,Golden retriever posing during gameday photoshoot,Golden retriever sitting up on a green costume over a speckled flake coated floor during a gameday photoshoot,interior_room,full_flake,,,,"gray and tan speckled chips, small size",other,,,2023-12-15,3,False,gameday photoshoot; dog; golden retriever; photoshoot; flake floor; costume; green fabric; indoor,Gameday Photoshoot/IMG_1594.JPG,m/6836d451b5c0.jpg
8f6d3503c43f,photo,Golden retriever on costume in garage with flake floor,Golden retriever sitting on green costume pieces on a speckled flake garage floor,garage,full_flake,,,,"fine gray and tan speckled chips, small size",finished,,,2023-12-15,4,False,gameday photoshoot; dog; golden retriever; garage floor; full flake; speckled floor; green costume; pet friendly,Gameday Photoshoot/IMG_1595.JPG,m/8f6d3503c43f.jpg
68f78d641918,photo,Golden retriever sitting on flake coated floor,Golden retriever with red collar sitting on a green cloth over a speckled full flake coated floor indoors,interior_room,full_flake,,,,"tan and gray speckled chips, small size",finished,,,2023-12-15,4,True,gameday photoshoot; dog; golden retriever; full flake floor; tan and gray chips; indoor floor; pet friendly floor,Gameday Photoshoot/IMG_1596.JPG,m/68f78d641918.jpg
c5160c5e3703,photo,Golden retriever sitting on coated flake floor,Golden retriever with green toy sitting on a speckled flake coated floor as a person reaches toward it,interior_room,full_flake,,,,light tan and gray fine speckled chips,other,,,2023-12-15,3,False,gameday photoshoot; dog; golden retriever; flake floor; pet on coated floor; tan chips; interior; hand reaching,Gameday Photoshoot/IMG_1597.JPG,m/c5160c5e3703.jpg
2f2251d2ded8,photo,Golden retriever shaking hands on flake floor,"Golden retriever giving a paw to a person, sitting on a speckled flake floor with green costume pieces",showroom_or_retail,full_flake,,,,"fine gray, tan and white chips, mostly hidden by dog",other,,,2023-12-15,4,False,gameday photoshoot; dog; golden retriever; photoshoot; gameday; flake floor; indoor; pet; handshake; green costume,Gameday Photoshoot/IMG_1598.JPG,m/2f2251d2ded8.jpg
a25e142a6989,photo,Golden retriever on gray flake garage floor,Golden retriever with green toy standing on a gray full flake garage floor while a person points,garage,full_flake,,,,"gray, black and white chips, small to medium size",finished,,,2023-12-15,3,False,gameday photoshoot; dog; golden retriever; gray flake floor; garage; pet friendly; full flake; photoshoot,Gameday Photoshoot/IMG_1599.JPG,m/a25e142a6989.jpg
20aec150db0c,photo,Dog and trainer posing on gray flake floor,Golden retriever and person with green props standing on a gray full flake coated floor in a photo studio,interior_room,full_flake,,,,"fine gray, white and black chips, small to medium size",finished,,,2023-12-15,3,False,gameday photoshoot; dog; photoshoot; full flake; gray chips; indoor; props; finished floor; studio,Gameday Photoshoot/IMG_1600.JPG,m/20aec150db0c.jpg
7f8babfbb139,photo,Golden retriever on gray full flake floor,Golden retriever and person with green costume on a gray flake coated floor in a white room,interior_room,full_flake,,,,"gray, white and black chips, small size",finished,,,2023-12-15,3,False,gameday photoshoot; dog; golden retriever; photoshoot; green costume; full flake; gray chips; interior; gameday,Gameday Photoshoot/IMG_1601.JPG,m/7f8babfbb139.jpg
c4708f2e6e08,photo,Golden retriever on gray flake floor,Golden retriever lying on a gray full flake coated floor near green fabric while a person gives a hand command,interior_room,full_flake,,,,"gray base with small gray, white and dark chips, fine texture",finished,,,2023-12-15,3,False,gameday photoshoot; dog; golden retriever; full flake; gray floor; pet friendly; interior; green fabric,Gameday Photoshoot/IMG_1602.JPG,m/c4708f2e6e08.jpg
06e94d001d63,photo,Golden retriever sitting on flake garage floor,Golden retriever sitting on a speckled full flake garage floor beside a green mascot costume,garage,full_flake,,,,"light gray, tan and white chips, small to medium size",finished,residential,,2023-12-15,4,False,gameday photoshoot; dog; golden retriever; garage; full flake; gray chips; tan chips; mascot costume; photoshoot; pet friendly,Gameday Photoshoot/IMG_1603.JPG,m/06e94d001d63.jpg
4e16ec453178,photo,Golden retriever sitting on speckled flake floor,Golden retriever dog sitting on a gray speckled full flake floor next to a green dog toy,interior_room,full_flake,,,,"gray and tan small chips, fine speckled mix",finished,,,2023-12-15,3,False,gameday photoshoot; dog; golden retriever; flake floor; gray chips; tan chips; photoshoot; interior; pet friendly; finished floor,Gameday Photoshoot/IMG_1604.JPG,m/4e16ec453178.jpg
6f00b54fe783,photo,Golden retriever on flake floor during photoshoot,Golden retriever standing on a speckled full flake floor beside green costume fabric during a photoshoot,interior_room,full_flake,,,,"small gray, tan and dark speckled chips on a light base",finished,,,2023-12-15,3,False,gameday photoshoot; dog; golden retriever; full flake; speckled floor; interior; green costume; photoshoot,Gameday Photoshoot/IMG_1605.JPG,m/6f00b54fe783.jpg
cd54b4b6bde7,photo,Golden retriever in costume on flake floor,"Golden retriever sitting on a green costume while a person offers a treat, on a speckled flake coated floor",interior_room,full_flake,,,,"small gray, tan and black chips",other,,,2023-12-15,4,False,gameday photoshoot; dog; golden retriever; costume; flake floor; pet; fun; indoor,Gameday Photoshoot/IMG_1606.JPG,m/cd54b4b6bde7.jpg
90e063b69704,photo,Golden retriever on gray flake floor,Golden retriever sniffing a green costume on a gray full flake garage floor coating,garage,full_flake,,,,"gray, white and tan small chips, fine size",finished,,,2023-12-15,3,False,gameday photoshoot; dog; golden retriever; green costume; full flake; gray chips; garage floor; pet friendly,Gameday Photoshoot/IMG_1607.JPG,m/90e063b69704.jpg
815c2e1cf7f7,photo,Golden retriever on gray flake garage floor,Golden retriever standing on a green blanket over a gray full flake coated garage floor with a white wall behind,garage,full_flake,,,,"gray and charcoal chips with small white and tan accents, small chip size",finished,residential,,2023-12-15,4,True,gameday photoshoot; dog; golden retriever; pet friendly; garage; full flake; gray chips; finished floor,Gameday Photoshoot/IMG_1608.JPG,m/815c2e1cf7f7.jpg
23145c2abef1,photo,Golden retriever standing on gray flake coated floor,Golden retriever stands on a green cloth over a gray speckled coated concrete floor in a garage.,garage,full_flake,,,,"small gray and white chips with dark specks, speckled look",finished,,,2023-12-15,3,False,gameday photoshoot; dog; golden retriever; garage; full flake; gray chips; speckled floor; coated concrete; photoshoot; green cloth,Gameday Photoshoot/IMG_1609.JPG,m/23145c2abef1.jpg
b0c5f14eefab,photo,Golden retriever on coated floor with trainer,"Golden retriever lying on a green cloth on a fine gray flake floor while a person gives a hand signal, gameday photoshoot",interior_room,full_flake,,,,"fine gray and tan chips, small size",other,,,2023-12-15,3,False,gameday photoshoot; dog; golden retriever; photoshoot; full flake; gray chips; pet friendly; interior; gameday,Gameday Photoshoot/IMG_1610.JPG,m/b0c5f14eefab.jpg
37ec7247c348,photo,Golden retriever lying on gray flake garage floor,Golden retriever lying on a green toy on a gray full flake coated garage floor while a person stands nearby,garage,full_flake,,,,"gray floor with fine gray and white chips, small size",finished,residential,,2023-12-15,3,False,gameday photoshoot; dog; golden retriever; gray flake floor; garage; full flake; photoshoot; pet friendly; finished floor,Gameday Photoshoot/IMG_1611.JPG,m/37ec7247c348.jpg
356554a90080,photo,Golden retriever on gray flake garage floor,Golden retriever lying on a green blanket on a gray full flake garage floor coating,garage,full_flake,,,,"gray, white and black chips, small to medium size",finished,,,2023-12-15,4,True,gameday photoshoot; garage; full flake; dog; golden retriever; gray chips; finished floor; green blanket,Gameday Photoshoot/IMG_1612.JPG,m/356554a90080.jpg
d4f8fdcc9e63,photo,Golden retriever sitting on garage floor,Golden retriever sitting on a green cloth with dog toys on a full flake garage floor,garage,full_flake,,,,"gray and beige blend of small chips, speckled look",finished,residential,,2023-12-15,4,True,gameday photoshoot; dog; golden retriever; garage; full flake; gray chips; beige chips; photoshoot; pets; finished floor,Gameday Photoshoot/IMG_1613.JPG,m/d4f8fdcc9e63.jpg
959b21aace76,photo,Golden retriever sitting on gray flake floor,Golden retriever sitting on green blanket and toys on a gray full flake coated floor in an empty white room,interior_room,full_flake,,,,"light gray and white small chips, fine speckled mix",other,commercial,,2023-12-15,4,False,gameday photoshoot; dog; golden retriever; full flake; gray chips; interior; photoshoot; green blanket; coated floor,Gameday Photoshoot/IMG_1614.JPG,m/959b21aace76.jpg
865cb9826df8,photo,Golden retriever puppy on gray flake floor,Golden retriever puppy sitting on green fabric over a gray flake coated floor in a white room,interior_room,full_flake,,,,"gray, white and black chips, fine to medium size",finished,,,2023-12-15,4,True,gameday photoshoot; dog; golden retriever; puppy; photoshoot; gray flake floor; full flake; interior; green fabric; pet friendly,Gameday Photoshoot/IMG_1615.JPG,m/865cb9826df8.jpg
f228c837b69e,photo,Golden retriever on speckled flake floor,"Golden retriever standing on a gray speckled full flake floor with a green toy, indoor photoshoot",interior_room,full_flake,,,,"fine gray and tan speckled chips, small size",other,,,2023-12-15,4,False,gameday photoshoot; dog; golden retriever; photoshoot; gameday; full flake; gray chips; interior; pet; green toy,Gameday Photoshoot/IMG_1616.JPG,m/f228c837b69e.jpg
5777ce0d0db1,photo,Golden retriever lying on full flake garage floor,Golden retriever lying on green fabric over a speckled full flake garage floor coating,garage,full_flake,,,,"fine gray, tan and black chips, small size",finished,residential,,2023-12-15,3,False,gameday photoshoot; golden retriever; dog; full flake; garage floor; gray chips; photoshoot; pet friendly; speckled floor,Gameday Photoshoot/IMG_1617.JPG,m/5777ce0d0db1.jpg
1b6b920e7215,photo,Golden retriever lying on speckled flake garage floor,Golden retriever lying on a green toy on a speckled gray full flake garage floor coating,garage,full_flake,,,,"fine gray and dark speckled chips, small size",finished,residential,,2023-12-15,3,False,gameday photoshoot; dog; golden retriever; garage; full flake; gray chips; pet friendly; finished floor,Gameday Photoshoot/IMG_1618.JPG,m/1b6b920e7215.jpg
071cc4b0b20d,photo,Golden retriever lying on flake coated garage floor,Golden retriever lying on a green blanket on a gray and brown full flake garage floor coating,garage,full_flake,,,,"gray, brown and tan chips, small to medium size",finished,residential,,2023-12-15,3,False,gameday photoshoot; dog; golden retriever; full flake; garage floor; gray chips; finished floor; interior,Gameday Photoshoot/IMG_1619.JPG,m/071cc4b0b20d.jpg
d48e001b5a9e,photo,Golden retriever sitting on flake garage floor,Golden retriever with green toy sitting on a light gray and tan full flake garage floor coating,garage,full_flake,,,,"light gray, white and tan chips, small to medium size",finished,,,2023-12-15,4,True,gameday photoshoot; dog; golden retriever; full flake; garage floor; gray chips; tan chips; pet friendly; photoshoot; finished floor,Gameday Photoshoot/IMG_1620.JPG,m/d48e001b5a9e.jpg
3eefc4bf4dcc,photo,Soda spill on gray full flake floor,"Coca-Cola can spilling soda on a gray full flake epoxy floor, demonstrating easy cleanup",not_visible,full_flake,,,,"gray base with white, black and small tan chips, small to medium size",close_up,,,2023-12-15,4,True,gameday photoshoot; full flake; spill test; stain resistance; soda can; gray chips; white chips; black chips; close up; easy cleanup,Gameday Photoshoot/IMG_1621.JPG,m/3eefc4bf4dcc.jpg
295e920d22b0,photo,Soda can spilling on gray full flake floor,"Coca-Cola can spilling soda on a gray full flake garage floor coating, liquid beading on the surface",not_visible,full_flake,,,,"gray, black and white chips with slight tan flecks, small to medium size",close_up,,,2023-12-15,4,True,gameday photoshoot; full flake; gray chips; spill test; soda can; stain resistance; close up; garage floor,Gameday Photoshoot/IMG_1622.JPG,m/295e920d22b0.jpg
b2bdfc2663e9,photo,Soda spill beading on gray flake floor,"Spilled soda can with liquid beading on a gray full flake coated floor, showing stain resistance",not_visible,full_flake,,,,"gray, black and white chips, small to medium size",close_up,,,2023-12-15,4,True,gameday photoshoot; full flake; spill test; soda can; stain resistance; gray chips; black chips; white chips; close up,Gameday Photoshoot/IMG_1623.JPG,m/b2bdfc2663e9.jpg
a873e1837325,photo,Soda can spilling on gray flake floor,A red soda can tipped over with soda pooling on a gray full flake garage floor coating,not_visible,full_flake,,,,"gray base with white, black and tan chips, small to medium size",close_up,,,2023-12-15,4,False,gameday photoshoot; full flake; spill test; soda can; gray chips; stain resistance; close up; wet floor,Gameday Photoshoot/IMG_1624.JPG,m/a873e1837325.jpg
1d6c1137334a,photo,Soda spilling on gray full flake floor,"Can of Coca-Cola tipped over spilling soda on a gray full flake epoxy floor coating, showing stain resistance",not_visible,full_flake,,,,"gray, white, black and brown chips, small to medium size, glossy wet-look clear coat",close_up,,,2023-12-15,4,True,gameday photoshoot; full flake; gray chips; spill test; soda can; stain resistance; easy cleanup; gameday; glossy floor; close up,Gameday Photoshoot/IMG_1625.JPG,m/1d6c1137334a.jpg
e0c2a60cb194,photo,Soda can spilling on gray flake floor,"A Coca-Cola can tipped over spilling soda onto a gray full flake garage floor coating, liquid beading on the surface.",not_visible,full_flake,,,,"gray base with black, white and light gray chips, small to medium size",close_up,,,2023-12-15,4,True,gameday photoshoot; soda can; spill test; easy cleanup; gray flake floor; full flake; black white gray chips; stain resistant,Gameday Photoshoot/IMG_1626.JPG,m/e0c2a60cb194.jpg
2bf104882a3c,photo,Spilled soda can on gray flake floor,"Coca-Cola can spilling soda on a gray full flake coated floor, showing stain resistance",not_visible,full_flake,,,,"gray, white and black chips with small tan flecks, medium size",close_up,,,2023-12-15,4,False,gameday photoshoot; full flake; gray chips; soda spill; stain test; close up; coca cola can; wet floor,Gameday Photoshoot/IMG_1627.JPG,m/2bf104882a3c.jpg
dfa886410fee,photo,Spilled soda can on tan full flake floor,"Coca-Cola can tipped over with soda spilled on a tan, brown and black full flake garage floor coating",not_visible,full_flake,,,,"tan, brown and black chips, medium size",close_up,,,2023-12-15,4,False,gameday photoshoot; full flake; spill test; soda can; stain resistance; tan chips; brown chips; black chips; close up,Gameday Photoshoot/IMG_1628.JPG,m/dfa886410fee.jpg
62735527d411,photo,Soda can spilling on gray full flake floor,"Red soda can spilling onto a gray full flake garage floor coating with black, white and tan chips",garage,full_flake,,,,"gray base with black, white and tan chips, small to medium size",close_up,,,2023-12-15,4,True,gameday photoshoot; full flake; spill test; soda can; stain resistance; gray chips; black and tan chips; garage floor; close up,Gameday Photoshoot/IMG_1629.JPG,m/62735527d411.jpg
a90b516c534d,photo,Spilled soda can on gray flake floor,"Open soda can lying on a gray full flake garage floor with a spill, showing stain resistant coating",garage,full_flake,,,,"gray base with black, white and small tan chips, medium size",close_up,,,2023-12-15,4,False,gameday photoshoot; full flake; gray chips; black and white chips; spill test; soda can; garage floor; stain resistance; close up,Gameday Photoshoot/IMG_1630.JPG,m/a90b516c534d.jpg
cb888ddc0190,photo,Soda can spilling on flake garage floor,A red soda can tipped over spilling onto a gray full flake garage floor coating with black and white chips,garage,full_flake,,,,"gray base with black, white and small tan chips, medium size",close_up,residential,,2023-12-15,4,False,gameday photoshoot; full flake; garage floor; spill; soda can; gray chips; black chips; stain resistance; close up,Gameday Photoshoot/IMG_1631.JPG,m/cb888ddc0190.jpg
c4cb7c05eacb,photo,Soda can spill on gray flake floor,"Spilled soda can resting on a gray full flake garage floor coating, showing a sticky puddle on the surface",garage,full_flake,,,,"gray base with black, white and small tan chips, medium size",close_up,,,2023-12-15,4,False,gameday photoshoot; spill; soda can; stain resistance; full flake; gray chips; black chips; close up; garage floor; mess,Gameday Photoshoot/IMG_1632.JPG,m/c4cb7c05eacb.jpg
b9a7efee521c,photo,Spilled soda can on full flake floor,"Spilled soda can on a gray and tan full flake floor, showing easy cleanup of a coated concrete floor",not_visible,full_flake,,,,"gray, tan and black chips, small to medium size, with a spilled drink",close_up,,,2023-12-15,4,False,gameday photoshoot; spill; soda can; stain test; full flake; gray chips; tan chips; close up; cleanup demo,Gameday Photoshoot/IMG_1633.JPG,m/b9a7efee521c.jpg
097c9d23b1af,photo,Soda can spilling on flake floor,Red soda can on its side spilling onto a gray flake epoxy garage floor coating,not_visible,full_flake,,,,"gray base with black, white and tan chips, small to medium size",close_up,,,2023-12-15,3,False,gameday photoshoot; spill test; soda can; full flake; gray flake; easy clean; stain resistance; close up,Gameday Photoshoot/IMG_1634.JPG,m/097c9d23b1af.jpg
7fb53c899f30,photo,Spilled soda can on flake floor,"Soda can spilling on a gray and tan flake coated floor, showing easy cleanup on a full flake garage floor coating",not_visible,full_flake,,,,"gray, black and tan chips, small to medium size",close_up,,,2023-12-15,4,False,gameday photoshoot; full flake; spill; soda can; easy cleanup; gray chips; tan chips; close up; staged,Gameday Photoshoot/IMG_1635.JPG,m/7fb53c899f30.jpg
6a1dfe807a37,photo,Garage with dark full flake floor,"Empty residential garage with a glossy dark full flake floor, yellow accent wall and black stem wall coating",garage,full_flake,,,,"black base with gray, white and subtle blue chips, small to medium size",finished,residential,,,4,True,garage; full flake; dark floor; black chips; gray chips; glossy; stem wall; finished floor; empty garage,Garages/02982526-D473-41C4-8E90-02EECDFCC224.JPG,m/6a1dfe807a37.jpg
65ad73a6bb04,photo,Garage with gray full flake floor and coated steps,"Garage floor with gray, black and white full flake coating, coated stem wall and entry steps",garage,full_flake,,,,"black, white and gray chips, small size",finished,residential,,,4,True,garage floor; full flake; gray chips; black and white chips; coated steps; stem wall; glossy finish; finished floor,Garages/0435E690-B74A-4FB3-83DC-87F65090E3EF.JPG,m/65ad73a6bb04.jpg
68577fe55f00,photo,Garage with tan full flake floor and coated step,"Garage floor with tan, brown and black full flake coating, coated stem wall and raised step by a side door",garage,full_flake,,,,"tan, brown, black and cream chips, medium size",finished,residential,,,4,True,garage; full flake; tan chips; brown chips; stem wall; garage step; finished floor; white walls; flake floor coating,Garages/06E206FB-8439-4E05-8A8A-46444B9620CA.JPG,m/68577fe55f00.jpg
f58af89d6eaf,photo,Garage with gray full flake floor,"Garage with gray full flake floor, white walls, and tools hanging on the back wall.",garage,full_flake,,,,"gray base with black and white chips, small to medium size",finished,residential,,,4,True,garage; full flake; gray chips; black and white chips; finished floor; tool wall; pegboard; extension cords; white walls,Garages/092425EF-4930-45D1-A63B-B51E9C05AB6C.JPG,m/f58af89d6eaf.jpg
36da19c9c7a3,photo,Garage with tan full flake floor and silver Camaro,"Silver Chevrolet Camaro parked in a garage with a tan full flake floor coating, wall cabinets and tool rack",garage,full_flake,,,,"tan base with brown, black and white chips, small to medium size",finished,residential,,2021-04-19,5,True,garage; full flake; tan chips; brown chips; sports car; camaro; wall cabinets; tool rack; finished floor,Garages/1 copy 3.jpg,m/36da19c9c7a3.jpg
0398aa18ec2a,photo,Garage with brown full flake floor,"Garage interior with a brown full flake floor coating, bike hanging from ceiling and open garage door",garage,full_flake,,,,"brown, tan and black chips, small to medium size",finished,residential,,,3,False,garage; full flake; brown chips; tan chips; black chips; finished floor; bike storage; open garage door; cornhole boards,Garages/1196D6E0-985C-4990-A0F3-D778848A632C.JPG,m/0398aa18ec2a.jpg
a573240f37aa,photo,Two-car garage with gray full flake floor,"Empty two-car garage with gray full flake garage floor coating, white walls and exposed wood ceiling",garage,full_flake,,,,"small gray, black and white chips over a gray base",finished,residential,,,4,True,garage; full flake; gray floor; two car garage; garage doors; exposed ceiling; finished floor; gray chips,Garages/1793008F-4980-4C30-BD45-37981FA49D9D.jpg,m/a573240f37aa.jpg
a92b2e62942a,photo,Garage with fine gray tan flake floor,"Finished garage floor with fine gray and tan flake coating, white door and window, full flake garage floor coating",garage,full_flake,,,,"very fine light gray and tan chips, speckled sandy look",finished,residential,,,4,True,garage; full flake; fine chips; gray chips; tan chips; finished floor; glossy; residential,Garages/1829BB0A-EB9D-4B63-A716-E661CA7D45A6.JPG,m/a92b2e62942a.jpg
a74273ea57ac,photo,Garage floor with gray and red flake coating,"Low angle view of a finished full flake garage floor with gray, white, black and rust red chips, cabinets in background",garage,full_flake,,,,"gray base with white, black, rust red and tan chips, small to medium size",finished,residential,,,4,True,garage; full flake; gray chips; red chips; white chips; glossy finish; cabinets; finished floor; low angle,Garages/196D3996-CF51-4A1C-80A8-8886B47446C2.JPG,m/a74273ea57ac.jpg
925e0894a7fe,photo,Two-car garage with light gray full flake floor,"Clean two-car garage with light gray full flake floor coating, wood cabinets and open garage door",garage,full_flake,,,,"light gray base with small gray, white and black chips",finished,residential,,,4,True,garage; full flake; gray floor; cabinets; workbench; garage door open; finished floor; tools on wall; small chips; residential,Garages/1B9AFAF7-2F1A-44CB-84E5-295997BAC1D2.JPG,m/925e0894a7fe.jpg
7fc0b39742cf,photo,White Camaro on tan full flake garage floor,Front of a white Chevrolet Camaro with black and red stripes parked on a tan full flake garage floor coating,garage,full_flake,,,,"light tan base with fine tan, brown and black chips",finished,residential,,2021-04-19,4,True,garage; full flake; tan chips; fine chips; car; camaro; white car; finished floor; residential,Garages/2 copy.jpg,m/7fc0b39742cf.jpg
52d2ea9118a2,photo,Sunny garage with tan full flake floor,"Garage with tan and brown full flake floor, open doors, ladders and a bicycle, full flake garage floor coating",garage,full_flake,,,,"tan, brown, black and gray chips, small to medium size",finished,residential,,,4,False,garage; full flake; tan chips; brown chips; gray chips; open garage doors; ladder; bicycle; sunny; finished floor,Garages/2600B871-78D0-45E6-B901-8C52752E70EB.JPG,m/52d2ea9118a2.jpg
792a08608e70,photo,Close up of glossy gray flake garage floor,"Close up of a glossy full flake garage floor with gray, black and white chips and a reflective clear coat",garage,full_flake,,,,"small gray, black and white chips under a glossy clear coat",close_up,,,,4,True,garage; full flake; close up; glossy; gray chips; black chips; white chips; reflective; clear coat; finished floor,Garages/272441998_1130572241022182_5563765799838111223_n.jpg,m/792a08608e70.jpg
37f97ebe8b67,photo,Garage with tan full flake floor and saw cuts,"Finished garage floor with tan full flake coating, saw cut lines and sunlight shadows, full flake garage floor coating",garage,full_flake,,,,"mostly tan chips with small black and white specks, fine to medium size",finished,residential,,,4,True,garage; full flake; tan chips; saw cut lines; unfinished drywall; exposed studs; sunlight; finished floor; entry steps,Garages/273268897_640995703713724_6228734650401672333_n.jpg,m/37f97ebe8b67.jpg
211b3619a7b2,photo,Garage with tan full flake floor,"Finished garage floor with tan, brown and black flake coating and glossy clear coat, full flake garage floor coating",garage,full_flake,,,,"tan base with tan, brown and black chips, small to medium size",finished,residential,,,4,True,garage; full flake; tan chips; brown chips; glossy; finished floor; residential; saw cut joints,Garages/273313530_640997227046905_4537026835872970707_n.jpg,m/211b3619a7b2.jpg
d90a1c82ed11,photo,Large finished garage with dark gray flake floor,"Spacious clean garage with dark gray full flake floor coating, open door, bikes hanging on back wall",garage,full_flake,,,,"dark gray base with gray and white chips, small to medium size",finished,residential,,,4,True,garage; full flake; dark gray floor; gray chips; finished floor; garage door open; bikes; clean garage; residential,Garages/279723896_1086773915524082_4505695440789901005_n.jpg,m/d90a1c82ed11.jpg
37edab877791,photo,Empty two-car garage with gray full flake floor,"Finished garage with gray full flake floor coating, white walls, door and overhead garage door",garage,full_flake,,,,"gray base with gray, white and black chips, medium size",finished,residential,,,5,True,garage; full flake; gray floor; gray white black chips; garage door; empty garage; finished floor; residential; glossy,Garages/279742341_1086773888857418_3083441641537373262_n.jpg,m/37edab877791.jpg
37dffec41658,photo,Garage with gray full flake floor and coated stem walls,"Empty garage with a glossy gray full flake floor and coated stem walls, full flake garage floor coating",garage,full_flake,,,,"gray, white and black chips, small to medium size, on a dark gray base",finished,residential,,,4,True,garage; full flake; gray chips; black chips; white chips; stem wall; glossy; finished floor; empty garage,Garages/280518661_1091549038379903_3044347909127832807_n.jpg,m/37dffec41658.jpg
157836711b99,photo,Garage with light gray full flake floor,Empty two-car garage with a glossy light gray full flake garage floor coating and white paneled doors,garage,full_flake,,,,light gray base with sparse small dark gray and black chips,finished,residential,,,4,True,garage; full flake; gray floor; garage door; glossy; finished floor; white walls; residential,Garages/2AEF33E8-74BF-4AA9-B4EF-6192E28EFBE9.JPG,m/157836711b99.jpg
fd2a769ecd10,photo,Garage with gray speckled full flake floor,"Finished garage floor with gray, white and black speckled full flake coating near workbench and cabinets",garage,full_flake,,,,"small gray, white and black chips, fine speckled mix",finished,residential,,,4,False,garage; full flake; gray chips; finished floor; workbench; cabinets; speckled; residential,Garages/2BCB23CB-9994-4AEA-BDF8-96D0B3EBDC53.JPG,m/fd2a769ecd10.jpg
1ce34fabe71e,photo,Empty garage with gray full flake floor,"Finished garage floor with gray, black and white flake coating, coated steps and white walls, full flake garage floor coating",garage,full_flake,,,,"gray, black and white chips, small to medium size",finished,residential,,,4,True,garage; full flake; gray chips; black and white chips; coated steps; finished floor; residential; glossy,Garages/2E0D25B4-22B7-4B71-8B9A-D1092BD77C70.JPG,m/1ce34fabe71e.jpg
e8315f02a544,photo,Garage floor with coated steps and stem wall,"Garage with tan full flake floor coating carried up the steps and stem wall, full flake garage floor coating",garage,full_flake,,,,"tan base with fine brown and black chips, small size",finished,residential,,2021-04-19,4,True,garage; full flake; tan chips; brown chips; steps; stem wall; finished floor; residential,Garages/3 copy.jpg,m/e8315f02a544.jpg
f3678b4cfcb7,photo,Garage with gray full flake floor,"Finished gray full flake garage floor with coated stem walls, wall shelves and storage bins",garage,full_flake,,,,"light to mid gray chips with white and black specks, small size",finished,residential,,,4,True,garage; full flake; gray flakes; finished floor; stem wall; wall shelving; storage; coated floor; clean,Garages/307BFB45-88B9-4E8E-A19A-7C4C5594D055.JPG,m/f3678b4cfcb7.jpg
ece2163d9463,photo,Garage with light gray full flake floor,"Finished garage with light gray full flake floor coating, workbench and gray cabinets along the back wall",garage,full_flake,,,,"light gray, white and black chips, small to medium size",finished,residential,,,4,True,garage; full flake; gray floor; finished floor; workbench; cabinets; gray chips; speckled floor,Garages/319570CF-4FD1-40B0-ADB1-7069F451547E.JPG,m/ece2163d9463.jpg
c95e545cf046,photo,Garage with dark gray full flake floor,"Finished garage with dark gray full flake floor coating, open garage door and tools on wall",garage,full_flake,,,,"dark charcoal gray base with fine light gray and white chips, small size",finished,residential,,,4,True,garage; full flake; dark gray; fine chips; glossy; finished floor; garage door; residential,Garages/357894B2-08D0-42E4-98B5-FE942F416DAF.JPG,m/c95e545cf046.jpg
4f4b067460e9,photo,Garage with gray full flake floor and stem wall,"Finished garage floor with gray, white and black flake coating and coated stem wall, full flake garage floor coating",garage,full_flake,,,,"gray, white and black chips, small to medium size, glossy clear coat",finished,residential,,,4,True,garage; full flake; gray chips; white chips; black chips; glossy floor; stem wall; finished floor; interior garage,Garages/385629CE-CA83-4E92-B2D6-DF4AF597A8CD.JPG,m/4f4b067460e9.jpg
e29292d95788,photo,Garage with gray full flake floor and hanging bags,"Garage with full flake floor coating in gray, black and white chips, bags hanging on wall.",garage,full_flake,,,,"gray, black and white chips with scattered red and brown chips, medium size",finished,residential,,,3,False,garage; full flake; gray black white chips; red chips; hanging bags; storage; finished floor; wall edge,Garages/38B7AAC9-8B0B-4D8D-B432-63E67D735400.JPG,m/e29292d95788.jpg
f999600ef550,photo,Garage with tan flake floor and black convertible,Black Mercedes convertible parked on a tan full flake garage floor coating with wall decor,garage,full_flake,,,,"tan base with fine brown and black chips, small size",finished,residential,,2021-04-19,4,True,garage; full flake; tan chips; brown chips; black car; convertible; sports car; finished floor; residential garage,Garages/4 copy.jpg,m/f999600ef550.jpg
72cf71685563,photo,Two golden retrievers on tan flake garage floor,Two golden retrievers sitting on a tan full flake garage floor coating,garage,full_flake,,,,"tan base with brown, black and cream chips, small to medium size",finished,residential,,2021-04-19,4,True,garage; full flake; tan chips; dogs; golden retriever; finished floor; pets; brown chips,Garages/5.jpg,m/72cf71685563.jpg
0e785cdf2e56,photo,Garage with light gray full flake floor,"Empty garage with a glossy light gray full flake floor, gray paneled walls and white doors; full flake garage floor coating",garage,full_flake,Ultra,Silver Butte,duplicate,"light gray, white and black chips, small size",finished,residential,,,4,True,garage; full flake; gray chips; glossy floor; empty garage; paneled walls; white door; finished floor,Garages/525A0542-B0F6-4AB6-ADE8-79990390C06A.JPG,m/0e785cdf2e56.jpg
a99bf41e8e05,photo,Garage with gray full flake floor,"Glossy gray full flake garage floor with open door to landscaped yard, full flake garage floor coating",garage,full_flake,,,,"gray, white and black chips, small to medium size",finished,residential,,,4,True,garage; full flake; gray chips; glossy floor; finished floor; control joint; open garage door; residential,Garages/54784607-AF55-4ABB-85D3-9FB805FF79A7.JPG,m/a99bf41e8e05.jpg
4276df621caf,photo,Garage with tan full flake floor and staircase,"Finished garage floor with tan, brown and black flake coating beside a staircase, full flake garage floor coating",garage,full_flake,,,,"tan base with small brown, black and cream chips, fine to medium size",finished,residential,,,4,True,garage; full flake; tan chips; brown chips; finished floor; staircase; residential; glossy,Garages/58583828_1263241533834731_466003101212475392_n.jpg,m/4276df621caf.jpg
f9b2e512849d,photo,Garage with gray full flake floor,"Finished garage floor with gray, white and black full flake coating, gray paneled walls and door in background",garage,full_flake,,,,"gray, white and black chips, medium size",finished,residential,,,4,True,garage; full flake; gray chips; white chips; black chips; finished floor; garage door; paneled walls; glossy,Garages/5A875293-161B-4389-8531-8A8F0342C524.JPG,m/f9b2e512849d.jpg
320b0c0fce00,photo,Garage with tan full flake floor and silver Camaro,Silver Chevrolet Camaro parked on a tan and brown full flake garage floor coating,garage,full_flake,,,,"tan and brown chips, small to medium size, warm overall tone",finished,residential,,2021-04-19,4,True,garage; full flake; tan chips; brown chips; camaro; sports car; finished floor; residential garage,Garages/6 copy 2.jpg,m/320b0c0fce00.jpg
a1daee114502,photo,Garage with gray full flake floor,"Glossy gray full flake garage floor with saw-cut control joints, garage floor coating",garage,full_flake,,,,"gray, white and black chips, small to medium size, glossy clear coat",finished,residential,,,4,True,garage; full flake; gray chips; glossy; control joints; finished floor; garage floor coating,Garages/607E01B0-94B6-4D19-8355-3DED01B6E045.JPG,m/a1daee114502.jpg
f17c8c014b99,photo,Garage entry landing with gray and red flake floor,"Garage entry step and landing coated in gray full flake with red and black chips, full flake garage floor coating",garage,full_flake,,,,"gray base with red, black and white chips, small to medium size",close_up,residential,,,4,True,garage; full flake; gray flakes; red chips; entry step; stem wall; white door; finished floor; landing,Garages/61108A98-F333-4683-971F-3CC5FC3F79B2.JPG,m/f17c8c014b99.jpg
a5d9c30ae628,photo,Garage with tan full flake floor,"Glossy tan full flake garage floor with open door and car in driveway, full flake garage floor coating",garage,full_flake,,,,"tan base with fine brown and black chips, small size",finished,residential,,,4,True,garage; full flake; tan chips; brown chips; fine chips; glossy finish; finished floor; car outside; driveway,Garages/6254B6A1-DCB8-4736-BDFB-A3E5FE807726.JPG,m/a5d9c30ae628.jpg
5a6c1ff8aa7e,photo,Garage with light gray full flake floor,"Garage interior with light gray full flake floor, storage shelves, tools and open garage door",garage,full_flake,,,,"light gray, white and black chips, small to medium size",finished,residential,,,4,True,garage; full flake; gray floor; storage shelves; garage door open; finished floor; residential; light gray chips,Garages/65D1D6FD-276D-4301-8B75-86F547DB2875.JPG,m/5a6c1ff8aa7e.jpg
ced552f246c5,photo,Garage with gray full flake floor and coated stem wall,"Gray full flake garage floor with coated stem wall and white entry door, garage floor coating",garage,full_flake,,,,"gray, white and black chips, small to medium size",finished,residential,,,4,True,garage; full flake; gray chips; stem wall; white walls; entry door; finished floor; glossy,Garages/6611394C-96B2-43DF-954B-EB2013A5AD68.JPG,m/ced552f246c5.jpg
ad8b91d8831d,photo,Garage with white blue full flake floor,"Low angle view of a full flake garage floor with white, blue and gray chips in front of cabinets and shelving",garage,full_flake,,,,"white and light gray base with blue, black and gray chips, small to medium size",finished,residential,,,4,False,garage; full flake; blue chips; white chips; gray chips; garage cabinets; garage storage; finished floor; flake floor,Garages/66791718_504886460257433_267899293757603840_n.jpg,m/ad8b91d8831d.jpg
b64b3c188e51,photo,Garage with tan brown full flake floor,Empty garage with glossy tan and brown full flake floor coating and white garage doors,garage,full_flake,,,,"fine tan and brown chips, speckled appearance",finished,residential,,,4,True,garage; full flake; tan chips; brown chips; glossy floor; garage door; finished floor; speckled floor,Garages/67124758_509129249833154_5769951201084833792_n.jpg,m/b64b3c188e51.jpg
2d7a7628a236,photo,Garage with gray and tan full flake floor,"Low angle view of a gray, white and tan full flake garage floor with gray cabinets and workbench along the back wall",garage,full_flake,,,,"gray, white and black chips with scattered tan and gold flecks, medium size",finished,residential,,,4,True,garage; full flake; gray chips; tan flecks; cabinets; workbench; finished floor; glossy,Garages/68339556_519698068776272_2528809733805047808_n.jpg,m/2d7a7628a236.jpg
579d4becaa43,photo,Garage with gray full flake floor and workbench,"Garage with gray full flake floor coating, workbench, cabinets and unfinished walls",garage,full_flake,,,,"gray, white and black chips, fine to medium size",finished,residential,,,3,False,garage; full flake; gray chips; workbench; cabinets; control joints; finished floor; cluttered,Garages/6A728A11-B559-4586-9A63-E34A67F90495.JPG,m/579d4becaa43.jpg
524d858e4f50,photo,Empty garage with gray full flake floor,Empty garage with glossy gray full flake floor coating and white baseboards,garage,full_flake,,,,"gray base with very fine light gray and white chips, low density",finished,residential,,,4,True,garage; full flake; gray floor; glossy; empty garage; light gray chips; finished floor; garage floor coating,Garages/6BADECE2-6955-426A-AB3C-02620003521B.JPG,m/524d858e4f50.jpg
e97591df164e,photo,Garage with tan full flake floor and coated step,"Finished garage with tan brown full flake floor coating, coated step ledge, white walls, door and decorative mirror",garage,full_flake,,,,"tan and brown chips with small black and white chips, fine to medium size",finished,residential,,,4,True,garage; full flake; tan chips; brown chips; step; stem wall; white walls; mirror; finished floor; residential,Garages/6F055013-EB3C-49B2-8EC6-A3491DEC16A5.JPG,m/e97591df164e.jpg
3e4520db8667,photo,Garage with gray flake floor and Chatham Hills logo,"Garage with light gray full flake floor and black Chatham Hills script logo, full flake garage floor coating",garage,full_flake,,,,"light gray base with small white, gray and black chips",finished,residential,,,4,True,garage; full flake; gray chips; floor logo; chatham hills; finished floor; gray walls; window; glossy,Garages/73E45427-C498-4B69-8CBC-96851E67C7E0.JPG,m/3e4520db8667.jpg
bf6e6d820861,photo,Garage with glossy gray solid color floor,"Garage with a glossy gray solid color floor coating, workbench and storage shelves along the walls",garage,solid_color,,,,"smooth solid gray coating, glossy, no chips",finished,residential,,,3,False,garage; solid color; gray floor; glossy; workbench; shelves; finished floor,Garages/75892882-8BC6-4721-9B6E-882A8DC1E439.JPG,m/bf6e6d820861.jpg
81f2f6eed0fb,photo,Garage with tan full flake floor and saw-cut joints,"Garage with glossy tan full flake floor with saw-cut control joints and white walls, full flake garage floor coating",garage,full_flake,,,,"tan base with small brown, black and white chips, fine to medium size",finished,residential,,,4,True,garage; full flake; tan chips; brown chips; glossy floor; saw cut joints; white walls; finished floor; residential,Garages/7C3D1EF8-DB36-4E40-B2D3-9C301973D95F.JPG,m/81f2f6eed0fb.jpg
4aa76dea2531,photo,Empty garage with light gray full flake floor,"Empty two-car garage with glossy light gray full flake garage floor coating, windows and open garage door",garage,full_flake,,,,"light gray and white chips with small black specks, fine to medium size",finished,residential,,,4,True,garage; full flake; gray floor; light gray chips; glossy; empty garage; windows; garage door opener; finished floor; flake floor,Garages/830082C3-DDA9-4895-9325-1E600BDFCF64.JPG,m/4aa76dea2531.jpg
dab32342e839,photo,Empty garage with gray full flake floor,"Empty two-car garage with a glossy gray full flake floor coating, painted walls and open garage door",garage,full_flake,,,,"gray base with small gray, white and black chips, fine speckled look",finished,residential,,,4,True,garage; full flake; gray floor; finished floor; glossy; empty garage; two car garage; gray white black chips,Garages/86D5A189-E687-4307-B8EB-3C6FFB0B7D5C.JPG,m/dab32342e839.jpg
b82adfd0d2db,photo,Garage with gray full flake floor and coated steps,"Empty garage with gray full flake floor coating, coated entry steps and coats hanging on wall hooks",garage,full_flake,,,,"gray, white and black chips, small to medium size",finished,residential,,,4,True,garage; full flake; gray chips; coated steps; finished floor; interior door; wall hooks; glossy finish,Garages/87D3C8B7-E72D-4DE7-9E26-5C21403BDED5.JPG,m/b82adfd0d2db.jpg
06358b9452be,photo,Garage with light gray flake floor,"Glossy light gray garage floor with small dark flakes, full flake garage floor coating",garage,full_flake,,,,light gray base with small black and dark gray chips,finished,residential,,,4,True,garage; full flake; gray floor; light gray; black chips; glossy; finished floor; residential,Garages/89DB46DA-3C15-438F-9D54-70474E016E22.JPG,m/06358b9452be.jpg
f98e2606b07e,photo,Finished gray full flake garage floor,Crew member standing on a finished gray full flake garage floor with glossy clear coat,garage,full_flake,,,,"gray, black and white chips, small to medium size",finished,residential,,,4,True,garage; full flake; gray chips; fine flake; glossy; finished floor; crew member; masked worker,Garages/909849AC-375E-43E2-BFE2-B2BC8ACBAAB9.JPG,m/f98e2606b07e.jpg
54092ab6e23e,photo,Garage with light gray full flake floor,"Garage with light gray full flake floor coating, tools and fridge along unfinished walls",garage,full_flake,,,,"light warm gray base with fine dark gray and black chips, small size",finished,residential,,,3,False,garage; full flake; light gray; fine chips; workshop; unfinished walls; refrigerator; glossy floor; finished,Garages/9785067F-D1E7-44FA-9D08-ED39903075B9.JPG,m/54092ab6e23e.jpg
ac3d283ee0f6,photo,Garage with gray full flake floor and coated steps,"Glossy gray full flake garage floor with matching coated steps, epoxy flake garage floor coating",garage,full_flake,,,,"gray, black and white chips, small to medium size",finished,residential,,,4,True,garage; full flake; gray chips; glossy; coated steps; black and white chips; finished floor; stem wall,Garages/A1CCA75F-0FB7-480E-893C-9391DF01E973.JPG,m/ac3d283ee0f6.jpg
b6fbb1bff06c,photo,Garage with gray full flake floor and storage shelves,"Garage with gray full flake floor coating, wall shelves with bins and boxes, and a metal shelving unit",garage,full_flake,,,,"gray, white and black chips, small to medium size",finished,residential,,,4,False,garage; full flake; gray chips; shelves; storage bins; finished floor; residential; garage floor coating,Garages/A698CAE2-5219-4DE8-9F12-37EF3730825B.JPG,m/b6fbb1bff06c.jpg
c5e9ee6978b3,photo,Garage with gray full flake floor and workbench,"Garage with gray full flake floor coating, workbench, cabinets and windows along the wall",garage,full_flake,,,,"gray base with white, gray and black chips, small to medium size",finished,residential,,,3,False,garage; full flake; gray floor; white gray black chips; workbench; cabinets; windows; finished floor,Garages/B076DC1D-999D-4653-953E-8EDC74032FF2.JPG,m/c5e9ee6978b3.jpg
f1c2b360837b,photo,Garage with gray full flake floor,"Finished garage floor with gray, white and black full flake coating, driveway and truck visible outside",garage,full_flake,,,,"gray, white and black chips, small to medium size",finished,residential,,,4,True,garage; full flake; gray chips; black chips; white chips; finished floor; glossy; driveway; truck; full flake garage floor coating,Garages/B5C7F8FF-BA41-4F65-A9C4-E505E4DC344A.JPG,m/f1c2b360837b.jpg
9842eafa718c,photo,Garage with gray full flake floor,"Low angle view of a finished garage floor with gray, black and tan flake chips, unfinished drywall and a refrigerator in back",garage,full_flake,,,,"gray, black and white chips with scattered tan and rust accents, small size",finished,residential,,,4,True,garage; full flake; gray chips; black chips; tan chips; finished floor; refrigerator; unfinished drywall; garage door; low angle,Garages/B7BAA4C7-E691-4351-8900-5D6EA2B6A5B1.JPG,m/9842eafa718c.jpg
587eb367db84,photo,Garage corner with gray full flake floor,"Gray full flake garage floor around a utility sink and water softener tank, full flake garage floor coating",garage,full_flake,,,,"gray, white and black chips, small to medium size",finished,residential,,,3,False,garage; full flake; gray chips; utility sink; water softener; finished floor; garage corner; flake floor,Garages/BFB5AF66-EC9F-40F5-BB17-C6249FAFA21A.JPG,m/587eb367db84.jpg
48347cc92063,photo,White sports car on dark gray flake garage floor,White sports car parked on a dark gray full flake garage floor coating with fine gray and white chips,garage,full_flake,,,,"fine gray, white and black chips over a dark charcoal base",finished,residential,,2019-07-11,5,True,garage; full flake; dark gray floor; white car; sports car; fine chips; gray white black chips; finished floor; glossy,Garages/BagariSilverSpiritsxblack.jpg,m/48347cc92063.jpg
c4db86811799,photo,Empty garage with gray full flake floor,"Clean empty garage with gray full flake floor coating, flake stem walls and large window",garage,full_flake,,,,"gray, white and black chips, small to medium size",finished,residential,,2021-01-14,5,True,garage; full flake; gray chips; stem wall; empty garage; window; glossy floor; finished; residential,Garages/Bobwebb1.jpg,m/c4db86811799.jpg
49ad89002f25,photo,Garage with gray and black full flake floor,"Garage floor coated in gray, white and black flake with diamond-pattern wall accents, full flake garage floor coating",garage,full_flake,,,,"gray, white and black chips, small to medium size",finished,residential,,,4,True,garage; full flake; gray chips; black chips; white chips; finished floor; wall decor; low angle,Garages/C0B1221B-AF02-40FE-BADE-224403C80C1A.JPG,m/49ad89002f25.jpg
54cc0ccc7425,photo,Garage with light tan full flake floor,"Glossy light tan full flake garage floor with fine chips, roller and finger visible in corner.",garage,full_flake,,,,"light tan base with fine tan, black and white chips, small chip size",finished,residential,,,3,False,garage; full flake; tan chips; fine chips; glossy floor; garage door; finished floor,Garages/C59FECFD-2C24-4310-A647-6178F1C4038C.JPG,m/54cc0ccc7425.jpg
1c79dc67add9,photo,Dog lying on blue full flake garage floor,Cream dog with a ball lying on a blue gray full flake garage floor coating with stem wall and white walls,garage,full_flake,Vintage Mica,Cobalt,folder,"blue, gray and white chips, medium size",finished,residential,,2019-05-02,5,True,garage; full flake; blue chips; gray chips; dog; pet; stem wall; finished floor; residential,Garages/Cobalt1.jpg,m/1c79dc67add9.jpg
efd225377f78,photo,Dog resting on blue flake garage floor,Cream dog with a ball lying on a blue gray full flake garage floor with stem wall and floor drain,garage,full_flake,Vintage Mica,Cobalt,folder,"blue, gray and white chips, medium size",finished,residential,,,5,True,garage; full flake; blue chips; gray chips; dog; floor drain; stem wall; finished floor; pet friendly,Garages/Cobalt1.psd,m/efd225377f78.jpg
f52859cb5367,photo,Cream dog lying on blue flake garage floor,Cream doodle dog lying on a light blue full flake garage floor with blue door and cabinet,garage,full_flake,Vintage Mica,Cobalt,folder,light blue and gray small chips over a pale blue-gray base,finished,residential,,2019-05-02,4,True,garage; full flake; blue chips; gray chips; dog; pet on floor; finished floor; blue door; residential; cobalt,Garages/Cobalt2.jpg,m/f52859cb5367.jpg
254f8602badc,photo,Empty garage with blue gray full flake floor,Empty residential garage with a gray and blue full flake floor coating and two blue doors,garage,full_flake,Vintage Mica,Cobalt,folder,"gray and white chips with blue accents, small to medium size",finished,residential,,2019-05-02,4,True,garage; full flake; blue chips; gray floor; finished floor; blue doors; empty garage; epoxy flake floor,Garages/Cobalt3.jpg,m/254f8602badc.jpg
aa3f77d5dcb0,photo,Garage with tan brown full flake floor,"Garage with a glossy tan and brown chip coated floor, coated stem wall, and bikes hanging overhead; full flake garage floor coating",garage,full_flake,,,,"tan, brown and black chips, medium size",finished,residential,,2018-04-21,4,True,garage; full flake; tan chips; brown chips; glossy; stem wall; bikes; finished floor; residential,Garages/Coopermine1.jpg,m/aa3f77d5dcb0.jpg
cbab1d933299,photo,White Mercedes on brown full flake garage floor,Front of a white Mercedes sedan parked on a brown full flake garage floor coating,garage,full_flake,,,,"warm brown chips with black and tan flecks, fine to medium size",finished,residential,,2018-04-21,4,True,garage; full flake; brown chips; white mercedes; luxury car; finished floor; speckled; epoxy floor,Garages/Copper Mine .jpg,m/cbab1d933299.jpg
8d8989f18296,photo,Garage with basketball hoop and gray flake floor,Finished garage with light gray speckled full flake floor coating and a wall mounted basketball hoop,garage,full_flake,,,,"light gray base with small white, gray and black chips, fine speckled look",finished,residential,,2019-07-09,5,True,garage; full flake; gray floor; basketball hoop; garage door; gray white black chips; finished floor; empty garage; vaulted ceiling; sport court,Garages/Coppertreegarage1.jpg,m/8d8989f18296.jpg
4e913cc63890,photo,Garage bar area with Desert Edge flake floor,Garage with wood bar and stools on a light tan Desert Edge full flake garage floor coating,garage,full_flake,Vintage Mica,Desert Edge,folder,"light tan and cream chips with small brown and gray flecks, fine to medium size",finished,residential,,2019-07-11,4,True,garage; full flake; tan chips; desert edge; home bar; bar stools; garage door; finished floor,Garages/Desert Edge.jpg,m/4e913cc63890.jpg
c5b02ca41b5f,photo,Garage with light gray full flake floor,"Finished garage with light gray full flake floor, overhead door and corrugated metal walls, full flake garage floor coating",garage,full_flake,,,,"light gray, white and tan chips, small size",finished,residential,,,4,True,garage; full flake; light gray floor; small chips; garage door; metal walls; finished floor; entry door,Garages/E01A3CF8-C527-4EAB-B45A-5E16CBD59405.JPG,m/c5b02ca41b5f.jpg
48b414dba281,photo,Empty garage with gray full flake floor,Empty garage with white walls and a glossy gray full flake garage floor coating,garage,full_flake,,,,"gray, white and black chips, small to medium size",finished,residential,,,4,True,garage; full flake; gray chips; white walls; empty garage; finished floor; glossy floor; flake floor coating,Garages/E1109768-64DA-451E-A707-A34A30C1A8E3.JPG,m/48b414dba281.jpg
f8ce4d7e6987,photo,Garage with gray full flake floor and open door,"Garage with a gray full flake floor, open door and cars in the driveway, full flake garage floor coating",garage,full_flake,,,,"gray, white and black chips, small to medium size",finished,residential,,,4,True,garage; full flake; gray chips; white chips; black chips; finished floor; open garage door; driveway; cars; glossy,Garages/E5D951E9-A91D-4BF7-BC57-4E7B17D1AD01.JPG,m/f8ce4d7e6987.jpg
cd75400ccb2b,photo,Garage with gray full flake floor,"Garage with gray full flake floor coating, coated stem wall and open door to driveway",garage,full_flake,,,,"gray, white and black chips, fine to medium size",finished,residential,,,5,True,garage; full flake; gray chips; finished floor; stem wall coating; driveway; control joints; glossy,Garages/E6D4ADC8-5E2D-4187-807D-A1C09B88FE7A.JPG,m/cd75400ccb2b.jpg
0edc2e06c7ed,photo,Garage with gray full flake floor,Garage with a glossy gray full flake floor and storage shelves along the back wall,garage,full_flake,,,,"gray, white and black chips, small to medium size",finished,residential,,,4,False,garage; full flake; gray chips; glossy floor; storage shelves; finished floor; residential,Garages/EC2EF57C-96C6-4B15-9E8F-AFE48261E9D5.JPG,m/0edc2e06c7ed.jpg
2264ae8b5fee,photo,Empty garage with glossy gray solid color floor,Empty garage with a glossy light gray solid color floor coating and white walls,garage,solid_color,,,,"flat light gray coating, no chips, glossy finish",finished,,,,4,True,garage; solid color; gray floor; glossy; empty garage; finished floor; no flakes; overhead lights,Garages/F0073333-0280-419E-855C-5FB08987DA6B.JPG,m/2264ae8b5fee.jpg
d902aa1b7a63,photo,Garage with brown full flake floor,"Finished garage floor with brown full flake coating, saw cut joints and stem wall, full flake garage floor coating",garage,full_flake,,,,"small brown, tan and black chips over a brown base, dense speckled look",finished,residential,,,4,True,garage; full flake; brown chips; tan chips; finished floor; stem wall; saw cut joints; glossy; residential,Garages/F60183D2-08B8-4D1E-80DE-00EA10065A3E.JPG,m/d902aa1b7a63.jpg
4f8604eb5c02,photo,Garage with gray full flake floor and open door,"Garage interior with gray full flake floor, open door, work van outside; full flake garage floor coating",garage,full_flake,,,,"small gray, white and black chips, fine size",finished,residential,,,4,False,garage; full flake; gray floor; fine chips; open garage door; work van; wall storage; finished floor,Garages/F627155B-7995-4E07-80AC-90D848DD7831.JPG,m/4f8604eb5c02.jpg
9b1b31edd745,photo,Garage with gray full flake floor in sunlight,"Garage with gray, white and black full flake floor coating, part in sunlight, matching stem wall, open garage door",garage,full_flake,,,,"gray, white and black chips, small to medium size",finished,residential,,,4,True,garage; full flake; gray floor; gray white black chips; stem wall; sunlight; open garage door; finished floor; flake floor coating,Garages/F8CEB577-7E3E-46D8-AB47-88965DF151BD.JPG,m/9b1b31edd745.jpg
5c394c9ce8a8,photo,Garage flake floor with Made in USA badge,"Selective-color garage photo with flake floor, American flag and Made in USA badge overlay, full flake garage floor",garage,full_flake,,,,grayscale selective-color edit; light and dark chips visible but true colors not shown,graphic,residential,,,3,False,garage; full flake; american flag; made in usa; patriotic; black and white; text overlay; wall shelves; finished floor,Garages/FLAG.png,m/5c394c9ce8a8.jpg
0768551e6d20,photo,Garage with glossy black full flake floor,"Empty garage with glossy black full flake floor in Galaxy chips and coated stem walls, full flake garage floor coating",garage,full_flake,Vintage Mica,Galaxy,folder,"black and dark gray base with white and light gray chips, small to medium size",finished,residential,,,4,True,garage; full flake; galaxy; black floor; glossy; white chips; stem wall; finished floor; two car garage; dark gray,Garages/Galaxy(1).JPG,m/0768551e6d20.jpg
5ce79d04d083,photo,Garage with black Galaxy full flake floor,"Empty garage with glossy black full flake floor with silver and gray chips, full flake garage floor coating",garage,full_flake,Vintage Mica,Galaxy,folder,"black base with silver, gray and white chips, medium size",finished,residential,,,4,True,garage; full flake; black floor; silver chips; gray chips; glossy; finished floor; garage door; yellow wall; low angle,Garages/Galaxy(2).JPG,m/5ce79d04d083.jpg
56f04932af7b,photo,Garage with black Galaxy full flake floor,Glossy black full flake garage floor with white and gray chips in an empty garage with yellow accent wall,garage,full_flake,Vintage Mica,Galaxy,folder,"black base with white and light gray chips and a few tan chips, small to medium size",finished,residential,,2022-02-22,5,True,garage; full flake; black floor; gray chips; white chips; glossy finish; finished floor; garage door; yellow wall; low angle,Garages/Galaxy.jpg,m/56f04932af7b.jpg
15682684db04,photo,Garage with gray full flake floor and wall grid,"Garage with gray full flake floor coating, coated stem walls, white entry door and wall storage grid",garage,full_flake,,,,"gray, white and black chips, small to medium size",finished,residential,,2018-03-16,5,True,garage; full flake; gray chips; stem wall; wall grid; storage hooks; entry door; finished floor; clean; garage floor coating,Garages/Garage copy.jpg,m/15682684db04.jpg
55b806c9b861,photo,Empty garage with light gray full flake floor,"Empty garage with light gray full flake floor coating, flake stem wall and a small window",garage,full_flake,,,,"light gray, white and beige chips, small to medium size",finished,residential,,2021-04-27,4,True,garage; full flake; light gray chips; white chips; stem wall; window; empty garage; finished floor; flake floor,Garages/Goldmine copy.jpg,m/55b806c9b861.jpg
e5d9483c83c8,photo,Garage with gray Granite full flake floor,"Low angle view of a glossy gray, white and black full flake garage floor with a garage door and hanging tools behind",garage,full_flake,,,,"gray, white and black chips, medium size",finished,residential,,,4,True,garage; full flake; gray chips; black and white chips; glossy floor; garage door; finished floor; low angle,Garages/Granoite.JPG,m/e5d9483c83c8.jpg
dc64988636c2,photo,Garage with gray flake floor and coated stem walls,"Finished garage with a glossy gray, white and black full flake floor coating and matching coated stem walls under tall windows",garage,full_flake,,,,"gray, white and black chips, small to medium size, dense coverage",finished,residential,,2021-01-14,5,True,garage; full flake; gray chips; glossy floor; stem walls; windows; finished floor; flake floor coating,Garages/Graphite1.jpg,m/dc64988636c2.jpg
b8398f0e22c0,photo,Empty garage with gray full flake floor,"Empty residential garage with gray full flake floor coating and coated stem walls, window and open garage door",garage,full_flake,,,,"gray, white and black chips, small to medium size",finished,residential,,2021-01-14,5,True,garage; full flake; gray chips; stem wall; finished floor; empty garage; window; glossy,Garages/Graphite2.jpg,m/b8398f0e22c0.jpg
6ebdfe294697,photo,Garage with gray flake floor and black cabinets,"Garage with gray full flake floor and black cabinets, full flake garage floor coating",garage,full_flake,,,,"gray, white and black chips, small to medium size",finished,residential,,2018-03-16,5,True,garage; full flake; gray floor; gray chips; black cabinets; slatwall; stem wall; finished floor,Garages/GrayGarage2.jpg,m/6ebdfe294697.jpg
36c1baf66bc0,photo,Garage with dark Gun Metal full flake floor,"Empty garage with a glossy dark full flake floor, flake stem walls and tan walls, full flake garage floor coating",garage,full_flake,Vintage Mica,Gun Metal,folder,"black base with small white and gray chips, fine to medium size",finished,residential,,,4,True,garage; full flake; dark floor; black flakes; gray chips; glossy; stem wall; finished floor; gun metal,Garages/Gun Metal.JPG,m/36c1baf66bc0.jpg
4abd72ccdff1,photo,Garage with light gray flake floor and red car,"Finished garage with light gray full flake floor, red Dodge Charger, bar seating and cabinets",garage,full_flake,,,,"light gray and white chips, small size, on a gray base",finished,residential,,2000-01-01,5,True,garage; full flake; gray chips; finished floor; red car; dodge charger; bar stools; cabinets; refrigerator; garage floor coating,Garages/IMG_0050.JPG,m/4abd72ccdff1.jpg
864fa1dff71b,photo,Garage with light gray flake floor and red Dodge Charger,"Red Dodge Charger parked in a finished garage with a light gray full flake garage floor coating, bar seating and cabinets",garage,full_flake,,,,"light gray base with small white, gray and dark speckled chips",finished,residential,,2000-01-01,5,True,garage; full flake; gray chips; red car; dodge charger; bar stools; cabinets; finished floor; refrigerator; wall mounted tv,Garages/IMG_0052.JPG,m/864fa1dff71b.jpg
7764dddfb6d8,photo,Red Dodge Charger on blue gray flake garage floor,Red Dodge Charger parked on a blue gray full flake garage floor coating,garage,full_flake,,,,"blue gray chips with black and white, small to medium size",finished,residential,,2000-01-01,4,True,garage; full flake; blue gray chips; dodge charger; red car; finished floor; sports car; garage floor coating,Garages/IMG_0056.JPG,m/7764dddfb6d8.jpg
6a85637d74ef,photo,Garage with gray full flake floor and open doors,"Garage with glossy gray full flake floor, two open overhead doors and a trailer outside; full flake garage floor coating",garage,full_flake,,,,"gray base with black, white and gray chips, small to medium size",finished,residential,,,4,True,garage; full flake; gray chips; black and white chips; glossy floor; overhead doors; windows; finished floor; residential garage,Garages/IMG_0077.PNG,m/6a85637d74ef.jpg
502172e7fcd8,photo,Garage with gray floor and red Dodge Charger,"Red Dodge Charger parked in a garage with a gray coated floor, cabinets and a bar counter",garage,solid_color,,,,flat gray-blue floor with no visible chips,finished,residential,,2000-01-01,4,True,garage; gray floor; solid color; dodge charger; red car; cabinets; bar stools; finished floor; residential,Garages/IMG_0082.JPG,m/502172e7fcd8.jpg
77eeb91b6195,photo,Finished garage with gray full flake floor and bar,"Garage with gray full flake floor, Range Rover, bar stools and cabinets; full flake garage floor coating",garage,full_flake,,,,"fine gray, white and black chips, small size, cool bluish cast from lighting",finished,residential,,2000-01-01,4,True,garage; full flake; gray chips; range rover; bar stools; cabinets; finished floor; residential; modern garage,Garages/IMG_0122.JPG,m/77eeb91b6195.jpg
999900f9edcd,photo,Garage with gray flake floor and bar seating,"Garage with gray full flake floor coating, black SUV, bar counter with stools and gray cabinets",garage,full_flake,,,,"gray base with fine black, white and gray chips, small size",finished,residential,,2000-01-01,4,True,garage; full flake; gray floor; bar counter; bar stools; cabinets; suv; finished floor; gray black white chips,Garages/IMG_0123.JPG,m/999900f9edcd.jpg
7b153c783323,photo,Garage bar area with gray full flake floor,"Finished garage with light gray full flake floor, bar with stools, cabinets and parked SUV, full flake garage floor coating",garage,full_flake,,,,"white base with gray and black chips, small to medium size",finished,residential,,2000-01-01,4,True,garage; full flake; gray chips; white base; bar; stools; suv; cabinets; finished floor,Garages/IMG_0151.JPG,m/7b153c783323.jpg
1113df0c38c7,photo,"Finished garage with bar, cabinets and blue gray flake floor","Garage with blue gray full flake floor, bar with stools, black cabinets and a parked SUV, full flake garage floor coating",garage,full_flake,,,,"small blue-gray, black and white chips on a light gray base",finished,residential,,2000-01-01,4,True,garage; full flake; blue gray chips; bar; stools; cabinets; range rover; finished floor; refrigerator; pendant lights,Garages/IMG_0152.JPG,m/1113df0c38c7.jpg
4e711be9d2eb,photo,Garage with tan full flake floor and open door,"Low angle view of a glossy full flake garage floor with tan, brown and black chips, a person standing at the open garage door",garage,full_flake,,,,"tan, brown, black and white chips, medium size, glossy clear coat",finished,residential,,,4,False,garage; full flake; tan chips; brown chips; black chips; glossy floor; finished floor; open garage door; bike rack; residential,Garages/IMG_0237 2.JPG,m/4e711be9d2eb.jpg
35ccf2438445,photo,Garage with glossy tan full flake floor,"Low angle view of a glossy tan and brown full flake garage floor with a man standing at the open garage door, full flake garage floor coating",garage,full_flake,,,,"tan, brown, black and white chips, medium size, glossy finish",finished,residential,,2022-02-21,4,False,garage; full flake; tan chips; brown chips; glossy floor; finished; open garage door; garage door opener; winter trees; low angle,Garages/IMG_0237.JPG,m/35ccf2438445.jpg
be0abbe3d2b1,photo,Garage with gray full flake floor,"Garage with gray full flake floor coating, wainscoted walls and a window overlooking a lawn",garage,full_flake,,,,"gray, black and white chips, small size",finished,residential,,,3,False,garage; full flake; gray chips; finished floor; wainscoting; window; speckled floor,Garages/IMG_0246 2.JPG,m/be0abbe3d2b1.jpg
76f89f8f7903,photo,Garage with light gray full flake floor,"Finished garage floor with fine gray, white and black flake coating, full flake garage floor coating",garage,full_flake,,,,"fine gray, white and black chips, small size",finished,residential,,2022-02-21,4,True,garage; full flake; gray chips; finished floor; window; wainscoting; garage floor coating; residential,Garages/IMG_0246.JPG,m/76f89f8f7903.jpg
081f39fe507b,photo,Garage with light tan full flake floor,"Finished garage floor with light tan full flake coating, saw cut joints and unfinished drywall, full flake garage floor coating",garage,full_flake,,,,"light tan base with small brown, black and white chips, fine to medium size",finished,residential,,2022-02-21,4,True,garage; full flake; tan floor; finished floor; saw cut joints; glossy; brown and black chips; residential,Garages/IMG_0257.JPG,m/081f39fe507b.jpg
3e051842e929,photo,Two-car garage with light gray full flake floor,"Clean two-car garage with light gray full flake floor coating, wood cabinets and open garage door",garage,full_flake,,,,"light gray base with white, gray and black chips, small to medium size",finished,residential,,2022-02-21,4,True,garage; full flake; gray floor; cabinets; workbench; garage door open; tools on wall; finished floor; flake floor coating,Garages/IMG_0258.JPG,m/3e051842e929.jpg
d8bd6c2ba677,photo,Garage workshop with tan full flake floor,"Garage workshop with tan full flake floor coating, workbench, cabinets and tool storage along the walls",garage,full_flake,,,,"tan, brown, black and white chips, medium size",finished,residential,,2022-02-21,4,False,garage; full flake; tan chips; brown chips; workshop; workbench; cabinets; gun safe; finished floor,Garages/IMG_0279.JPG,m/d8bd6c2ba677.jpg
6887e1b5ffb2,photo,Garage with gray full flake floor,"Garage with gray full flake epoxy floor, unfinished drywall, lumber stack and refrigerator, full flake garage floor coating",garage,full_flake,,,,"gray base with white, black and light gray chips, small to medium size",finished,residential,,2022-02-21,4,True,garage; full flake; gray floor; gray chips; garage door opener; drywall; lumber; refrigerator; finished floor,Garages/IMG_0280.JPG,m/6887e1b5ffb2.jpg
721da63cdf66,photo,Large garage with gray full flake floor,"Spacious empty garage with a gray full flake floor coating, white paneled ceiling and two garage door openers",garage,full_flake,,,,"gray, black and white chips, small to medium size",finished,residential,,2022-02-21,4,True,garage; full flake; gray chips; black and white chips; finished floor; garage door opener; empty garage; flake floor coating,Garages/IMG_0281.JPG,m/721da63cdf66.jpg
9b1f0373495c,photo,Large garage with gray full flake floor,"Empty multi-car garage with a gray, white and black full flake garage floor coating, open overhead door and ceiling lights",garage,full_flake,,,,"gray, white and black chips, medium size, with some lighter gray chips",finished,residential,,2022-02-21,4,True,garage; full flake; gray chips; white chips; black chips; finished floor; overhead door; led lighting; large garage; empty garage,Garages/IMG_0282.JPG,m/9b1f0373495c.jpg
b8227b5fb3ab,photo,Garage with glossy gray full flake floor,"Clean garage with glossy gray full flake floor coating, white trim and tools hanging on the wall",garage,full_flake,,,,"gray, white and black chips, small to medium size",finished,residential,,2022-02-21,4,True,garage; full flake; gray chips; glossy floor; finished floor; white baseboards; window light; garage tools; gray flake floor,Garages/IMG_0284.JPG,m/b8227b5fb3ab.jpg
386f9ee79e77,photo,Garage with tan brown full flake floor,"Empty garage with glossy full flake floor in tan, brown and gray chips, tools on wall, full flake garage floor coating",garage,full_flake,,,,"tan, brown, black and gray chips, medium size, warm sunlight on surface",finished,residential,,2022-02-21,4,True,garage; full flake; tan chips; brown chips; gray chips; glossy floor; stem wall; tools on wall; ceiling fan; finished,Garages/IMG_0285.JPG,m/386f9ee79e77.jpg
d8c889d40231,photo,Garage with gray full flake floor,"Garage with gray, white and black full flake floor coating, water heater and utility equipment along the back wall",garage,full_flake,,,,"gray, white and black chips, small to medium size",finished,residential,,2022-02-21,4,True,garage; full flake; gray chips; white chips; black chips; finished floor; water heater; residential; speckled floor,Garages/IMG_0287.JPG,m/d8c889d40231.jpg
28a112020cef,photo,Garage floor with light gray flake coating,Garage interior with glossy light gray flake floor and expansion joints,garage,full_flake,,,,"very small dense chips, light gray and beige mix",finished,residential,,2022-02-21,3,False,garage; flake floor; gray chips; beige chips; glossy; expansion joints; finished; empty garage,Garages/IMG_0288.JPG,m/28a112020cef.jpg
7a5ef156226b,photo,Garage utility corner with gray flake floor,"Gray full flake garage floor beside water heater and filtration equipment, full flake garage floor coating",garage,full_flake,,,,"gray base with black, white and light gray chips, small to medium size",finished,residential,,2022-02-21,3,False,garage; full flake; gray chips; black and white chips; water heater; utility area; finished floor; flake floor,Garages/IMG_0291.JPG,m/7a5ef156226b.jpg
b5b8daaa6810,photo,Finished garage with gray full flake floor,"Garage with gray full flake floor coating, wall cabinets, workbench and Corvette wall decor",garage,full_flake,,,,"gray, white, black and tan chips, small to medium size",finished,residential,,2022-02-21,4,True,garage; full flake; gray chips; finished floor; wall cabinets; workbench; corvette decor; garage door; stem wall,Garages/IMG_0293.JPG,m/b5b8daaa6810.jpg
b466da285b59,photo,Empty garage with gray full flake floor,"Empty residential garage with a gray full flake floor, white walls, entry door steps and a chalkboard, garage floor coating",garage,full_flake,,,,"gray base with white, black and gray chips, small to medium size",finished,residential,Indianapolis,2018-10-24,4,True,garage; full flake; gray floor; gray chips; white baseboard; steps; chalkboard; finished floor,Garages/IMG_0346.JPG,m/b466da285b59.jpg
6e5b54f6358f,photo,Silver gray flake garage floor with white Porsche,Front wheel of a white Porsche on a silver gray full flake garage floor coating,garage,full_flake,,,,"white, gray and black chips, small to medium size, silver gray overall",finished,residential,Indianapolis,2022-03-03,4,True,garage; full flake; gray chips; white chips; porsche; sports car; finished floor; close up wheel; silver gray,Garages/IMG_0613 2.HEIC,m/6e5b54f6358f.jpg
bcd72b0759c5,photo,Empty garage with gray full flake floor,"Empty garage with light gray full flake floor coating and scored concrete joints, full flake garage floor",garage,full_flake,,,,"gray, white and black chips, small to medium size, overall light gray look",finished,residential,,,4,True,garage; full flake; gray chips; finished floor; empty garage; scored joints; window; light gray; clean floor,Garages/IMG_0678.JPG,m/bcd72b0759c5.jpg
380b6cec0a85,photo,Garage with gray full flake floor,"Garage interior with gray, white and black full flake floor coating and visible control joints",garage,full_flake,,,,"gray, white and black chips, small to medium size",finished,residential,,,4,True,garage; full flake; gray flakes; finished floor; control joints; empty garage; white baseboards; epoxy flake floor,Garages/IMG_0679 2.JPG,m/380b6cec0a85.jpg
d021103e593c,photo,Garage with light gray full flake floor,"Garage with light gray full flake floor coating, blue tape along walls and wood cabinets",garage,full_flake,,,,"light gray base with small gray, white and black chips",finished,residential,,,4,True,garage; full flake; gray floor; garage floor coating; cabinets; finished floor; gray chips; residential,Garages/IMG_0744 2.HEIC,m/d021103e593c.jpg
84d7b299492d,photo,Garage with light gray full flake floor,"Garage with light gray full flake floor, wood cabinets and blue tape along the baseboards",garage,full_flake,,,,"light gray blend of white, gray and black chips, small to medium size",finished,residential,,,4,True,garage; full flake; gray chips; white chips; black chips; cabinets; finished floor; residential,Garages/IMG_0745.HEIC,m/84d7b299492d.jpg
441c49fda141,photo,Freshly coated garage floor with tan flake,"Garage floor with fresh wet full flake coating in tan, brown and black chips, roller tray and bucket at open door",garage,full_flake,,,,"tan, brown, black and cream chips, medium size",in_progress,residential,,,3,False,garage; full flake; wet coating; in progress; tan chips; brown chips; garage door open; residential; glossy; fresh coat,Garages/IMG_0769.JPG,m/441c49fda141.jpg
64492ca88d24,photo,Garage with glossy black full flake floor,"Garage with glossy black full flake epoxy floor, tan walls and dark gray door",garage,full_flake,Vintage Mica,Gun Metal,duplicate,"very dark black base with fine light gray and white chips, dense speckle",finished,residential,,,4,True,garage; full flake; black floor; dark chips; glossy finish; flake stem wall; empty garage; finished,Garages/IMG_0926.JPG,m/64492ca88d24.jpg
7b1cd7601e4e,photo,Garage with glossy tan full flake floor,"Glossy tan full flake garage floor with open door, person and truck on driveway outside.",garage,full_flake,,,,"tan base with fine brown and black chips, small chip size",finished,residential,,,4,True,garage; full flake; tan floor; glossy finish; brown chips; garage floor coating; open garage door; driveway; finished floor,Garages/IMG_0982.JPG,m/7b1cd7601e4e.jpg
17a6c3975e10,photo,Garage entry with tan brown flake floor,"Garage corner with tan brown full flake floor, wood step and cabinet, full flake garage floor coating",garage,full_flake,,,,"tan and brown chips with black accents, small to medium size",finished,residential,,,4,True,garage; full flake; tan chips; brown chips; wood step; entry door; cabinet; finished floor,Garages/IMG_0986.JPG,m/17a6c3975e10.jpg
ac174bfc92c4,photo,Glossy dark brown flake garage floor,Low angle view of a glossy dark brown and black full flake garage floor coating with cinder block walls,garage,full_flake,,,,"dark brown and black chips with tan and cream flecks, small to medium size, glossy clear coat",finished,residential,,,4,True,garage; full flake; glossy; dark brown chips; black chips; tan chips; cinder block walls; low angle; finished floor,Garages/IMG_0994.JPG,m/ac174bfc92c4.jpg
fdec29311be6,photo,Garage with warm brown full flake floor,"Finished garage floor with tan, brown and black flake chips under clear coat, full flake garage floor coating",garage,full_flake,,,,"tan, brown and black chips with some cream, small to medium size, warm brown overall",finished,residential,,,4,True,garage; full flake; tan chips; brown chips; black chips; finished floor; glossy clear coat; residential; yellow walls,Garages/IMG_0998.JPG,m/fdec29311be6.jpg
ee7f4910e532,photo,Garage flake floor around water softener tanks,Tan and brown full flake garage floor with black water softener tanks and white plumbing pipes,garage,full_flake,,,,"tan and brown chips with black specks, medium size",finished,residential,,,3,False,garage; full flake; tan brown chips; water softener; tanks; pipes; finished floor; basement equipment,Garages/IMG_1205.JPG,m/ee7f4910e532.jpg
c3ef3168c3ec,doc,Garage corner with brown full flake floor,Finished garage floor with brown and tan full flake coating along white baseboards,garage,full_flake,,,,"warm brown and tan chips with black and white flecks, small to medium size",finished,residential,,,4,True,garage floor; full flake; brown chips; tan chips; baseboards; finished floor; corner view,Garages/IMG_1207.pdf,m/c3ef3168c3ec.jpg
9779c4df7dd6,doc,Garage with brown full flake floor and white doors,"Garage with glossy brown full flake floor coating, sawcut joints and white overhead doors",garage,full_flake,,,,"tan, brown and black chips, small to medium size on a medium brown base",finished,residential,,,4,True,garage; full flake; brown floor; tan chips; brown chips; sawcut joints; white garage door; glossy finish; finished floor,Garages/IMG_1208.pdf,m/9779c4df7dd6.jpg
603ba38de3e1,doc,Garage with tan full flake floor,"Finished garage floor with tan, brown and black full flake coating in front of a white garage door",garage,full_flake,,,,"tan base with brown, black and white chips, small to medium size",finished,residential,,,4,True,garage; full flake; tan chips; brown chips; finished floor; garage door; residential; epoxy flake floor,Garages/IMG_1209.pdf,m/603ba38de3e1.jpg
306de0e3e231,doc,Close up of tan flake garage floor joint,Close up of a glossy tan and brown full flake garage floor with a control joint,garage,full_flake,,,,"tan and brown chips with some black, small to medium size",close_up,residential,,,3,False,garage; full flake; close up; tan chips; brown chips; control joint; glossy; finished floor,Garages/IMG_1210.pdf,m/306de0e3e231.jpg
b26842976384,doc,Garage with warm tan full flake floor,"Finished garage floor with warm tan full flake coating, coated steps and white baseboards, full flake garage floor coating",garage,full_flake,,,,"warm tan base with brown and black chips, small to medium size",finished,residential,,,4,True,garage; full flake; tan chips; brown chips; coated steps; glossy; finished floor; residential,Garages/IMG_1211.pdf,m/b26842976384.jpg
ae5da0cacfcf,photo,Flake coated garage steps and floor,"Close view of garage steps and floor coated with tan, brown and black flake, full flake garage floor coating",garage,full_flake,,,,"tan, brown and black chips, small to medium size",close_up,residential,Indianapolis,2017-04-07,3,False,garage; steps; full flake; tan chips; brown chips; black chips; stem wall; baseboard; finished floor,Garages/IMG_1212.jpg,m/ae5da0cacfcf.jpg
1d9acae86fbd,doc,Two-car garage with tan full flake floor,Empty two-car garage with tan full flake floor coating and white overhead doors,garage,full_flake,,,,"tan base with brown, black and white chips, small to medium size",finished,residential,,,4,True,garage; full flake; tan chips; brown chips; finished floor; garage door; empty garage; flake floor coating,Garages/IMG_1224.pdf,m/1d9acae86fbd.jpg
9b6acd0cf904,doc,Brown full flake garage floor at baseboard,Glossy brown full flake garage floor coating along a white baseboard with tan wall,garage,full_flake,,,,"brown and tan chips with black specks, small to medium size, glossy clear coat",close_up,residential,,,3,False,garage; full flake; brown chips; tan chips; glossy; baseboard; close up; finished floor,Garages/IMG_1225.pdf,m/9b6acd0cf904.jpg
f34b5d88bae6,photo,Garage floor and steps with tan full flake coating,Garage floor and entry steps coated in a tan and brown full flake floor coating with white baseboards,garage,full_flake,,,,"tan and brown chips with small black specks, fine to medium size",finished,residential,Indianapolis,2017-04-09,4,True,garage; full flake; tan chips; brown chips; steps; baseboards; finished floor; garage entry,Garages/IMG_1226.JPG,m/f34b5d88bae6.jpg
efc0b1ffbf4f,photo,Garage with brown full flake floor and stem wall,"Garage with a brown full flake floor, coated stem wall and white walls, full flake garage floor coating",garage,full_flake,,,,"tan and brown chips with black and white specks, small to medium size",finished,residential,,,4,True,garage; full flake; brown floor; tan chips; stem wall; saw cuts; finished floor; speckled floor,Garages/IMG_1300.JPG,m/efc0b1ffbf4f.jpg
df5f0e3e30af,photo,Garage with tan full flake floor and exposed studs,"Garage with tan, brown and black full flake floor, exposed wood stud walls and covered storage",garage,full_flake,,,,"tan base with brown and black chips, small to medium size",finished,residential,,,4,True,garage; full flake; tan flakes; brown chips; exposed studs; unfinished walls; finished floor; residential,Garages/IMG_1427.HEIC,m/df5f0e3e30af.jpg
c069f0e7ec9b,photo,Unfinished garage with tan full flake floor,"New full flake garage floor with tan, brown and black chips in a garage with exposed stud walls",garage,full_flake,,,,"tan, brown and black chips, small to medium size",finished,residential,,,4,True,garage; full flake; tan chips; brown chips; black chips; exposed studs; unfinished walls; glossy floor; finished floor,Garages/IMG_1428.HEIC,m/c069f0e7ec9b.jpg
7bf08ced4b41,photo,Garage with tan full flake floor and open framing,Garage with exposed wood framing and a glossy tan full flake garage floor coating,garage,full_flake,,,,"tan base with brown, black and cream chips, small to medium size",finished,residential,,,4,True,garage; full flake; tan chips; brown chips; exposed studs; wood framing; garage door opener; finished floor; glossy,Garages/IMG_1429.HEIC,m/7bf08ced4b41.jpg
b50c0e7a9627,photo,Garage with dark blue-gray full flake floor,"Empty garage with glossy dark full flake floor of blue-gray, black and tan chips, full flake garage floor coating",garage,full_flake,,,,"dark charcoal base with blue-gray, black, white and tan chips, medium size",finished,residential,,,4,True,garage; full flake; dark floor; blue gray chips; black chips; glossy; empty garage; finished floor; tan walls,Garages/IMG_1456.JPG,m/b50c0e7a9627.jpg
2fd0c24bd3ad,photo,Garage workshop with gray full flake floor,"Garage workshop with pegboard walls, workbench and a gray full flake garage floor coating",garage,full_flake,,,,"gray, white and black chips, small to medium size",finished,residential,Outside markets,2019-01-29,3,False,garage; full flake; gray chips; workbench; pegboard; workshop; finished floor; tools on wall,Garages/IMG_1632.JPG,m/2fd0c24bd3ad.jpg
349444196550,photo,Garage with tan full flake floor and wall shelves,"Garage with tan, brown and black full flake floor coating, wall shelves and coated stem wall",garage,full_flake,,,,"tan base with brown, black and cream chips, medium size",finished,residential,,,4,True,garage; full flake; tan chips; brown chips; black chips; wall shelves; stem wall; finished floor; glossy,Garages/IMG_1904.JPG,m/349444196550.jpg
ab5aa7b4ade9,photo,Garage with gray full flake floor at open door,"Garage interior with a gray full flake floor coating, glossy finish, open garage door and a person walking outside",garage,full_flake,,,,"gray base with fine black, white and gray chips, small to medium size",finished,residential,,2022-04-19,4,True,garage; full flake; gray floor; gray chips; glossy; open garage door; finished floor; residential,Garages/IMG_1935.JPG,m/ab5aa7b4ade9.jpg
678bd699675a,photo,Garage with gray full flake floor,"Finished garage floor with gray, white and black full flake coating and saw-cut joints, full flake garage floor coating",garage,full_flake,,,,"gray, white and black chips, small to medium size",finished,residential,,2022-04-22,4,True,garage; full flake; gray chips; white chips; black chips; finished floor; saw cut joints; garage door; water heater,Garages/IMG_2015.JPG,m/678bd699675a.jpg
5c898ccb575f,photo,Garage with light gray full flake floor,"Finished garage floor with light gray full flake coating and flake stem walls, tools hanging on wall",garage,full_flake,,,,"light gray base with small gray, white and black chips",finished,residential,,,4,True,garage; full flake; light gray; gray chips; glossy; stem wall; tools on wall; finished floor,Garages/IMG_2050.HEIC,m/5c898ccb575f.jpg
ff183080ba6d,photo,Empty garage with gray full flake floor,"Clean empty garage with a gray full flake floor coating, white walls and a window",garage,full_flake,,,,"gray, white and black chips, small size",finished,residential,,,4,True,garage; full flake; gray chips; finished floor; white walls; window; clean; residential,Garages/IMG_2131.JPG,m/ff183080ba6d.jpg
fc84037a320f,photo,Garage with gray fine flake floor,"Clean garage with gray fine flake coated floor, saw cut joints, pegboard with tools and ladder on wall, full flake garage floor coating",garage,full_flake,,,,"fine gray, white and tan chips, small size",finished,residential,,,4,True,garage; full flake; gray chips; fine flake; saw cut joints; pegboard; tools; ladder; finished floor; clean garage,Garages/IMG_2139.JPG,m/fc84037a320f.jpg
2bcb4b0c837c,photo,Garage with light gray full flake floor,"Garage with light gray full flake floor and tools hanging on the wall, full flake garage floor coating",garage,full_flake,,,,"light gray base with small black, white and gray chips",finished,residential,,,4,True,garage; full flake; gray floor; small chips; wall tools; ladder; control joints; finished floor,Garages/IMG_2147.JPG,m/2bcb4b0c837c.jpg
f4d4f8af983b,photo,Garage with gray full flake floor and brick walls,Garage with gray full flake floor coating and painted brick walls,garage,full_flake,,,,"gray, black and white chips, small to medium size",finished,residential,,,4,True,garage; full flake; gray chips; black and white chips; brick walls; finished floor; epoxy floor; clean garage,Garages/IMG_2149.JPG,m/f4d4f8af983b.jpg
79f695141c09,photo,Garage with tan brown full flake floor,"Finished garage floor with tan and brown flake coating, coated stem walls and wall hooks, full flake garage floor coating",garage,full_flake,,,,"tan and brown chips with black flecks, small to medium size",finished,residential,,,4,True,garage; full flake; tan chips; brown chips; finished floor; control joints; stem wall; wall hooks; clean garage,Garages/IMG_2152.JPG,m/79f695141c09.jpg
382414e3d8cf,photo,Garage with gray full flake floor and wood walls,"Glossy gray full flake garage floor in a room with vertical wood panel walls, a window and a support post.",garage,full_flake,,,,"fine gray, white and black chips, small size, glossy clear coat",finished,residential,Fort Wayne,2021-10-18,4,True,garage; full flake; gray chips; glossy floor; wood panel walls; support post; window light; finished floor,Garages/IMG_2160.HEIC,m/382414e3d8cf.jpg
aea41fb1b6ff,photo,Garage with dark gray full flake floor,"Finished garage floor with dark gray and brown flake coating, wood paneled walls and stairs, full flake garage floor coating",garage,full_flake,,,,"dark gray and brown chips with black and white specks, small to medium size",finished,residential,Fort Wayne,2021-10-18,4,True,garage; full flake; dark gray chips; brown chips; wood panel walls; stairs; glossy finish; finished floor,Garages/IMG_2161.HEIC,m/aea41fb1b6ff.jpg
f0af44c7d28f,photo,Bright garage with tan full flake floor,"Sunlit residential garage with a tan full flake epoxy floor, windows and wall mounted tools",garage,full_flake,,,,"tan and cream chips with small brown and black flecks, fine to medium size",finished,residential,,,4,True,garage; full flake; tan chips; epoxy floor; finished floor; windows; garage door opener; wall tools; residential,Garages/IMG_2163.JPG,m/f0af44c7d28f.jpg
ce2a6eb7b8d5,photo,Garage with gray full flake floor and wood panel walls,"Finished garage floor with gray full flake coating, wood paneled walls and white staircase",garage,full_flake,,,,"gray base with gray, white and black chips, small to medium size",finished,residential,Fort Wayne,2021-10-18,4,True,garage; full flake; gray floor; wood panel walls; staircase; pegboard; finished floor; gray white black chips; natural light,Garages/IMG_2164.HEIC,m/ce2a6eb7b8d5.jpg
c7af4435db8e,photo,Garage with dark gray full flake floor,"Low angle view of a garage with a glossy dark gray full flake floor, two open doors and a blue vintage car outside",garage,full_flake,,,,"very dark gray and black chips, fine size, mostly hidden under glossy clear coat",finished,residential,,,4,True,garage; full flake; dark gray; glossy floor; two car garage; open garage doors; vintage car; wood ceiling; finished floor,Garages/IMG_2177.JPG,m/c7af4435db8e.jpg
9631596b82fd,photo,Garage with warm tan full flake floor,"Finished garage with a tan full flake floor, wood wainscoting, cabinets and wall memorabilia",garage,full_flake,,,,"warm tan base with brown, black and cream chips, small to medium size",finished,residential,,,4,False,garage; full flake; tan chips; brown chips; finished floor; glossy; cabinets; wainscoting; workbench; residential,Garages/IMG_2179.JPG,m/9631596b82fd.jpg
00e40f5c37d5,photo,Spacious garage with light gray flake floor and car lifts,Large white garage with car lifts and a light gray full flake garage floor coating,garage,full_flake,,,,"light gray base with fine white, gray and black chips, small size",finished,residential,,,4,True,garage; full flake; car lift; gray floor; white walls; finished floor; large garage; gray white black chips,Garages/IMG_2184 2.JPG,m/00e40f5c37d5.jpg
6e6db42c9e92,photo,Large garage with car lifts and gray flake floor,Spacious garage with red car lifts and a light gray full flake garage floor coating,garage,full_flake,,,,"light gray, white and black chips, small to medium size",finished,residential,,2022-02-21,4,True,garage; full flake; gray chips; car lift; auto enthusiast garage; finished floor; white walls; large garage,Garages/IMG_2184.JPG,m/6e6db42c9e92.jpg
8f7808aea80b,photo,Garage with car lifts and gray full flake floor,Spacious white garage with two red car lifts on a gray full flake garage floor coating,garage,full_flake,,,,"light gray base with white, gray and black chips, small to medium size",finished,residential,,,4,True,garage; full flake; gray chips; car lift; auto lift; white walls; finished floor; led lighting; garage door,Garages/IMG_2185.JPG,m/8f7808aea80b.jpg
e7700c515609,photo,Garage with car lifts and gray flake floor,Spacious garage with two red vehicle lifts and a light gray full flake floor coating with white and black chips,garage,full_flake,,,,"light gray base with white, gray and black chips, small to medium size",finished,commercial,,,4,True,garage; full flake; car lift; vehicle lift; gray floor; white chips; black chips; finished floor; auto shop; workshop,Garages/IMG_2186 2.JPG,m/e7700c515609.jpg
20718ee8c429,photo,Garage with gray flake floor and car lifts,"Spacious garage with gray full flake floor coating, two red vehicle lifts and wood door",garage,full_flake,,,,"gray, white and black chips, small to medium size",finished,residential,,2022-02-21,4,True,garage; full flake; gray floor; car lift; finished floor; garage floor coating; white walls; workshop,Garages/IMG_2186.JPG,m/20718ee8c429.jpg
4d3dc27bcb7f,photo,Garage with light gray full flake floor and white cabinets,Garage with a light gray full flake floor and white storage cabinets along the wall,garage,full_flake,,,,"light gray base with small gray, white and black chips",finished,residential,,,4,True,garage; full flake; light gray; white cabinets; finished floor; gray chips; storage cabinets; residential,Garages/IMG_2288.JPG,m/4d3dc27bcb7f.jpg
23ef4bee4760,photo,Empty garage with light gray full flake floor,"Empty garage with light gray full flake floor coating, saw cut joints, door steps and window blinds",garage,full_flake,,,,"light gray base with small white, gray and black chips",finished,residential,,,4,True,garage; full flake; gray floor; light gray chips; empty garage; saw cut joints; glossy; finished floor; white walls,Garages/IMG_2289.JPG,m/23ef4bee4760.jpg
2a566b3ff116,photo,Garage with tan flake floor and hanging canoes,Low angle view of a tan full flake garage floor with wooden canoes hanging from the ceiling,garage,full_flake,,,,"tan and beige chips with black and brown accents, small to medium size",finished,residential,,,4,True,garage; full flake; tan chips; black chips; glossy finish; canoes; unfinished drywall; low angle; stem wall,Garages/IMG_2325.JPG,m/2a566b3ff116.jpg
ba83d8ca6893,photo,Garage with tan full flake floor and stem walls,"Finished garage floor with tan full flake coating, coated stem walls and saw-cut joints, garage floor coating",garage,full_flake,,,,"tan, cream and brown chips, fine size",finished,residential,,,4,True,garage; full flake; tan chips; brown chips; stem wall; saw cut joints; finished floor; garage door,Garages/IMG_2376.JPG,m/ba83d8ca6893.jpg
8265a2344b89,photo,Garage with gray full flake floor and step,"Empty residential garage with a gray full flake floor, saw-cut joints and a coated entry step",garage,full_flake,,,,"gray base with gray, white and black chips, small to medium size",finished,residential,,2022-05-10,4,True,garage; full flake; gray chips; finished floor; saw cut joints; entry step; white walls; epoxy flake floor,Garages/IMG_2530.JPG,m/8265a2344b89.jpg
e6f063dce532,photo,Garage with gray full flake floor,"Garage with gray full flake floor coating in large scored squares, open door to driveway, full flake garage floor",garage,full_flake,,,,"gray, white and black chips, small to medium size, salt and pepper look",finished,residential,,2022-05-10,4,True,garage; full flake; gray chips; gray floor; scored squares; glossy; open garage door; driveway; lawn; finished floor,Garages/IMG_2531.JPG,m/e6f063dce532.jpg
6f852187a480,photo,Dark flake garage floor with company trailer outside,Low angle view of a dark full flake garage floor with a GatorGuard trailer and white house in the driveway,garage,full_flake,,,,"very dark gray base with fine light gray and white chips, low light makes it look near black",finished,residential,,2022-05-13,4,True,garage; full flake; dark gray chips; black floor; glossy; company trailer; residential; finished floor,Garages/IMG_2643 2.JPG,m/6f852187a480.jpg
b7cb41038067,photo,Garage with gray full flake floor and storage,"Garage with gray full flake floor, wall cabinets, bike rack and ball storage",garage,full_flake,,,,"gray, white and black chips, medium size",finished,residential,Indianapolis,2019-08-08,4,True,garage; full flake; gray floor; gray white black chips; cabinets; bike rack; basketballs; finished floor; garage storage,Garages/IMG_2675.JPG,m/b7cb41038067.jpg
a108ce1cb1f5,doc,Garage floor with gray flake coating by stairs,Gray full flake garage floor coating beside carpeted wooden stairs with white spindles,garage,full_flake,,,,"light gray, white and black chips, medium size",finished,residential,,,4,True,garage; full flake; gray floor; gray white black chips; stairs; carpeted stairs; finished floor; residential; wood trim,Garages/IMG_2679.pdf,m/a108ce1cb1f5.jpg
f8e0f72ba1d9,photo,Garage with deep red metallic epoxy floor,Glossy deep red metallic epoxy garage floor beside a white wall with crutches stored upright,garage,metallic,,,,deep red metallic epoxy with subtle marbling and fine sparkle,finished,residential,,,4,True,garage; metallic epoxy; red floor; glossy; finished floor; crutches; white walls; liquid art,Garages/IMG_2728.HEIC,m/f8e0f72ba1d9.jpg
2d3177f5fcf9,photo,Garage with glossy red coated floor,"Glossy red coated garage floor with red tool cabinet, file cabinet and black entry mats, chip garage floor coating",garage,solid_color_chip,,,,"solid red floor with fine red and darker speckle chips, small size",finished,residential,,,4,True,garage; red floor; chip floor; glossy; tool cabinet; file cabinet; entry mats; finished floor,Garages/IMG_2729.HEIC,m/2d3177f5fcf9.jpg
b38e1c759606,photo,Classic navy hot rod on tan flake garage floor,Shiny navy vintage hot rod parked on a tan full flake garage floor coating,garage,full_flake,,,,"tan and brown chips with black speckles, medium size",finished,residential,,,4,True,garage; full flake; tan chips; brown chips; vintage car; hot rod; classic car; finished floor,Garages/IMG_2730.HEIC,m/b38e1c759606.jpg
e8ecf4d29343,photo,Vintage car on tan flake garage floor,Front grille of a dark vintage car parked on a tan full flake garage floor coating,garage,full_flake,,,,"light tan base with small tan, brown and white chips",finished,residential,,,4,True,garage; full flake; tan chips; vintage car; classic car; finished floor; chrome grille,Garages/IMG_2734.HEIC,m/e8ecf4d29343.jpg
5d622e7062c5,photo,Vintage dark blue car on tan flake garage floor,Front of a shiny dark blue vintage car parked on a tan full flake garage floor coating,garage,full_flake,,,,"tan base with brown, black and white chips, small to medium size",finished,residential,,,4,True,garage; full flake; vintage car; classic car; tan chips; brown chips; finished floor; dark blue car,Garages/IMG_2735.HEIC,m/5d622e7062c5.jpg
d23c05d0ee8b,photo,Garage workshop with gray full flake floor,"Glossy gray full flake garage floor in a workshop with tool walls and brick accent wall, full flake garage floor coating",garage,full_flake,,,,"gray base with black and white chips, small to medium size",finished,residential,,,3,False,garage; full flake; gray floor; black and white chips; workshop; pegboard tools; brick wall; finished; text overlay; gator logo,Garages/IMG_2757.JPG,m/d23c05d0ee8b.jpg
b6f7adcfe71d,photo,Garage with tan full flake floor and wood walls,"Low angle view of a glossy tan and brown flake floor in a garage with wood paneled walls, full flake garage floor coating",garage,full_flake,,,,"tan, brown and black chips, small to medium size, glossy clear coat",finished,residential,,,4,True,garage; full flake; tan chips; brown chips; black chips; glossy floor; wood panel walls; low angle; finished floor,Garages/IMG_2783 3.JPG,m/b6f7adcfe71d.jpg
43cb06ab3e6f,photo,Glossy tan full flake garage floor,Low angle view of a glossy tan full flake garage floor with wood paneled walls and windows,garage,full_flake,,,,"tan, brown and black chips, small to medium size, glossy clear coat",finished,residential,,2022-02-21,4,True,garage; full flake; glossy; tan chips; brown chips; wood panel walls; windows; finished floor; low angle,Garages/IMG_2783.JPG,m/43cb06ab3e6f.jpg
1848fc229cec,photo,Garage with light gray full flake floor,"Finished garage floor with light gray, white and black flake coating, ladder and open garage door, full flake garage floor coating",garage,full_flake,,,,"light gray, white and black chips, small to medium size",finished,residential,,,4,True,garage; full flake; gray chips; finished floor; open garage door; ladder; wainscoting; residential,Garages/IMG_2784.JPG,m/1848fc229cec.jpg
80d113cc9bdd,photo,Garage with gray full flake floor,"Empty garage with glossy gray full flake floor coating, gray doors and ladder on wall",garage,full_flake,,,,"gray base with small gray, white and black chips, bluish gray overall look",finished,residential,,,4,True,garage; full flake; gray floor; glossy; gray white black chips; ladder; wainscoting; finished floor,Garages/IMG_2786.JPG,m/80d113cc9bdd.jpg
0548250ab839,photo,Garage with light gray full flake floor,"Finished garage with light gray full flake floor coating, white wainscoting walls and entry step",garage,full_flake,,,,"light gray base with small gray, white and faint blue chips",finished,residential,,,4,True,garage; full flake; gray floor; small chips; finished floor; wainscoting; entry step; glossy finish,Garages/IMG_2787.JPG,m/0548250ab839.jpg
d34f437215e0,photo,Empty two-car garage with gray full flake floor,"Empty two-car garage with gray full flake floor coating, white overhead doors and open wood ceiling",garage,full_flake,,,,"gray, white and black chips, fine to medium size",finished,residential,,,4,True,garage; full flake; gray floor; gray white black chips; two car garage; overhead doors; finished; clean floor; exposed joists,Garages/IMG_2883.JPG,m/d34f437215e0.jpg
8ebfb0a31673,photo,Garage with light gray full flake floor,"Garage with a light gray full flake floor coating, unfinished stud walls and open garage door",garage,full_flake,,,,"light gray base with small gray, white and black chips",finished,residential,,,4,True,garage; full flake; gray floor; gray white black chips; small chips; finished floor; garage door open; stud walls; residential,Garages/IMG_2914.JPG,m/8ebfb0a31673.jpg
6e47602c3f9f,photo,Garage with gray full flake floor and racing memorabilia,"Garage with gray full flake floor, cabinets, tools and racing memorabilia on walls and ceiling",garage,full_flake,,,,"light gray base with white, gray and black chips, small to medium size",finished,residential,,,3,False,garage; full flake; gray chips; white chips; black chips; cabinets; racing memorabilia; cluttered; finished floor; residential,Garages/IMG_3015.jpg,m/6e47602c3f9f.jpg
6b5ab312279d,photo,Garage with white and blue full flake floor,"Low angle view of a full flake garage floor with white, blue and black chips, cabinets and tool storage behind",garage,full_flake,,,,"white base with blue, black and gray chips, small to medium size",finished,residential,,,4,False,garage; full flake; white base; blue chips; black chips; finished floor; cabinets; workbench; low angle; residential,Garages/IMG_3016.jpg,m/6b5ab312279d.jpg
95fc2ca48e04,photo,Garage with tan full flake floor,"Finished garage with tan, brown and black full flake floor and a wall of hanging garden tools. full flake garage floor coating",garage,full_flake,,,,"tan, brown and black chips, medium size",finished,residential,,,4,True,garage; full flake; tan flakes; brown flakes; tool wall; slatwall; finished floor; residential,Garages/IMG_3340.HEIC,m/95fc2ca48e04.jpg
a317a8f4a815,photo,Garage with tan and brown full flake floor,"Finished garage floor with tan and brown full flake coating, open garage door and workbench visible",garage,full_flake,,,,"tan and brown chips with some black, small to medium size",finished,residential,,,3,False,garage; full flake; tan chips; brown chips; open garage door; workbench; glossy floor; residential; finished floor,Garages/IMG_3372.JPG,m/a317a8f4a815.jpg
1d369f9fda78,photo,Garage with gray full flake floor,"Finished garage with gray, white and black full flake floor coating, wood panel walls and garden tools",garage,full_flake,,,,"gray, white and black chips, small to medium size",finished,residential,,,4,True,garage; full flake; gray chips; white chips; black chips; glossy floor; wood paneling; finished floor; garage floor coating,Garages/IMG_3475.HEIC,m/1d369f9fda78.jpg
08c5a2bdc937,photo,Garage with gray full flake floor,"Garage with gray full flake floor coating, worker walking on the finished surface near wood panel walls.",garage,full_flake,,,,"gray, white and black chips, fine to medium size",finished,residential,,,4,True,garage; full flake; gray floor; gray black white chips; wood panel walls; finished floor; glossy; flake floor coating,Garages/IMG_3476.HEIC,m/08c5a2bdc937.jpg
6f774640332f,photo,Garage with gray flake floor and wood panel walls,"Garage with a gray full flake floor coating, wood panel wainscoting, pegboard and a door taped with blue painter tape",garage,full_flake,,,,"small gray, white and black chips, medium density",finished,residential,,,3,False,garage; full flake; gray chips; white chips; black chips; wood panel walls; pegboard; finished floor; blue tape; residential,Garages/IMG_3478.HEIC,m/6f774640332f.jpg
56eabff4bd3f,photo,Garage with gray full flake floor,"Garage floor with gray, white and black flake coating in front of wood paneled walls, full flake garage floor coating",garage,full_flake,,,,"gray, white and black chips, small to medium size",finished,residential,,,4,True,garage; full flake; gray chips; white chips; black chips; wood panel walls; glossy floor; finished floor,Garages/IMG_3479.HEIC,m/56eabff4bd3f.jpg
648e535d0a4b,photo,Garage with gray full flake floor,"Low angle view of a garage with a gray, white and black full flake floor, wood panel walls and a person standing near the door",garage,full_flake,,,,"gray, white and black chips, small to medium size",finished,residential,,,4,False,garage; full flake; gray chips; white chips; black chips; glossy floor; wood paneling; finished floor; low angle,Garages/IMG_3480.HEIC,m/648e535d0a4b.jpg
7f00b6ded576,photo,Low angle garage floor with gray full flake,"Low angle view of a garage with gray, black and white full flake floor coating and wood paneled walls",garage,full_flake,,,,"gray, black and white chips, medium size, speckled salt-and-pepper look",finished,residential,,,4,True,garage floor; full flake; gray chips; black chips; white chips; wood panel walls; stem wall; finished floor; low angle,Garages/IMG_3481.HEIC,m/7f00b6ded576.jpg
8fb349b51568,photo,Fresh gray flake garage floor near open door,"Freshly coated garage floor with gray, white and black flake, bucket and open garage door visible, full flake garage floor coating",garage,full_flake,,,,"gray, white and black chips, small to medium size, glossy clear coat",in_progress,residential,,,2,False,garage; full flake; gray flakes; glossy finish; open garage door; bucket; in progress; residential,Garages/IMG_3728.JPG,m/8fb349b51568.jpg
8fc944f85935,photo,Finished garage flake floor with crew trailer outside,"Glossy dark full flake garage floor looking out open garage door at crew trailer, full flake garage floor coating",garage,full_flake,,,,"fine dark brown and black chips, warm tone, glossy clear coat",finished,residential,,,3,False,garage; full flake; dark brown chips; glossy floor; open garage door; crew trailer; residential; finished floor,Garages/IMG_3729.JPG,m/8fc944f85935.jpg
a1b6216a04b7,photo,Garage with tan full flake floor and storage,"Finished garage with tan and brown full flake floor, cabinets, refrigerators and ladder, full flake garage floor coating",garage,full_flake,,,,"tan, brown and black chips with cream flecks, medium size",finished,residential,,,4,True,garage; full flake; tan chips; brown chips; finished floor; cabinets; refrigerator; ladder; water heater; clean garage,Garages/IMG_3738.jpg,m/a1b6216a04b7.jpg
8b990e79b3c2,photo,Two-car garage with tan full flake floor,"Clean two-car garage with tan full flake floor coating, gray cabinets, refrigerators and a ladder along the walls",garage,full_flake,,,,"tan and beige chips with scattered brown and black chips, small to medium size",finished,residential,,,4,True,garage; full flake; tan chips; cabinets; refrigerator; ladder; finished floor; garage floor coating; two car garage,Garages/IMG_3739.jpg,m/8b990e79b3c2.jpg
95956d9e9c71,photo,Garage with brown full flake floor and cabinets,"Finished garage with brown full flake floor coating, metal storage cabinets and water heater along the wall",garage,full_flake,,,,"brown and tan chips with black and white accents, small to medium size",finished,residential,,,4,True,garage; full flake; brown chips; tan chips; black chips; metal cabinets; water heater; finished floor,Garages/IMG_3740.jpg,m/95956d9e9c71.jpg
f708cbb5a6d5,photo,Garage with tan full flake floor and appliances,"Garage with tan and brown full flake floor, water heater, fridge and storage shelves. Full flake garage floor coating.",garage,full_flake,,,,"tan, brown, black and white chips, medium size",finished,residential,,,4,False,garage; full flake; tan chips; brown chips; water heater; refrigerator; finished floor; storage; residential,Garages/IMG_3741 2.jpg,m/f708cbb5a6d5.jpg
40a79e84d8c4,photo,Garage with tan full flake floor and appliances,"Finished garage with tan brown and black full flake floor, water heater, fridge and storage shelves. Full flake garage floor coating.",garage,full_flake,,,,"tan, brown and black chips, medium size",finished,residential,,2021-10-10,4,False,garage; full flake; tan chips; brown chips; water heater; refrigerator; storage shelves; finished floor; residential,Garages/IMG_3741.jpg,m/40a79e84d8c4.jpg
8c29ce9cd910,photo,Garage with tan full flake floor and workshop equipment,"Garage with glossy tan full flake floor coating, pressure tank, water softener and utility equipment along the wall",garage,full_flake,,,,tan and beige base with small brown and black chips,finished,residential,,,4,True,garage; full flake; tan chips; brown chips; glossy floor; finished; utility equipment; residential; epoxy floor,Garages/IMG_3764.JPG,m/8c29ce9cd910.jpg
c27c8c28308d,photo,Garage with gray full flake floor and homeowners,"Garage with a gray full flake epoxy floor, storage shelves, ladder and three people standing near the back wall",garage,full_flake,,,,"gray, white and black chips, small to medium size",finished,residential,,,4,False,garage; full flake; gray chips; white chips; black chips; garage door; storage shelves; ladder; finished floor; residential,Garages/IMG_3792.HEIC,m/c27c8c28308d.jpg
ae88990c6dab,photo,Garage with gray full flake floor,"Finished garage floor with gray, black and white flake coating in front of a white sectional garage door, full flake garage floor coating",garage,full_flake,,,,"gray, black and white chips, medium size",finished,residential,,,4,True,garage; full flake; gray chips; black chips; white chips; garage door; finished floor; glossy,Garages/IMG_3793.HEIC,m/ae88990c6dab.jpg
4e71f978728c,photo,Garage with gray full flake floor,"Low angle view of a gray, white and black full flake garage floor coating in front of a white garage door",garage,full_flake,,,,"light gray, white and black chips, small to medium size",finished,residential,,,4,True,garage; full flake; gray chips; black chips; white chips; garage door; glossy; finished floor; low angle,Garages/IMG_3794.HEIC,m/4e71f978728c.jpg
7ea995c2a8ca,photo,Garage with gray and tan flake floor,"Low angle view of a glossy full flake garage floor with gray, tan and brown chips, full flake garage floor coating",garage,full_flake,,,,"gray base with tan, brown, black and white chips, medium size",finished,residential,,,4,True,garage; full flake; gray floor; tan chips; brown chips; glossy; finished floor; white door; gray walls,Garages/IMG_3852.JPG,m/7ea995c2a8ca.jpg
432002cfbc3c,photo,Garage with light gray full flake floor and flag,"Garage with a light gray full flake floor, American flag, shelves and wall storage; full flake garage floor coating",garage,full_flake,,,,"light gray and white chips with black and small tan flecks, small to medium size",finished,residential,,,4,True,garage; full flake; gray floor; white chips; black chips; american flag; wall shelves; workbench; finished floor; low angle,Garages/IMG_3864.JPG,m/432002cfbc3c.jpg
78c952e5936a,photo,Garage with gray full flake floor and flag,"Garage with gray, white and black full flake floor, wall shelves, door and American flag. Full flake garage floor coating.",garage,full_flake,,,,"mostly gray, white and black chips with faint tan specks, small to medium size",finished,residential,,,4,True,garage; full flake; gray chips; white chips; black chips; shelving; american flag; workbench; finished floor; glossy,Garages/IMG_3927.JPG,m/78c952e5936a.jpg
8bf6276d6a5e,photo,Garage with full flake floor and American flag,"Low angle view of a garage with a full flake floor, shelves, a door, and an American flag on the wall",garage,full_flake,,,,"mixed light and dark chips, photo is black and white so true chip colors are not visible",finished,residential,,,3,False,garage; full flake; american flag; shelves; workbench; low angle; black and white; finished floor,Garages/IMG_3938.JPG,m/8bf6276d6a5e.jpg
2c7cf87b2c6e,photo,Garage with gray full flake floor,"Garage with gray full flake floor coating, dark gray walls, storage nook with tools and step",garage,full_flake,,,,"gray, white and black chips, small to medium size",finished,residential,,,4,True,garage; full flake; gray chips; finished floor; gray walls; storage nook; brooms; shoes; wire shelf,Garages/IMG_3948.JPG,m/2c7cf87b2c6e.jpg
3b8d51060716,photo,Garage with light gray full flake floor,"Garage with a light gray full flake floor of white, gray and black chips beside gray cabinets",garage,full_flake,,,,"light gray base with white, gray and black chips, small to medium size",finished,residential,,,4,True,garage; full flake; gray floor; white gray black chips; garage cabinets; finished floor; glossy; residential,Garages/IMG_3949.JPG,m/3b8d51060716.jpg
d7ddd07a57b1,photo,Garage with gray full flake floor at entry,"Garage with gray full flake floor coating, open door showing driveway, trash bin and kids toys outside",garage,full_flake,,,,"light gray base with white, gray and black chips, small to medium size",finished,residential,,,4,True,garage; full flake; gray floor; gray white black chips; garage door; driveway; finished floor; residential,Garages/IMG_3950.JPG,m/d7ddd07a57b1.jpg
34dc08e3d968,photo,Garage floor with gray blue full flake coating,"Finished garage floor with gray and blue-gray full flake coating, garage door open to driveway",garage,full_flake,,,,"small gray, white and blue-gray chips on a gray base",finished,residential,,,4,True,garage; full flake; gray chips; blue gray floor; finished floor; garage door; driveway; flake floor coating,Garages/IMG_3951.JPG,m/34dc08e3d968.jpg
3d3fb9ceab9c,photo,Close up of dark gray full flake garage floor,"Low angle close up of a glossy dark gray full flake garage floor with white and gray chips, garage entry in background",garage,full_flake,,,,"charcoal black base with white and light gray chips, small to medium size",close_up,residential,,,4,True,garage; full flake; close up; dark gray; black and white chips; glossy; garage door; finished floor,Garages/IMG_3952.JPG,m/3d3fb9ceab9c.jpg
72c9caebe32f,photo,Gray flake garage floor edge next to bare concrete driveway,Edge of a gray and white full flake garage floor coating meeting an uncoated concrete driveway apron.,garage,full_flake,,,,"gray and white chips with small black accents, medium size",close_up,residential,,,4,True,garage floor; full flake; gray white chips; floor edge; garage door threshold; driveway apron; bare concrete; finished floor,Garages/IMG_3953.JPG,m/72c9caebe32f.jpg
ef049d1aea44,photo,Garage entry steps with tan full flake floor,Garage entry door with two coated steps and a tan full flake garage floor coating,garage,full_flake,,,,"tan and brown chips with some black, small to medium size",finished,residential,,2021-12-30,4,True,garage; full flake; steps; entry door; tan chips; brown chips; finished floor; stem wall,Garages/IMG_4020.JPG,m/ef049d1aea44.jpg
44893850b8cf,photo,Garage with dark full flake floor and coated stem walls,"Garage with dark full flake floor coating and coated stem walls, glossy finish",garage,full_flake,,,,"very dark base with small white and gray chips, glossy clear coat",finished,residential,,,4,True,garage; full flake; dark floor; white and gray chips; glossy; stem walls; finished floor; black base,Garages/IMG_4096.JPG,m/44893850b8cf.jpg
6b6b8270c488,photo,Garage with dark full flake floor and coated stem wall,Garage with dark gray full flake floor coating and matching coated stem wall along white walls,garage,full_flake,,,,"dark charcoal base with white and light gray chips, small to medium size",finished,residential,,,4,True,garage; full flake; dark gray; white chips; stem wall; finished floor; garage floor coating,Garages/IMG_4097.JPG,m/6b6b8270c488.jpg
1aa3c4f2fedc,photo,Garage with black full flake floor,"Garage with glossy black full flake floor with white chips, door open to wooded yard, full flake garage floor coating",garage,full_flake,,,,black base with small white and gray chips,finished,residential,,,4,True,garage; full flake; black floor; white chips; glossy; finished floor; open garage door; residential,Garages/IMG_4098.JPG,m/1aa3c4f2fedc.jpg
ceb9c2575fdf,photo,Low angle view of tan flake garage floor,"Low angle close up of a tan, brown and black full flake garage floor with a work truck outside",garage,full_flake,,,,"tan, brown and black chips, small to medium size",close_up,residential,,2022-01-01,3,False,garage; full flake; tan chips; brown chips; black chips; low angle; glossy; work truck; finished floor,Garages/IMG_4101 3.JPG,m/ceb9c2575fdf.jpg
643f6ae2c312,photo,Garage with tan full flake floor,"Finished garage floor with tan, brown and black flake coating, workbench and wood door in background, full flake garage floor coating",garage,full_flake,,,,"tan and brown chips with black accents, medium size",finished,residential,,2022-01-01,4,True,garage; full flake; tan chips; brown chips; black chips; finished floor; workbench; wood door; glossy,Garages/IMG_4103 2.JPG,m/643f6ae2c312.jpg
0d04b65faa41,photo,Garage with glossy gray flake floor,"Garage with glossy gray full flake floor, wall-mounted bikes, ladder and wooden cabinets. Full flake garage floor coating.",garage,full_flake,,,,"small gray, white and black chips, fine size, glossy clear coat",finished,residential,,2022-01-01,4,True,garage; full flake; gray chips; glossy floor; bikes on wall; ladder; wood cabinets; garage door; finished floor,Garages/IMG_4110 2.JPG,m/0d04b65faa41.jpg
b08a36fade6f,photo,Garage with dark gray flake floor and wall decor,"Finished garage with dark gray full flake floor coating, corrugated wainscoting and memorabilia on walls",garage,full_flake,,,,"dark gray base with gray, white and blue-gray chips, small to medium size",finished,residential,,2022-01-01,3,False,garage; full flake; dark gray floor; blue gray chips; corrugated metal wainscot; wall decor; sunlight shadow; finished floor,Garages/IMG_4116 2.JPG,m/b08a36fade6f.jpg
33fd4b0b9671,photo,Garage with light gray flake floor and storage wall,Garage with a glossy light gray flake floor and a slatwall storage wall with bags and gear,garage,full_flake,,,,"light gray floor with very fine light gray and white chips, washed out by reflections",finished,residential,,,3,False,garage; gray flake floor; slatwall; storage wall; finished floor; glossy; residential garage,Garages/IMG_4116.JPG,m/33fd4b0b9671.jpg
6c6fb3406695,photo,New build garage with gray full flake floor,Finished gray full flake garage floor in a new build with exposed wood stud walls and coated stem wall,garage,full_flake,,,,"gray, white and black chips, small to medium size",finished,residential,,,4,True,garage; full flake; gray chips; new construction; unfinished walls; stem wall; flake floor; finished floor; garage floor coating,Garages/IMG_4122.JPG,m/6c6fb3406695.jpg
8f3259539763,photo,New build garage with gray full flake floor,Gray full flake garage floor in a new construction garage with exposed framing and open garage door,garage,full_flake,,,,"small gray, white and black chips, fine size",finished,residential,,,4,True,garage; full flake; gray chips; new construction; exposed studs; garage door; support pole; finished floor; flake floor coating,Garages/IMG_4123.JPG,m/8f3259539763.jpg
e5f50e57a2d7,photo,Low angle view of tan full flake garage floor,"Low angle view of a full flake garage floor with tan, brown and black chips, workbench and tools on the wall behind",garage,full_flake,,,,"tan, brown, black and white chips, small to medium size",finished,residential,,,4,True,garage; full flake; tan chips; brown chips; workbench; tool wall; ladder; finished floor; low angle; garage storage,Garages/IMG_4138.HEIC,m/e5f50e57a2d7.jpg
4b6bb0c0dc73,photo,Garage with tan full flake floor and workbench,"Low angle view of a garage with a tan, brown and black full flake floor, workbench, cabinets and a yellow ladder",garage,full_flake,,,,"tan, brown, black and white chips, small to medium size",finished,residential,,,4,True,garage; full flake; tan chips; brown chips; black chips; workbench; cabinets; ladder; tools on wall; finished floor,Garages/IMG_4140.HEIC,m/4b6bb0c0dc73.jpg
81cd5b6c01cb,photo,Garage with gray full flake floor and cabinets,"Garage with gray full flake floor coating, tall cabinets, wall storage panels and overhead heater",garage,full_flake,,,,"gray, black and white chips, small to medium size, cool blue-gray overall tone",finished,residential,,,4,True,garage; full flake; gray chips; cabinets; wall storage; finished floor; garage heater; clean garage; epoxy floor,Garages/IMG_4164.HEIC,m/81cd5b6c01cb.jpg
6c5363be5257,photo,Finished garage with blue full flake floor,"Spacious garage with a blue-gray full flake floor, cabinets, slatwall and workbench. Full flake garage floor coating.",garage,full_flake,,,,"blue, gray and white chips over a blue-gray base, small to medium size",finished,residential,,,5,True,garage; full flake; blue chips; gray chips; cabinets; slatwall; workbench; finished floor; garage door opener; windows,Garages/IMG_4165.HEIC,m/6c5363be5257.jpg
25385e42542a,photo,Garage with blue-gray full flake floor and storage,"Finished garage with blue-gray full flake floor, cabinets, wall organizers and windows, full flake garage floor coating",garage,full_flake,,,,"blue-gray base with gray, white and small dark chips, medium size",finished,residential,,,4,True,garage; full flake; blue gray floor; cabinets; wall storage; windows; finished floor; garage organization; speckled floor,Garages/IMG_4166.HEIC,m/25385e42542a.jpg
11a49fc2b672,photo,Garage with gray flake floor and storage wall,"Finished garage with gray full flake floor, storage bench with shoe cubbies and wall mounted slatwall with hooks",garage,full_flake,,,,"gray, white and black chips, small to medium size, overall cool gray look",finished,residential,,,4,True,garage; full flake; gray chips; storage bench; shoe cubbies; slatwall; wall hooks; finished floor; garage organization,Garages/IMG_4167.HEIC,m/11a49fc2b672.jpg
90633fec2fd2,photo,Garage with light gray full flake floor,"Garage with light gray and white full flake floor, white walls with black diamond accents, sunlit full flake garage floor coating",garage,full_flake,,,,"light gray and white chips with scattered dark gray and black chips, small to medium size",finished,residential,Detroit,2022-01-04,4,True,garage; full flake; gray floor; white chips; finished floor; black wall accents; sunlight; garage floor coating,Garages/IMG_4222.HEIC,m/90633fec2fd2.jpg
447319dc0711,photo,Garage with gray full flake floor and diamond wall,"Garage with gray full flake floor, white walls with black diamond pattern, sunlight and photographer shadow across the floor",garage,full_flake,,,,"gray, white and black chips, small to medium size",finished,residential,Detroit,2022-01-04,3,False,garage; full flake; gray chips; white chips; black chips; diamond wall; checkered wall; sunlight; finished floor,Garages/IMG_4223.HEIC,m/447319dc0711.jpg
d9c4bee6205f,photo,Fresh gray flake floor in two-car garage,"Garage floor freshly coated with gray, white and black flakes, tape along walls, full flake garage floor coating",garage,full_flake,,,,"gray, white and black chips, small size",in_progress,residential,Detroit,2022-01-04,4,True,garage; full flake; gray chips; white chips; black chips; freshly coated; in progress; sunlight; garage floor coating; diamond wall decals,Garages/IMG_4224.HEIC,m/d9c4bee6205f.jpg
19f1800c17da,photo,Garage entry with gray full flake floor,Gray full flake garage floor coating beside a white entry door and unfinished OSB wall,garage,full_flake,,,,"gray, white and black chips, small to medium size",finished,residential,,,4,True,garage; full flake; gray chips; entry door; finished floor; osb wall; white walls; control joint,Garages/IMG_4414.HEIC,m/19f1800c17da.jpg
f3a17726078a,photo,Garage with light gray full flake floor,"Garage with a light gray full flake floor, unfinished OSB and drywall walls, white door.",garage,full_flake,,,,"fine gray, white and black chips, small size, overall light gray look",finished,residential,,,4,True,garage; full flake; gray floor; fine chips; garage floor coating; unfinished walls; saw cuts; white door,Garages/IMG_4425.HEIC,m/f3a17726078a.jpg
d94605f859ab,photo,Garage with gray and white full flake floor,Low angle view of a gray and white full flake garage floor with unfinished walls and cabinets,garage,full_flake,,,,"small gray and white chips, fine speckled mix",finished,residential,,,3,False,garage; full flake; gray chips; white chips; finished floor; low angle; garage door; cabinets; renovation,Garages/IMG_4426.HEIC,m/d94605f859ab.jpg
8af275eb209d,photo,Garage with gray full flake floor,"Low angle view of a garage with a gray full flake floor, white cabinets and patched drywall; full flake garage floor coating",garage,full_flake,,,,"light gray base with white, gray and black chips, medium size",finished,residential,,,4,False,garage; full flake; gray floor; white chips; black chips; garage door; cabinets; finished floor; low angle,Garages/IMG_4427.HEIC,m/8af275eb209d.jpg
28e1ee98d22d,photo,Garage with gray and white full flake floor,"Garage interior with a gray, white and black full flake floor coating, unfinished drywall and workbench wall",garage,full_flake,,,,"white, gray and black chips, small to medium size",finished,residential,,,4,True,garage; full flake; gray chips; white chips; black chips; finished floor; workbench; drywall; garage floor coating,Garages/IMG_4428.HEIC,m/28e1ee98d22d.jpg
fc2074f8a9cb,photo,Garage with gray full flake floor,"Empty garage with a gray full flake floor coating and raised step at the back wall, full flake garage floor coating",garage,full_flake,,,,"small gray, white and black chips on a gray base",finished,residential,Outside markets,2022-01-13,4,True,garage; full flake; gray chips; finished floor; empty garage; garage step; speckled floor,Garages/IMG_4439.HEIC,m/fc2074f8a9cb.jpg
a9fb12fbe97d,photo,Crew member clear coating gray flake garage floor,Worker rolling clear coat over a gray full flake garage floor with white and black chips,garage,full_flake,,,,"gray, white and black chips, small to medium size",in_progress,residential,Outside markets,2022-01-13,3,False,garage; full flake; gray chips; clear coat; roller; in progress; concrete floor; expansion joints,Garages/IMG_4440.HEIC,m/a9fb12fbe97d.jpg
cb2bd1d1eef2,photo,Crew working on gray flake garage floor,Low angle view of a gray full flake garage floor with tan and rust chips while two workers coat along the wall,garage,full_flake,,,,"gray, black and white chips with tan and rust brown accents, medium size",crew_working,residential,Outside markets,2022-01-13,4,False,garage; full flake; gray chips; rust brown chips; crew working; low angle; wet clear coat; floor coating; residential; vent,Garages/IMG_4442.HEIC,m/cb2bd1d1eef2.jpg
4a5218ecd8f5,photo,Crew finishing flake floor in garage,"Two workers coating a garage floor with gray, tan and brown flake chips, full flake garage floor coating",garage,full_flake,,,,"gray base with tan, brown, black and white chips, medium size",in_progress,residential,Outside markets,2022-01-13,4,False,garage; full flake; crew working; topcoat; gray chips; tan chips; brown chips; in progress; low angle; interior,Garages/IMG_4443.HEIC,m/4a5218ecd8f5.jpg
67e73f6b6966,photo,Crew coating garage floor with flake blend,"Two workers applying clear coat over a gray, tan and rust flake garage floor, full flake garage floor coating",garage,full_flake,,,,"gray, tan, brown and rust red chips, medium size, wet clear coat",in_progress,residential,Outside markets,2022-01-13,3,False,garage; full flake; crew working; clear coat; gray chips; tan chips; rust red chips; in progress; wet look,Garages/IMG_4444.HEIC,m/67e73f6b6966.jpg
7e45b4c95f34,photo,Garage with gray full flake floor and workbench,"Finished garage with gray full flake floor coating, OSB walls, workbench and windows",garage,full_flake,,,,"gray, white and black chips with warm tan undertone, small to medium size",finished,residential,,,4,True,garage; full flake; gray chips; workbench; osb walls; windows; finished floor; garage floor coating,Garages/IMG_4456.HEIC,m/7e45b4c95f34.jpg
3fcada19e742,photo,Garage with warm brown full flake floor,Finished full flake garage floor with warm brown and tan chips against unfinished OSB walls,garage,full_flake,,,,"warm tan and brown chips with black and gray specks, small to medium size, dense broadcast",finished,residential,,,4,True,garage; full flake; brown chips; tan chips; osb walls; unfinished walls; stem wall; finished floor,Garages/IMG_4457.HEIC,m/3fcada19e742.jpg
50dcb0327b32,photo,Garage floor with tan full flake coating,Garage with tan and brown full flake floor next to a raised plywood platform with a coiled hose.,garage,full_flake,,,,"tan, brown, black and white chips, small to medium size",finished,residential,,,3,False,garage; full flake; epoxy floor; tan chips; brown chips; finished floor; plywood platform; hose,Garages/IMG_4458.HEIC,m/50dcb0327b32.jpg
e993eb331d36,photo,Crew member clear-coating garage flake floor,Crew member rolling clear topcoat over a gray and tan flake garage floor in an OSB-walled garage,garage,full_flake,,,,"gray, tan and black chips, medium size, under glossy clear coat",in_progress,residential,,,4,False,garage; full flake; clear coat; topcoat application; in progress; gray tan black chips; osb walls; workbench; crew working; roller,Garages/IMG_4460.HEIC,m/e993eb331d36.jpg
71f2852dc388,photo,Crew member rolling topcoat on garage flake floor,Worker rolling clear topcoat over a gray full flake garage floor in a garage with plywood walls and windows,garage,full_flake,,,,"light gray, white and dark gray chips, small to medium size",in_progress,residential,,,4,False,garage; full flake; topcoat rolling; in progress; gray chips; white chips; crew working; plywood walls; window; roller,Garages/IMG_4461.HEIC,m/71f2852dc388.jpg
645592499db3,photo,Garage with gray full flake floor,"Finished garage with gray full flake floor coating, OSB walls, workbench and white entry door",garage,full_flake,,,,"gray base with white, black and light gray chips, medium size",finished,residential,,,4,True,garage; full flake; gray floor; gray chips; workbench; osb walls; white door; finished floor; flake floor coating,Garages/IMG_4462.HEIC,m/645592499db3.jpg
11a7044b0f55,photo,Garage with tan full flake floor and staircase,"Finished garage with tan and brown full flake floor coating, staircase and white storage cabinet",garage,full_flake,,,,"warm tan base with brown, black and cream chips, small to medium size",finished,residential,,,4,True,garage; full flake; tan chips; brown chips; staircase; white cabinet; finished floor; residential,Garages/IMG_4495.JPG,m/11a7044b0f55.jpg
44cc53624b2e,photo,Empty garage with gray full flake floor,Empty residential garage with a glossy gray full flake garage floor coating and open garage door,garage,full_flake,,,,"gray, white and black chips with slight tan hints, small to medium size",finished,residential,,,4,True,garage; full flake; gray floor; epoxy flake; finished floor; glossy; empty garage; residential,Garages/IMG_4496.JPG,m/44cc53624b2e.jpg
e41069a0c0e5,photo,Garage with tan full flake floor and white doors,Garage with tan and brown full flake floor coating in front of two white overhead doors,garage,full_flake,,,,"tan and brown chips with small black and white flecks, small to medium size",finished,residential,,,4,True,garage; full flake; tan chips; brown chips; garage doors; finished floor; residential; glossy,Garages/IMG_4672.JPG,m/e41069a0c0e5.jpg
bcef5bedb324,photo,Garage with gray full flake floor and stem wall,Finished garage floor in gray full flake coating with coated stem wall and entry steps,garage,full_flake,,,,"gray base with fine black, white and gray chips, medium density",finished,residential,,,4,True,garage; full flake; gray floor; gray chips; stem wall; finished floor; residential; garage floor coating,Garages/IMG_4743.JPG,m/bcef5bedb324.jpg
26749acf92e1,photo,Garage with light tan full flake floor and tool wall,Clean garage with a light tan speckled full flake garage floor coating and yard tools hanging on a wall rack,garage,full_flake,,,,"small light tan, cream and gray chips on a pale base",finished,residential,,,4,True,garage; full flake; tan chips; tool wall; garden tools; finished floor; residential; clean garage; window,Garages/IMG_4807.JPG,m/26749acf92e1.jpg
4639306203e1,photo,Garage with dark gray full flake floor,"Finished garage floor with dark gray and white speckled full flake coating, open garage door",garage,full_flake,,,,dark charcoal base with fine gray and white chips,finished,residential,,,3,False,garage; full flake; dark gray; gray chips; finished floor; epoxy floor; garage floor coating; control joints,Garages/IMG_4808.JPG,m/4639306203e1.jpg
5f5aafe6ba0e,photo,Pole barn garage with gray full flake floor,Finished gray full flake garage floor inside a wood beam pole barn with corrugated metal walls,garage,full_flake,,,,"gray, white and black chips, small to medium size",finished,residential,,,4,True,garage; pole barn; full flake; gray chips; wood beams; corrugated metal walls; finished floor; glossy,Garages/IMG_4889.HEIC,m/5f5aafe6ba0e.jpg
4a7b0804c6ee,photo,Rustic beam garage with blue full flake floor,Rustic wood beam garage interior with a blue gray full flake epoxy floor and string lights,garage,full_flake,,,,"blue, gray and white chips, small to medium size",finished,residential,,,4,True,garage; full flake; blue chips; gray chips; wood beams; barn style; string lights; finished floor; rustic,Garages/IMG_4890.HEIC,m/4a7b0804c6ee.jpg
17a8d7df08b3,photo,Close-up of full flake garage floor edge,"Low angle close-up of a glossy full flake garage floor with tan, brown and red chips",garage,full_flake,,,,"tan, brown, black and white chips with red accents, small to medium size",close_up,residential,,,3,False,garage; full flake; close up; floor edge; tan chips; brown chips; red chips; glossy; low angle,Garages/IMG_4990.JPG,m/17a8d7df08b3.jpg
32c83ad88527,photo,Garage with gray flake floor and bike rack,"Garage with gray full flake floor coating, bikes on wall rack and storage shelves",garage,full_flake,,,,"gray, white and black chips, small to medium size",finished,residential,,,4,True,garage; full flake; gray chips; bike rack; wall storage; shelving; finished floor; residential,Garages/IMG_4994.HEIC,m/32c83ad88527.jpg
ecb1ac611346,photo,Garage with gray full flake floor and bike rack,"Garage with gray full flake floor coating, wall mounted bike rack and storage shelves",garage,full_flake,,,,"gray, white and black chips, small to medium size",finished,residential,,,4,True,garage; full flake; gray chips; black chips; white chips; bike rack; wall storage; shelving; finished floor,Garages/IMG_4995.HEIC,m/ecb1ac611346.jpg
76b26ac857fc,photo,Garage with gray full flake floor and bike rack,"Garage with gray full flake floor coating, wall mounted bikes, shelving and black garage door",garage,full_flake,,,,"small gray, white and black chips on a gray base",finished,residential,,,4,True,garage; full flake; gray floor; gray white black chips; bike rack; shelving; finished floor; garage door; residential,Garages/IMG_4996.HEIC,m/76b26ac857fc.jpg
2719adb341c9,photo,Garage with light gray full flake floor,"Garage interior with light gray full flake floor, wooden shelving, wall-hung bikes and windows",garage,full_flake,,,,"light gray base with white, light gray and dark gray chips, small to medium size",finished,residential,,,4,True,garage; full flake; gray floor; light gray chips; shelving; bikes; finished floor; residential; windows; clean,Garages/IMG_4997.HEIC,m/2719adb341c9.jpg
0b695b2e88a2,photo,Garage with gray full flake floor and bike rack,"Garage with gray full flake floor coating, wall bike rack, storage shelves and window with blinds",garage,full_flake,,,,"gray, white and black chips, medium size",finished,residential,,,4,True,garage; full flake; gray chips; bike rack; storage shelves; window blinds; finished floor; residential,Garages/IMG_4998.HEIC,m/0b695b2e88a2.jpg
803c2b4b929e,photo,Garage with gray full flake floor and bikes,"Garage with gray full flake garage floor coating, bikes hanging on dark wall and wood shelving",garage,full_flake,,,,"light gray, white and black chips, small to medium size",finished,residential,,,4,True,garage; full flake; gray floor; bikes; shelving; finished floor; black wall; storage,Garages/IMG_4999.HEIC,m/803c2b4b929e.jpg
d9803d8a81ed,photo,Garage with light gray full flake floor,"Garage interior with a light gray full flake epoxy floor, wood shelving and bikes on wall hooks",garage,full_flake,,,,"light and medium gray chips with white, black and hints of tan, small to medium size",finished,residential,,,4,True,garage; full flake; gray chips; white chips; black chips; shelving; bikes; finished floor; epoxy floor,Garages/IMG_5005.HEIC,m/d9803d8a81ed.jpg
4e412f1c24c8,photo,Garage with gray full flake floor and bikes,"Garage with gray, white and black full flake floor, wall-mounted bikes and storage shelf; full flake garage floor coating",garage,full_flake,,,,"gray, white and black chips, medium size",finished,residential,,,4,True,garage; full flake; gray chips; white chips; black chips; bikes; wall storage; shelving; finished floor; glossy,Garages/IMG_5006.HEIC,m/4e412f1c24c8.jpg
c5cff8e0f237,photo,Garage with gray full flake floor and bikes,"Garage with gray full flake floor coating, bicycles hanging on the back wall and a storage shelf",garage,full_flake,,,,"gray, black and white chips, small to medium size",finished,residential,,,4,True,garage; full flake; gray chips; black and white chips; bikes; bike rack; storage shelf; finished floor; residential,Garages/IMG_5007.HEIC,m/c5cff8e0f237.jpg
549abaac4db9,photo,Pole barn garage with gray full flake floor,Pole barn garage interior with wood beams and a gray full flake garage floor coating,garage,full_flake,,,,"gray, white and black chips, small to medium size",finished,residential,,,4,True,garage; pole barn; full flake; gray chips; wood beams; metal siding; finished floor; speckled floor,Garages/IMG_5042.JPG,m/549abaac4db9.jpg
dfa275c99a7d,photo,Garage with black and gray full flake floor,"Finished garage with glossy black full flake floor with white and gray chips, open garage door, full flake garage floor coating",garage,full_flake,,,,"black base with white and light gray chips, small to medium size",finished,residential,,,4,True,garage; full flake; black floor; white and gray chips; glossy; finished floor; garage door; residential; flake floor coating,Garages/IMG_5046 2.JPG,m/dfa275c99a7d.jpg
a36f9d527858,photo,Garage with dark gray full flake floor,"Garage with glossy dark gray flake floor, open door, bike on wall, GatorGuard truck outside; full flake garage floor coating",garage,full_flake,,,,"dark gray base with small black, gray and white chips, low contrast blend",finished,residential,,,4,True,garage; full flake; gray chips; dark gray floor; glossy finish; bike wall mount; open garage door; shoe rack; finished floor; garage door,Garages/IMG_5048 2.JPG,m/a36f9d527858.jpg
f7378913daf1,photo,Garage with gray tan full flake floor and cabinets,"Full flake garage floor with gray, white, black and tan chips in front of gray cabinets and a workbench",garage,full_flake,,,,"gray, white and black chips with scattered tan chips, medium size",finished,residential,,,4,True,garage; full flake; gray chips; tan chips; cabinets; workbench; glossy floor; finished floor,Garages/IMG_5052.JPG,m/f7378913daf1.jpg
b0d846eb33b9,photo,Garage with light gray and tan full flake floor,"Low angle view of a garage with a light gray, white and tan full flake floor and cabinets along the back wall",garage,full_flake,,,,"white, gray and black chips with scattered tan and orange flecks, small to medium size",finished,residential,,,4,True,garage; full flake; garage floor coating; gray chips; tan chips; white chips; cabinets; workbench; finished floor; low angle,Garages/IMG_5053.JPG,m/b0d846eb33b9.jpg
b60267676a07,photo,Garage with gray full flake floor and stairs,"Finished garage with gray full flake floor coating, white stairs and cinder block wall",garage,full_flake,,,,"gray base with fine white, black and light gray chips",finished,residential,,,4,True,garage; full flake; gray floor; stairs; cinder block wall; finished floor; flake floor coating; residential,Garages/IMG_5060.JPG,m/b60267676a07.jpg
2a5bf3dcf772,photo,Two-car garage with gray full flake floor,"Finished gray full flake garage floor with glossy clear coat, white paneled walls and garage door",garage,full_flake,,,,"light gray base with small black, white and gray chips",finished,residential,,,4,True,garage; full flake; gray chips; black chips; glossy; finished floor; garage door; white walls; two car garage,Garages/IMG_5076.JPG,m/2a5bf3dcf772.jpg
7922246a0bc0,photo,Garage with light gray coated floor,"Finished garage floor with light gray fine speckle coating, yellow walls and gray stem wall, garage floor coating",garage,solid_color_chip,,,,light gray base with very fine light gray and white speckle,finished,residential,,,4,True,garage; light gray floor; fine speckle; finished floor; stem wall; yellow walls; coated concrete; glossy finish,Garages/IMG_5077.JPG,m/7922246a0bc0.jpg
ba8f4f9b2bf8,photo,Garage with flake floor and black storage cabinets,Black and white photo of a garage with a speckled full flake floor and black storage cabinets under an open garage door,garage,full_flake,,,,"black, white and gray chips, small to medium size, shown in black and white",finished,residential,,,3,False,garage; full flake; black and white; storage cabinets; garage door; speckled floor; gray chips; finished floor,Garages/IMG_5078.jpg,m/ba8f4f9b2bf8.jpg
25660e8cb9f3,photo,Garage with gray full flake floor,"Finished gray full flake garage floor coating in a cluttered residential garage with workbench, shelves and John Deere banner.",garage,full_flake,,,,"gray, black and white chips on a light gray base, medium size",finished,residential,Indianapolis,2022-02-09,4,False,garage; full flake; gray chips; black chips; white chips; finished floor; workbench; shelves; residential; garage floor coating,Garages/IMG_5122.HEIC,m/25660e8cb9f3.jpg
ba63d51a5201,photo,Garage with gray full flake floor,"Finished garage floor with gray, white and black full flake coating, tools and cabinets along the walls, full flake garage floor coating",garage,full_flake,,,,"gray, white and black chips, small to medium size, dense coverage",finished,residential,Indianapolis,2022-02-09,3,False,garage; full flake; gray chips; black chips; white chips; finished floor; garage storage; workbench; cabinets,Garages/IMG_5123.HEIC,m/ba63d51a5201.jpg
4362508b98e4,photo,Garage with gray full flake floor,"Finished garage floor with light gray full flake coating, workbench, windows and wall banners, full flake garage floor coating",garage,full_flake,,,,"light gray base with white, gray and black chips, small to medium size",finished,residential,Indianapolis,2022-02-09,4,False,garage; full flake; gray chips; finished floor; workbench; windows; speckled floor; residential,Garages/IMG_5124.HEIC,m/4362508b98e4.jpg
6059335dbe1a,photo,Garage with gray full flake floor and workbench,"Garage with gray, white and black full flake floor, workbench, cabinets and John Deere banners",garage,full_flake,,,,"gray, white and black chips, small to medium size",finished,residential,Indianapolis,2022-02-09,4,False,garage; full flake; gray chips; white chips; black chips; workbench; cabinets; finished floor; john deere banner; windows,Garages/IMG_5126.HEIC,m/6059335dbe1a.jpg
5e8ce0081b2e,photo,Garage with gray full flake floor,"Garage with a gray, white and black flake floor coating, a person standing by the wall and tools hanging",garage,full_flake,,,,"gray, white and black chips with light brown specks, medium size",finished,residential,,,3,False,garage; full flake; gray chips; black chips; white chips; finished floor; workshop; wall hooks; person; windows,Garages/IMG_5150.HEIC,m/5e8ce0081b2e.jpg
58015ce902f4,photo,Garage with gray full flake floor,"Finished garage with gray full flake floor, workbench and windows, full flake garage floor coating",garage,full_flake,,,,"gray, black and white chips, small to medium size, overall gray look",finished,residential,Indianapolis,2022-02-10,4,True,garage; full flake; gray flakes; finished floor; workbench; windows; residential garage,Garages/IMG_5157.HEIC,m/58015ce902f4.jpg
c61e94f9e2e6,photo,Garage floor with light gray full flake coating,"Finished garage floor with light gray, white and black flake coating and saw-cut control joints, full flake garage floor coating",garage,full_flake,,,,"light gray, white and black chips, small to medium size",finished,residential,Indianapolis,2022-02-10,4,True,garage; full flake; gray chips; white chips; black chips; finished floor; control joints; glossy,Garages/IMG_5158.HEIC,m/c61e94f9e2e6.jpg
1b59bc555248,photo,Garage with light gray full flake floor,"Low angle view of a light gray full flake garage floor with black and white chips, bikes and tools on the walls",garage,full_flake,,,,"light gray base with black, white and gray chips, medium size",finished,residential,,,4,True,garage; full flake; gray floor; black white chips; bikes; unfinished drywall; stem wall; control joint; finished floor,Garages/IMG_5210.JPG,m/1b59bc555248.jpg
a247bc4560d8,photo,Garage with brown full flake coated floor,Two-car garage with glossy brown full flake epoxy floor and appliance dolly near the wall,garage,full_flake,,,,"brown, black and tan chips over a dark brown base, small to medium size",finished,residential,,,4,True,garage; full flake; brown chips; glossy floor; flake coating; finished floor; residential; clean garage,Garages/IMG_5939.JPG,m/a247bc4560d8.jpg
5cb5691de501,photo,Garage with brown full flake floor,"Finished garage floor with tan, brown and black full flake coating and glossy clear coat",garage,full_flake,,,,"tan, brown and black chips, small to medium size",finished,residential,,,4,True,garage; full flake; brown flakes; tan chips; glossy floor; finished floor; control joints; epoxy floor,Garages/IMG_5940.JPG,m/5cb5691de501.jpg
212a20db3f3f,photo,Garage with glossy brown full flake floor,"Glossy garage floor with brown full flake coating, open garage door and lawn tractor in background. Full flake garage floor coating.",garage,full_flake,,,,"brown base with tan, dark brown and black chips, small to medium size",finished,residential,,,4,True,garage; full flake; brown chips; glossy finish; finished floor; garage door; tan chips; residential,Garages/IMG_5941.JPG,m/212a20db3f3f.jpg
1719ca96832c,photo,Garage with gray full flake floor and cabinets,"Garage with gray full flake floor coating, white cabinets and coated stem wall",garage,full_flake,,,,"gray, white and black chips with slight tan warmth, small to medium size",finished,residential,,,4,True,garage; full flake; gray chips; white cabinets; stem wall; finished floor; extension cord; residential,Garages/IMG_6044.JPG,m/1719ca96832c.jpg
71127029cce3,photo,Garage with tan full flake floor and coated steps,"Garage with light tan full flake floor coating, coated stem walls and steps, open door to driveway",garage,full_flake,,,,"light tan base with fine tan, brown and black chips",finished,residential,,,4,True,garage; full flake; tan chips; coated steps; stem wall; finished floor; residential; glossy,Garages/IMG_6045.JPG,m/71127029cce3.jpg
817506f66530,photo,Garage with light gray full flake floor,"Garage interior with a light gray full flake floor and coated stem wall, orange extension cord on floor",garage,full_flake,,,,"light to medium gray chips with white and black chips, fine to medium size",finished,residential,,,3,False,garage; full flake; gray chips; white chips; black chips; stem wall; finished floor; central vacuum; extension cord,Garages/IMG_6046.JPG,m/817506f66530.jpg
8c8cc12b4047,photo,Garage with gray full flake floor and white cabinets,"Garage with gray full flake floor, white cabinets and coated stem wall, epoxy flake garage floor coating",garage,full_flake,,,,"gray, white and black chips, small to medium size",finished,residential,,,4,True,garage; full flake; gray chips; white cabinets; stem wall; finished floor; epoxy floor; clean garage,Garages/IMG_6047.JPG,m/8c8cc12b4047.jpg
5bb5c2a9835a,photo,Garage with gray full flake floor and coated steps,"Garage with gray full flake floor coating on the floor, stem walls and entry steps",garage,full_flake,,,,"gray, white and black chips, medium size",finished,residential,,,4,True,garage; full flake; gray chips; steps; stem wall; finished floor; white walls; workbench; epoxy flake floor,Garages/IMG_6048.JPG,m/5bb5c2a9835a.jpg
c167e3908713,photo,Garage entry with gray full flake floor and coated steps,"Gray full flake garage floor coating covering the entry landing, steps and stem wall beside a driveway",garage,full_flake,,,,"gray base with small white, black and gray chips, fine to medium size",finished,residential,,,4,True,garage; full flake; gray chips; garage steps; stem wall; finished floor; garage entry; driveway edge,Garages/IMG_6049.JPG,m/c167e3908713.jpg
a8ef5bb1266f,photo,Garage with glossy tan full flake floor,"Glossy tan full flake garage floor with coated stem wall, viewed from an open garage door",garage,full_flake,,,,"warm tan base with brown and black chips, fine to medium size",finished,residential,,,4,True,garage; full flake; tan chips; brown chips; glossy; stem wall; finished floor; residential,Garages/IMG_6050.JPG,m/a8ef5bb1266f.jpg
2e5cb0f0114f,photo,Garage with light gray full flake floor,"Finished garage with light gray full flake floor, white cabinets and windows, garage floor coating",garage,full_flake,,,,"gray, white and black chips, small size, overall light gray look",finished,residential,,,4,True,garage; full flake; gray floor; white cabinets; finished floor; windows; residential; glossy finish; gray white black chips,Garages/IMG_6052.JPG,m/2e5cb0f0114f.jpg
45c87b68009c,photo,Garage with light gray full flake floor,"Garage floor with light gray full flake coating, small black and tan chips, white paneled doors and stem wall",garage,full_flake,,,,"light gray base with small black, white and scattered tan chips",finished,residential,,,4,True,garage; full flake; light gray; black chips; tan chips; white paneled doors; stem wall; finished floor,Garages/IMG_6053.JPG,m/45c87b68009c.jpg
0aebc85bcbab,photo,Garage with light gray full flake floor,"Finished garage floor with light gray, white and black flake coating, white cabinets and wire shelf along the wall",garage,full_flake,,,,"light gray and white chips with black and small tan accents, small to medium size",finished,residential,,,4,True,garage; full flake; gray chips; white chips; black chips; cabinets; wire shelf; finished floor; residential; glossy,Garages/IMG_6054.JPG,m/0aebc85bcbab.jpg
12bdfbd87a6d,photo,Garage with light gray multicolor flake floor,"Finished garage floor with white, black and tan flake chips, cabinets and workbench, full flake garage floor coating",garage,full_flake,,,,"white and light gray base with black, tan and rust chips, small to medium size",finished,residential,,,4,True,garage; full flake; white gray chips; tan chips; finished floor; cabinets; workbench; residential; glossy; speckled floor,Garages/IMG_6055.JPG,m/12bdfbd87a6d.jpg
559ec536abf9,photo,Garage with light gray full flake floor,"Finished garage floor with light gray speckled full flake coating, white cabinets and stem wall",garage,full_flake,,,,"light gray base with fine gray, white and dark speckled chips",finished,residential,,,4,True,garage; full flake; gray flakes; light gray floor; finished; white cabinets; stem wall; glossy; speckled; flake floor,Garages/IMG_6056.JPG,m/559ec536abf9.jpg
521463ebe220,photo,Garage with gray full flake floor and window bench,Garage finished with gray full flake floor coating and coated stem walls near a window bench,garage,full_flake,,,,"gray, white and black chips, small to medium size",finished,residential,,,4,True,garage; full flake; gray chips; silver floor; stem wall; window bench; white walls; finished floor,Garages/IMG_6057.JPG,m/521463ebe220.jpg
749adc97e06a,photo,Garage with light gray solid color floor,Glossy light gray solid color garage floor with saw cut joints and daylight at the door,garage,solid_color,,,,"light gray solid coating, no chips",finished,residential,,,3,False,garage; solid color; light gray; glossy floor; saw cut joints; finished floor,Garages/IMG_6058.JPG,m/749adc97e06a.jpg
370a2fc2c7d9,photo,Garage with tan and brown full flake floor,"Garage with full flake floor coating in tan, brown and black chips, cabinets and workbench along wall",garage,full_flake,,,,"tan, brown, black and white chips, small to medium size",finished,residential,,,4,True,garage; full flake; tan chips; brown chips; cabinets; workbench; finished floor; residential,Garages/IMG_6062.JPG,m/370a2fc2c7d9.jpg
42b5a3ebfef3,photo,Garage with tan full flake floor and oak cabinets,"Garage with tan, brown and black full flake floor, oak cabinets and flake coated stem walls and steps",garage,full_flake,,,,"tan, brown and black chips, small to medium size",finished,residential,,,4,True,garage; full flake; tan chips; brown chips; black chips; oak cabinets; stem wall; garage steps; finished floor; full flake garage floor coating,Garages/IMG_6084.JPG,m/42b5a3ebfef3.jpg
91fe66c9df23,photo,Garage with tan full flake floor and cabinets,"Finished garage floor with tan, brown and black flake coating, wood cabinets and coated stem walls, full flake garage floor coating",garage,full_flake,,,,"light tan and cream base with brown and black chips, medium size",finished,residential,,,4,True,garage; full flake; tan chips; brown chips; cabinets; stem wall; finished floor; residential; glossy,Garages/IMG_6085.JPG,m/91fe66c9df23.jpg
5410dd5d9d48,photo,Garage with gray full flake floor and cabinets,"Garage with gray, white and black full flake floor coating, wood cabinets and sunlight across the floor",garage,full_flake,,,,"gray, white and black chips, small to medium size",finished,residential,,,4,True,garage; full flake; gray chips; finished floor; cabinets; water heater; sunlight; garage floor coating,Garages/IMG_6086.JPG,m/5410dd5d9d48.jpg
a6720712d879,photo,Garage with gray full flake floor and step,"Finished garage with gray flake coated floor, coated entry step, and white walls, full flake garage floor coating",garage,full_flake,,,,"gray, white and black chips, small to medium size",finished,residential,,,4,True,garage; full flake; gray chips; white chips; black chips; step; finished floor; residential; glossy,Garages/IMG_6126.JPG,m/a6720712d879.jpg
cb26b72f393f,photo,Garage with dark gray full flake floor,"Garage interior with a dark gray full flake garage floor coating, shelves with paint cans and a tool wall.",garage,full_flake,,,,"dark gray base with small black, gray and white chips",finished,residential,,,4,False,garage; full flake; dark gray; black and gray chips; finished floor; shelving; tool wall; workshop; garage door opening,Garages/IMG_6127.JPG,m/cb26b72f393f.jpg
b9c14405d9c4,photo,Garage with gray full flake floor and tool wall,Low angle view of a gray full flake garage floor coating with tool storage and pegboard on the walls,garage,full_flake,,,,"gray, white and black chips, small to medium size",finished,residential,,,4,False,garage; full flake; gray chips; black chips; white chips; pegboard; tool wall; cabinets; finished floor; low angle,Garages/IMG_6128.JPG,m/b9c14405d9c4.jpg
69bb8707c5f5,photo,Garage with gray and rust full flake floor,"Finished garage floor with gray, white, black and rust brown flake coating, full flake garage floor coating",garage,full_flake,,,,"gray, white and black chips with scattered rust brown accents, small to medium size",finished,residential,,,4,True,garage; full flake; gray chips; rust brown chips; white walls; finished floor; glossy; garage door entry; flake floor,Garages/IMG_6308.JPG,m/69bb8707c5f5.jpg
15c9087ab5f7,photo,Garage with gray full flake floor,"Garage with a gray full flake floor coating, saw-cut control joints and a water softener in the corner",garage,full_flake,,,,"gray, white and black chips, small size, overall medium gray look",finished,residential,,,4,True,garage; full flake; gray floor; gray white black chips; control joints; finished floor; water softener; residential,Garages/IMG_6309.JPG,m/15c9087ab5f7.jpg
509d756bc2fb,photo,Empty garage with gray full flake floor,"Empty two-car garage with a gray, white and black full flake garage floor coating",garage,full_flake,,,,"gray, white and black chips, small to medium size",finished,residential,,,4,True,garage; full flake; gray chips; white chips; black chips; finished floor; empty garage; garage door; epoxy floor,Garages/IMG_6311.JPG,m/509d756bc2fb.jpg
c52845e51e4d,photo,Garage with light gray solid color floor,"Garage with glossy light gray solid color floor coating, wall shelves with hoses and storage boxes",garage,solid_color,,,,"light gray to off white solid coating, no chips",finished,residential,,,4,False,garage; solid color; light gray floor; glossy finish; wall shelves; garden hoses; finished floor,Garages/IMG_6312.JPG,m/c52845e51e4d.jpg
737ac92c7339,photo,Garage floor with light gray flake coating,"Finished garage floor with light gray and white full flake coating, control joints and wall shelving visible",garage,full_flake,,,,"light gray and white chips with small black specks, fine to medium size",finished,residential,,,4,True,garage; full flake; gray chips; white chips; black specks; finished floor; control joints; shelving; flake floor,Garages/IMG_6324.JPG,m/737ac92c7339.jpg
44bc79c87ab3,photo,Garage with brown full flake floor and ladder,"Garage with speckled brown full flake floor coating, red ladder leaning on wall and metal pipe along back wall",garage,full_flake,,,,"tan, brown and black chips with some white, medium size",finished,residential,,,4,True,garage; full flake; brown chips; tan chips; ladder; finished floor; speckled floor; pipes,Garages/IMG_6350.JPG,m/44bc79c87ab3.jpg
7fe02cf7fdca,photo,Garage with brown and rust full flake floor,"Garage interior with brown, tan and rust red full flake floor coating, cabinets, ladder and ductwork along the wall",garage,full_flake,,,,"brown, tan and rust red chips with some black, small to medium size",finished,residential,,,4,True,garage; full flake; brown chips; rust red chips; finished floor; cabinets; ladder; exposed duct,Garages/IMG_6351.JPG,m/7fe02cf7fdca.jpg
58365c4bafc5,photo,Empty garage with gray full flake floor,"Sunlit empty residential garage with a gray full flake epoxy floor coating, ladder and cabinets on the back wall",garage,full_flake,,,,"light gray, white and tan chips with black specks, small to medium size",finished,residential,,,4,True,garage; full flake; gray chips; tan chips; empty garage; sunlight; ladder; cabinets; finished floor,Garages/IMG_6352.JPG,m/58365c4bafc5.jpg
95f233b94097,photo,Garage with gray blue full flake floor,"Low angle view of a glossy gray full flake garage floor with wall shelves and entry door, full flake garage floor coating",garage,full_flake,,,,"gray base with blue gray, white, black and light tan chips, small to medium size",finished,residential,,,4,True,garage; full flake; gray floor; blue gray chips; glossy; low angle; wall shelves; entry door; finished floor; stem wall,Garages/IMG_6431.JPG,m/95f233b94097.jpg
35388e52b1ec,photo,Garage with glossy brown full flake floor,"Glossy brown full flake garage floor with white SUV at the open garage door, full flake garage floor coating",garage,full_flake,,,,"brown, tan and black chips with some white, medium size",finished,residential,,,4,True,garage; full flake; brown chips; tan chips; glossy; finished floor; suv; residential; flake floor,Garages/IMG_6463.JPG,m/35388e52b1ec.jpg
e15992af031f,photo,Garage with gray full flake floor and tool wall,Garage with a gray full flake floor coating and garden tools hanging on a pegboard wall,garage,full_flake,,,,"gray, white and tan chips, small size",finished,residential,,,4,True,garage; full flake; gray chips; tan chips; pegboard; garden tools; garage door; finished floor; stem wall,Garages/IMG_6464.JPG,m/e15992af031f.jpg
07952323efce,photo,Garage with gray full flake floor,Low angle view of a gray full flake garage floor with white walls and dark base trim,garage,full_flake,,,,"gray base with black, white and gray chips, small to medium size",finished,residential,,,4,True,garage; full flake; gray floor; gray chips; black chips; white chips; finished floor; base trim; garage floor coating,Garages/IMG_6721.JPG,m/07952323efce.jpg
2b283e4deccf,photo,Garage with light gray full flake floor,"Finished garage floor with light gray full flake coating and glossy clear coat, full flake garage floor coating",garage,full_flake,,,,"light gray base with small black, white and gray chips",finished,residential,,,4,True,garage; full flake; gray floor; glossy; finished floor; small chips; gray and black chips; interior,Garages/IMG_6735.JPG,m/2b283e4deccf.jpg
1ec38d205f9c,photo,Garage with tan full flake floor and bikes,"Garage with tan, brown and black full flake floor, bikes, shelving and red tool chest; full flake garage floor coating",garage,full_flake,,,,"tan, brown, black and white chips, small to medium size",finished,residential,,,4,False,garage; full flake; tan chips; brown chips; bikes; shelving; tool chest; window; finished floor; residential,Garages/IMG_6802.HEIC,m/1ec38d205f9c.jpg
c7b84c5ee6c7,photo,Garage with tan full flake floor and bikes,"Garage with tan full flake floor, bicycles, shelving and red tool chest; full flake garage floor coating",garage,full_flake,,,,"tan, brown and black chips, small to medium size",finished,residential,,,4,False,garage; full flake; tan chips; bicycles; shelving; tool chest; window; finished floor; residential,Garages/IMG_6803 2.HEIC,m/c7b84c5ee6c7.jpg
4c73eefb6b0a,photo,Garage with tan full flake floor and bikes,"Garage with a tan full flake floor coating, bicycles and garden tools stored along the wall",garage,full_flake,,,,"tan and beige chips with small black and white flecks, fine to medium size",finished,residential,,,4,True,garage; full flake; tan chips; beige floor; bicycles; finished floor; residential; garage storage; epoxy flake floor,Garages/IMG_6804.HEIC,m/4c73eefb6b0a.jpg
333d8407f233,photo,Garage floor with tan full flake coating and border,"Garage with a tan full flake floor, lighter border band, freezer and red tool cabinet",garage,full_flake,,,,"tan and brown chips with some black and white, small to medium size, with a lighter tan border band",finished,residential,,,4,True,garage; full flake; tan chips; brown chips; border band; freezer; tool cabinet; finished floor,Garages/IMG_6805.HEIC,m/333d8407f233.jpg
d9ea9c0e08d5,photo,Garage with warm tan full flake floor,"Finished garage floor with tan, brown and black full flake coating, white cabinets and wall shelves along the back wall",garage,full_flake,,,,"tan, brown and black chips, small to medium size",finished,residential,,,4,True,garage; full flake; tan chips; brown chips; finished floor; cabinets; shelving; garage storage; flake floor coating,Garages/IMG_6F6BF77E33E1-1.jpeg,m/d9ea9c0e08d5.jpg
aa70e36daed8,photo,Garage with tan and brown full flake floor,"Garage floor with tan, brown and black full flake coating and a lighter border strip along the stem wall",garage,full_flake,,,,"tan and brown chips with black specks, small size",finished,residential,,,4,True,garage; full flake; tan chips; brown chips; black chips; border stripe; finished floor; stem wall,Garages/IMG_8480.JPG,m/aa70e36daed8.jpg
49cd614afc88,photo,Crew member clear coating tan flake garage floor,"Worker rolling clear coat over a tan and brown flake garage floor, full flake garage floor coating",garage,full_flake,,,,"tan and brown chips with some black, small to medium size",in_progress,residential,,,3,False,garage; full flake; clear coat; in progress; crew working; roller; tan chips; brown chips; topcoat,Garages/IMG_8482.JPG,m/49cd614afc88.jpg
ae777779b950,photo,Garage with tan full flake floor and raised platform,"Garage with a tan, brown and black full flake floor coating, raised back platform, water heater and softener.",garage,full_flake,,,,"tan, brown and black chips, small to medium size",finished,residential,,,4,True,garage; full flake; tan chips; brown chips; raised platform; water heater; water softener; finished floor; glossy,Garages/IMG_8483.JPG,m/ae777779b950.jpg
744807c5412f,photo,Garage with tan full flake floor and step,"Garage with a tan full flake epoxy floor, raised step, water heater and softener against white walls.",garage,full_flake,,,,"small tan, brown and black chips over a brown base",finished,residential,,,4,True,garage; full flake; tan chips; brown chips; small chips; finished floor; garage step; water heater; epoxy floor,Garages/IMG_8484.JPG,m/744807c5412f.jpg
37f617930a28,photo,Garage with tan full flake floor and water softener,"Finished garage floor with tan and brown full flake coating, coated stem wall and water softener in corner, full flake garage floor coating",garage,full_flake,,,,"small tan, brown and black chips, fine size",finished,residential,,,4,True,garage; full flake; tan chips; brown chips; finished floor; stem wall; water softener; glossy; control joints,Garages/IMG_8485.JPG,m/37f617930a28.jpg
343d8e182d37,photo,Garage with gray full flake floor and coated stem walls,"Empty garage with a gray full flake floor coating, coated stem walls, wall grid rack and entry steps",garage,full_flake,Ultra,Stone Rowe,duplicate,"gray base with black, white and gray chips, small to medium size",finished,residential,,,5,True,garage; full flake; gray floor; black white gray chips; stem wall coating; wall grid rack; finished floor; steps; clean garage,Garages/IMG_8538.JPG,m/343d8e182d37.jpg
91b665025ec6,photo,Garage with tan brown full flake floor,"Bright garage with glossy tan and brown full flake floor, large windows and arched window, full flake garage floor coating",garage,full_flake,,,,"tan and brown chips with black accents, medium size",finished,residential,,,4,True,garage; full flake; tan chips; brown chips; glossy floor; arched window; white walls; finished floor,Garages/IMG_8539.JPG,m/91b665025ec6.jpg
d1a39166cbd8,photo,Garage with tan brown full flake floor,"Garage with a tan and brown full flake floor, shelves, utility sink and central vacuum",garage,full_flake,,,,"tan, brown and black chips with some white, small to medium size",finished,residential,,,3,False,garage; full flake; tan chips; brown chips; finished floor; shelves; utility sink; central vacuum; residential,Garages/IMG_8584.JPG,m/d1a39166cbd8.jpg
f104f34cacae,photo,Four-car garage with gray full flake floor,Wide garage with three open overhead doors and a gray full flake floor coating,garage,full_flake,,,,"gray, white and black chips, small to medium size",finished,residential,,,4,True,garage; full flake; gray floor; finished floor; overhead doors; white walls; panorama; garage floor coating,Garages/IMG_8735.JPG,m/f104f34cacae.jpg
d5870fefc935,photo,Garage with light gray full flake floor,"Finished garage with light gray full flake floor, wall cabinets, workbench and Cardinals decor; full flake garage floor coating",garage,full_flake,,,,"light gray base with white, gray and black chips, small to medium size",finished,residential,,,4,True,garage; full flake; gray floor; white and gray chips; workbench; cabinets; step ladder; sports decor; finished floor; stem wall coated,Garages/IMG_8791.JPG,m/d5870fefc935.jpg
4105b7378c56,photo,Garage floor with gray tan flake coating,"Finished garage floor with gray, white and tan vinyl flake coating and saw cut joints, full flake garage floor coating",garage,full_flake,,,,"light gray base with white, gray and tan-brown chips, medium size",finished,residential,,,4,True,garage; full flake; gray chips; tan chips; finished floor; saw cut joints; shelf; ladder; garage storage,Garages/IMG_8792.JPG,m/4105b7378c56.jpg
37e592f349c4,photo,Garage with gray full flake floor and GatorGuard truck,"Glossy gray full flake garage floor with open doors and GatorGuard truck outside, full flake garage floor coating",garage,full_flake,,,,"gray, white and black chips on a gray base, small to medium size",finished,residential,,,4,True,garage; full flake; gray floor; gray black white chips; glossy finish; open garage doors; gatorguard truck; finished floor; residential,Garages/IMG_8807.JPG,m/37e592f349c4.jpg
e10a892d2624,photo,Garage with gray full flake floor,"Finished garage interior with glossy gray full flake floor coating, open overhead doors and work truck outside",garage,full_flake,,,,"gray, white and black chips, medium size",finished,residential,,,4,True,garage; full flake; gray chips; black chips; white chips; glossy floor; finished floor; overhead door; residential,Garages/IMG_8808.JPG,m/e10a892d2624.jpg
ad79fdd4f1b2,photo,Low angle view of tan red flake garage floor,"Low angle close up of a glossy full flake garage floor with tan, red, brown and black chips",garage,full_flake,,,,"tan, reddish brown, black and cream chips, small to medium size",close_up,residential,,,4,True,garage; full flake; tan chips; red chips; glossy; close up; finished floor; low angle,Garages/IMG_8813.JPG,m/ad79fdd4f1b2.jpg
6676ea9e34b1,photo,Garage with warm tan full flake floor,"Finished garage floor with tan, cream and gray full flake coating, paneled wall and open door in background",garage,full_flake,,,,"tan, cream, gray and light brown chips, small to medium size",finished,residential,,,4,True,garage; full flake; tan flakes; gray flakes; speckled floor; finished floor; residential; panel wall; glossy coating,Garages/IMG_8816.JPG,m/6676ea9e34b1.jpg
f84f6d014585,photo,Low angle view of gray flake garage floor,"Low angle close up of a gray full flake garage floor with black, white and tan chips, workbench and open garage door behind",garage,full_flake,,,,"gray, white and black chips with scattered tan and brown chips, small to medium size",close_up,residential,,,4,True,garage; full flake; gray floor; black white tan chips; low angle; glossy finish; workbench; garage door; finished floor,Garages/IMG_8824.JPG,m/f84f6d014585.jpg
f07e79cda60d,photo,Wood paneled garage with dark flake floor,Garage with natural wood plank walls and a dark brown full flake garage floor coating with white chips,garage,full_flake,,,,very dark brown to black base with small white and light gray chips,finished,residential,,,4,True,garage; full flake; dark brown; white chips; wood walls; paneling; glossy; finished floor; interior,Garages/IMG_8912.psd,m/f07e79cda60d.jpg
a8ab8bb2c1bf,photo,Garage with light gray full flake floor,"Garage with a light gray full flake floor coating, taped door and covered water heater along white walls",garage,full_flake,,,,"light gray base with small white, gray and black chips",finished,residential,,,4,True,garage; full flake; gray floor; white walls; interior door; water heater; finished floor; fine chips,Garages/IMG_9151.JPG,m/a8ab8bb2c1bf.jpg
544a8a4bfa43,photo,Garage with gray full flake floor,"Garage with light gray full flake floor coating, white walls and taped door trim",garage,full_flake,,,,"gray, white and black chips, small to medium size",finished,residential,,,4,True,garage; full flake; gray chips; white chips; black chips; finished floor; flake floor; interior; control joints,Garages/IMG_9152.JPG,m/544a8a4bfa43.jpg
ca949db955d2,photo,Garage with brown full flake floor,"Low angle view of a garage with a brown full flake floor coating, water heater and shelving along the walls",garage,full_flake,,,,"tan, brown, black and white chips, small to medium size",finished,residential,,,4,True,garage; full flake; brown chips; tan chips; glossy floor; finished floor; water heater; shelving; residential,Garages/IMG_9360 2.JPG,m/ca949db955d2.jpg
e2c30715bea2,photo,Garage workshop with tan full flake floor,"Garage workshop with workbench, gun safe and tan and brown full flake garage floor coating",garage,full_flake,,,,"tan and light brown chips with small dark brown and black chips, medium size",finished,residential,,,4,True,garage; full flake; tan chips; brown chips; workbench; workshop; gun safe; finished floor; speckled floor,Garages/IMG_CC2843796AF5-1.jpeg,m/e2c30715bea2.jpg
4c79d2a2de8f,photo,White Ferrari on gray full flake garage floor,White Ferrari parked in a clean garage on a gray black and white full flake garage floor coating,garage,full_flake,,,,"gray blend with black, white and light gray chips, small to medium size",finished,residential,,2019-07-11,5,True,garage; full flake; gray chips; black chips; white chips; ferrari; sports car; finished floor; luxury garage; white walls,Garages/Kenric copy.jpg,m/4c79d2a2de8f.jpg
d07680fc5ff2,photo,Spacious garage with Ocotillo full flake floor,"Large empty garage with glossy tan, black and gray full flake garage floor coating, wall tools and windows",garage,full_flake,Ultra,Ocotillo,folder,"tan and beige chips with black, white and gray accents, medium size",finished,residential,,,4,True,garage; full flake; ocotillo; tan chips; black chips; glossy floor; wall tools; windows; finished floor; large garage,Garages/OCOTILLO.JPG,m/d07680fc5ff2.jpg
85acffa060a9,photo,Garage with tan Ocotillo full flake floor,"Low angle view of a glossy tan full flake garage floor with cabinets, open door, and car outside",garage,full_flake,Ultra,Ocotillo,folder,"tan, brown, black and gray chips, medium size",finished,residential,,2022-02-21,4,True,garage; full flake; tan chips; brown chips; glossy floor; cabinets; open garage door; car; finished floor; low angle,Garages/Ocotillo(1).JPG,m/85acffa060a9.jpg
72576feb4a82,photo,Garage with Ocotillo full flake floor,"Empty residential garage with a glossy Ocotillo full flake garage floor coating, door open to the street",garage,full_flake,Ultra,Ocotillo,folder,"tan, brown and black chips with some white, small to medium size",finished,residential,,2022-02-21,4,True,garage; full flake; ocotillo; tan chips; glossy floor; finished floor; residential; open garage door,Garages/Ocotillo(2).JPG,m/72576feb4a82.jpg
572bf0080872,photo,Garage with Pacific Coast full flake floor,"Garage with a glossy gray flake floor with rust accents, water heater and air handler on a raised platform, full flake garage floor coating",garage,full_flake,Bagari Stone Effects,Pacific Coast,folder,"light gray base with small gray, white and rust-orange chips",finished,residential,,2022-02-21,4,True,garage; full flake; gray floor; rust chips; water heater; air handler; stem wall; pacific coast; finished floor,Garages/Pacific Coast.JPG,m/572bf0080872.jpg
fd84bc8c07e6,photo,Flake coated garage floor edge and step,Close-up of a full flake garage floor coating ending at a broomed concrete step at the garage entry,garage,full_flake,Vintage Mica,Quarry,folder,"gray base with black, white, gray and scattered rust-brown chips, small to medium size",close_up,residential,,,4,False,garage floor; full flake; floor edge; step detail; gray chips; brown chips; close up; broomed concrete; garage entry,Garages/Quarry.JPG,m/fd84bc8c07e6.jpg
dc9b7b0bd4f0,photo,Empty garage with gray full flake floor,"Empty garage with gray full flake floor coating, coated stem walls and entry steps",garage,full_flake,,Quartzite,folder,"gray, black and white chips, small to medium size",finished,residential,,,4,True,garage; full flake; gray chips; black chips; white chips; stem wall; garage door opener; finished floor; empty garage,Garages/Quartzite(1).JPG,m/dc9b7b0bd4f0.jpg
5fc4a541120a,photo,Garage with black and gray full flake floor,"Garage floor with black, white and gray full flake coating and coated stem walls and steps",garage,full_flake,,Quartzite,folder,"black, white and gray chips, small to medium size",finished,residential,,,4,True,garage; full flake; black chips; white chips; gray chips; stem wall; garage steps; finished floor; glossy,Garages/Quartzite.JPG,m/5fc4a541120a.jpg
a1027a171d2a,photo,Red Corvette on gray full flake garage floor,Red Corvette parked on a light gray full flake garage floor coating with coated stem wall,garage,full_flake,,Silverado,duplicate,"light gray base with fine dark gray and black chips, small size",finished,residential,,2019-09-03,4,True,garage; full flake; gray floor; corvette; sports car; stem wall; finished floor; fine chips,Garages/SILVERADO1(1).jpg,m/a1027a171d2a.jpg
a59f9124234f,photo,Red Corvette on Silverado flake garage floor,Red Corvette parked on a light gray full flake garage floor coating in Silverado,garage,full_flake,,Silverado,folder,"light gray base with small black, white and gray chips",finished,residential,,2019-09-03,5,True,garage; full flake; gray floor; corvette; sports car; finished floor; residential; light gray chips; clean garage,Garages/SILVERADO1.jpg,m/a59f9124234f.jpg
8309606376a3,photo,Garage with light gray flake floor and red Corvette,Red Corvette parked in a residential garage with a light gray full flake garage floor coating,garage,full_flake,,Silverado,folder,"light gray and white chips with some darker specks, small to medium size",finished,residential,,2019-09-03,4,True,garage; full flake; light gray chips; corvette; red car; sports car; finished floor; residential; car posters,Garages/SILVERADO3.jpg,m/8309606376a3.jpg
e1222b553847,photo,Red Corvette on Silverado full flake garage floor,Red Corvette parked on a light gray full flake garage floor coating in Silverado color,garage,full_flake,,Silverado,folder,"light gray, white and black chips, small to medium size",finished,residential,,2019-09-03,5,True,garage; full flake; silverado; gray chips; corvette; sports car; finished floor; residential garage,Garages/SILVERADO4.jpg,m/e1222b553847.jpg
b060c89a6096,photo,Garage with light gray full flake floor,"Finished garage with light gray, white and black full flake floor, gray walls, windows and two doors",garage,full_flake,Ultra,Silver Butte,folder,"light gray, white and black chips, small to medium size",finished,residential,,2022-02-21,4,True,garage; full flake; gray flake floor; white and black chips; finished floor; garage interior; windows; glossy clear coat,Garages/Silver Butte.JPG,m/b060c89a6096.jpg
9cbc7811b072,photo,Close up of Silverado full flake garage floor,"Close up of a gray full flake garage floor coating with white, black and blue accent chips in Silverado",garage,full_flake,,Silverado,folder,"gray and white chips with scattered black and faint blue accents, small to medium size",close_up,residential,,,4,True,garage floor; full flake; close up; gray chips; silverado; flake texture; floor edge; coated concrete,Garages/Silverado.JPG,m/9cbc7811b072.jpg
68a576afded8,photo,White sports car on gray full flake garage floor,"Front of a white sports car parked on a gray, black and white full flake garage floor coating",garage,full_flake,,,,"gray, black and white chips, small to medium size",finished,residential,,2019-07-11,4,True,garage; full flake; gray chips; black chips; white chips; sports car; white car; finished floor; luxury car,Garages/SilverspiritsExtrablack2.jpg,m/68a576afded8.jpg
75147fb55a01,photo,Garage with Stone Ridge full flake floor,"Finished garage floor with gray, white, black and rust full flake coating, Stone Ridge full flake garage floor",garage,full_flake,Bagari Stone Effects,Stone Ridge,folder,"gray, white and black chips with scattered rust orange accents, small to medium size",finished,residential,,,4,True,garage; full flake; stone ridge; gray chips; rust orange chips; white walls; finished floor; epoxy flake floor; low angle; empty garage,Garages/Stone Ridge.JPG,m/75147fb55a01.jpg
f1e20edca8e4,photo,Empty garage with gray full flake floor,"Clean empty garage with gray full flake floor coating, stem wall coating and wall grid storage",garage,full_flake,Ultra,Stone Rowe,folder,"gray, white and black chips, medium size",finished,residential,,2018-03-16,5,True,garage; full flake; gray chips; white chips; black chips; stem wall; wall grid; empty garage; finished floor; flake floor coating,Garages/Stone Rowe.jpg,m/f1e20edca8e4.jpg
d4bd7a4f0c3c,photo,Garage with tan brown and black flake floor,"Finished garage floor with tan, brown, black and white full flake coating, garage door open, full flake garage floor coating",garage,full_flake,,,,"tan, brown, black and white chips, medium to large size",finished,residential,,,4,False,garage; full flake; tan chips; brown chips; black chips; white chips; finished floor; garage door open; dartboard; wall decor,Garages/TRILLIUM.JPG,m/d4bd7a4f0c3c.jpg
782570876957,photo,Garage with light tan full flake floor,"Finished garage floor with light tan full flake coating, water softener and entry door visible, full flake garage floor coating",garage,full_flake,Ultra,Chestnut,folder,"light tan base with small black, brown and white chips",finished,residential,,,4,True,garage; full flake; tan chips; finished floor; water softener; white walls; residential; speckled floor,Garages/Ultra/Chestnut/Chestnut(1).JPG,m/782570876957.jpg
85741e646629,photo,Garage with warm tan full flake floor,"Finished garage floor with warm tan full flake coating and coated stem wall, full flake garage floor coating",garage,full_flake,Ultra,Chestnut,folder,"warm tan base with brown, black and white chips, small to medium size",finished,residential,,,4,True,garage; full flake; tan chips; brown chips; stem wall; glossy; finished floor; windows; residential,Garages/Ultra/Chestnut/Chestnut(2).JPG,m/85741e646629.jpg
8592c3eccbaa,photo,Garage with tan full flake floor and stem wall,"Garage with glossy tan, brown and black full flake floor coating and white flake stem wall under shelving",garage,full_flake,Ultra,Chestnut,folder,"tan, brown, black and white chips with some reddish specks, small to medium size",finished,residential,,,4,True,garage; full flake; tan chips; brown chips; stem wall; glossy floor; shelving; finished floor; flake floor coating,Garages/Ultra/Chestnut/Chestnut.JPG,m/8592c3eccbaa.jpg
adbd093608f1,photo,Garage entry steps with gray full flake coating,Garage entry stairs and landing coated in gray full flake epoxy with white railings and gray walls,garage,full_flake,,,,"gray, white and black chips, small to medium size",finished,residential,,,4,True,garage; full flake; stairs; steps; gray chips; entryway; white railing; finished floor; garage epoxy,Garages/garage epoxy floor.jpg,m/adbd093608f1.jpg
b2746ea73dfd,photo,Garage with tan brown full flake floor,"Finished garage with tan, brown and black full flake floor, wood paneled walls and white block wainscot. Full flake garage floor coating.",garage,full_flake,,,,"tan, brown and black chips, small to medium size",finished,residential,Louisville,2025-05-15,4,True,garage; full flake; tan chips; brown chips; black chips; wood panel walls; finished floor; residential; shelves; windows,Garages/image2 (2).jpeg,m/b2746ea73dfd.jpg
562c101f13f2,video,Metallic epoxy floor with blue accents in framed room,"Glossy gray and white metallic epoxy floor with blue swirls in a wood framed room, metallic floor coating",basement,metallic,,,,swirled dark gray and white metallic with bright blue accents,finished,residential,Outside markets,2024-03-06,4,True,Gesse LA job 2024; drone; metallic epoxy; liquid art; gray metallic; blue accents; swirled floor; glossy; framed walls; new construction; drone video; finished floor,Gesse LA Job 2-2024/DCIM Original Files/DJI_001/DJI_20240306150529_0038_D.MP4,m/562c101f13f2.jpg
712cd57d7cc7,video,Metallic garage floor with blue accent swirls,"Garage with wood walls and a glossy metallic epoxy floor in dark gray with white and blue swirls, metallic garage floor coating",garage,metallic,,,,"dark gray metallic swirls with white and bright blue accent veins, glossy",finished,residential,Outside markets,2024-03-06,4,True,Gesse LA job 2024; drone; metallic; liquid art; garage; gray metallic; blue accents; white swirls; wood walls; garage door; glossy; drone video,Gesse LA Job 2-2024/DCIM Original Files/DJI_001/DJI_20240306150951_0042_D.MP4,m/712cd57d7cc7.jpg
59b8c0d9f100,video,Metallic epoxy floor with blue veins in large shop,"Large open building with gray, white and blue marbled metallic epoxy floor and exposed wood walls",commercial_or_industrial,metallic,,,,gray and white marbled metallic with bold blue veins,finished,commercial,Outside markets,2024-03-06,4,True,Gesse LA job 2024; drone; metallic epoxy; blue veins; marbled; large shop; pole barn; finished floor; liquid art,Gesse LA Job 2-2024/DCIM Original Files/DJI_001/DJI_20240306151358_0044_D.MP4,m/59b8c0d9f100.jpg
e92ed499a72d,video,Large garage with gray and blue metallic floor,"Glossy gray and white metallic epoxy floor with blue swirls in a large garage with wood walls, metallic floor coating",garage,metallic,,,,"dark gray and white marbled metallic with bright blue swirls, high gloss",finished,residential,Outside markets,2024-03-06,4,True,Gesse LA job 2024; drone; metallic epoxy; gray metallic floor; blue swirls; garage; wood walls; glossy floor; large garage; liquid art; finished floor,Gesse LA Job 2-2024/DCIM Original Files/DJI_001/DJI_20240306151700_0046_D.MP4,m/e92ed499a72d.jpg
a92e53188f11,video,Garage with gray and blue metallic epoxy floor,"Reflective metallic epoxy garage floor with gray, white and blue marbled swirls, wood walls and white garage door",garage,metallic,,,,marbled metallic in gray and white with bold blue swirls,finished,residential,Outside markets,2024-03-06,4,True,Gesse LA job 2024; drone; metallic epoxy; liquid art; garage floor; blue swirls; gray metallic; reflective floor; wood walls; drone video; finished floor,Gesse LA Job 2-2024/DCIM Original Files/DJI_001/DJI_20240306151748_0047_D.MP4,m/a92e53188f11.jpg
f65fc29e3c54,video,Large event hall with gray blue metallic floor,"Spacious wood walled hall with glossy gray and blue metallic epoxy floor, metallic floor coating",commercial_or_industrial,metallic,,,,"dark gray metallic with blue and white swirls, highly reflective",finished,commercial,Outside markets,2024-03-06,4,True,Gesse LA job 2024; drone; metallic epoxy; gray floor; blue swirls; reflective floor; event hall; wood walls; large open space; liquid art; commercial floor; drone footage,Gesse LA Job 2-2024/DCIM Original Files/DJI_001/DJI_20240306151844_0048_D.MP4,m/f65fc29e3c54.jpg
72867aea1e4d,video,Pole barn with gray and blue metallic epoxy floor,Glossy gray and white metallic epoxy floor with blue swirls in a wood-walled pole barn with overhead doors,garage,metallic,,,,"marbled gray and white metallic with bold blue swirls, high gloss",finished,residential,Outside markets,2024-03-06,5,True,Gesse LA job 2024; drone; metallic epoxy; liquid art; gray and blue; swirl; marbled; pole barn; wood walls; garage doors; high gloss; drone video,Gesse LA Job 2-2024/DCIM Original Files/DJI_001/DJI_20240306151935_0049_D.MP4,m/72867aea1e4d.jpg
ceea03735119,video,Gray and blue metallic floor in large commercial space,Glossy metallic epoxy floor with gray base and bright blue marbled veins in a large commercial space,commercial_or_industrial,metallic,,,,"gray and silver metallic with bright blue marbled veins, glossy finish",finished,commercial,Outside markets,2024-03-06,3,False,Gesse LA job 2024; drone; metallic epoxy; liquid art; blue metallic; gray metallic; commercial floor; drone footage; glossy floor; marbled floor; video,Gesse LA Job 2-2024/DCIM Original Files/DJI_001/DJI_20240306152034_0050_D.MP4,m/ceea03735119.jpg
19beaae8840e,video,Metallic epoxy floor in wood walled venue,"Reflective blue, gray and silver swirled metallic epoxy floor in a large hall with wood plank walls",commercial_or_industrial,metallic,,,,"swirled blue, gray and silver metallic epoxy, marbled and reflective",finished,commercial,Outside markets,2024-03-06,4,True,Gesse LA job 2024; drone; metallic epoxy; blue metallic floor; gray metallic; wood plank walls; event venue; reflective floor; swirl pattern; commercial floor; drone video,Gesse LA Job 2-2024/DCIM Original Files/DJI_001/DJI_20240306152218_0052_D.MP4,m/19beaae8840e.jpg
a726219c2a76,video,Gray metallic epoxy floor with blue swirls in large garage,"Large unfinished garage with gray and white metallic epoxy floor with blue swirl veins, garage door and exposed studs",garage,metallic,,,,gray and white marbled metallic with bright blue swirl veins,finished,residential,Outside markets,2024-03-06,4,True,Gesse LA job 2024; drone; metallic epoxy; gray metallic; blue swirls; large garage; exposed studs; garage door; drone video; marbled floor; reflective floor,Gesse LA Job 2-2024/DCIM Original Files/DJI_001/DJI_20240306152342_0053_D.MP4,m/a726219c2a76.jpg
3c66d7ef4b42,video,Commercial floor with gray and blue metallic epoxy,"Large commercial space with reflective gray metallic epoxy floor with blue and white swirls, metallic floor coating",commercial_or_industrial,metallic,,,,dark gray metallic with bright blue and white swirls,finished,commercial,Outside markets,2024-03-06,4,True,Gesse LA job 2024; drone; metallic epoxy; liquid art; commercial floor; gray metallic; blue swirls; white swirls; reflective floor; drone video; large space; finished,Gesse LA Job 2-2024/DCIM Original Files/DJI_001/DJI_20240306152619_0055_D.MP4,m/3c66d7ef4b42.jpg
3ca2e8a84802,video,Metallic epoxy floor with blue vein swirls,"Dark gray metallic epoxy floor with blue swirls in a wood-paneled commercial space, metallic epoxy floor coating",commercial_or_industrial,metallic,,,,dark gray metallic swirls with bright blue vein highlights,finished,commercial,Outside markets,2024-03-06,4,True,Gesse LA job 2024; drone; metallic epoxy; liquid art; gray metallic; blue veins; commercial floor; wood panel walls; garage doors; glossy floor; drone video,Gesse LA Job 2-2024/DCIM Original Files/DJI_001/DJI_20240306152629_0056_D.MP4,m/3ca2e8a84802.jpg
c81daee302cc,photo,Basement grind and seal floor by staircase,Glossy grind and seal concrete basement floor with control joints beside a carpeted staircase,basement,grind_and_seal,,,,"ground bare concrete, tan with small dark and light aggregate specks, glossy clear sealer",finished,residential,,2020-08-21,4,True,grind and seal; basement floor; clear sealer; glossy; tan concrete; control joints; staircase; interior; finished floor,Grind & Seal/20200821_152736.jpg,m/c81daee302cc.jpg
043d336ee068,photo,Basement grind and seal floor by carpeted stairs,Polished tan grind and seal concrete basement floor with sawcut joints near carpeted stairs and white door,basement,grind_and_seal,,,,ground tan concrete with natural aggregate speckling under clear sealer,finished,residential,,2020-08-21,4,True,grind and seal; basement floor; polished concrete; tan concrete; sawcut joints; carpeted stairs; clear sealer; finished floor,Grind & Seal/GrindBasement copy.jpg,m/043d336ee068.jpg
cb1e7bd38daf,photo,Glossy grind and seal floor in commercial space,"Glossy clear-sealed gray concrete floor in an empty commercial space with light reflections, grind and seal concrete floor",commercial_or_industrial,grind_and_seal,,,,,finished,commercial,,,4,True,grind and seal; clear sealer; gray concrete; glossy floor; polished look; commercial floor; empty room; reflective floor; natural concrete,Grind & Seal/GrindSeal.jpg,m/cb1e7bd38daf.jpg
3c1fa6eb3192,photo,Installer pointing out crack in garage floor,Installer in work clothes pointing at a crack in a bare concrete garage floor with a grinder and vacuum behind him,garage,bare_concrete,,,,,in_progress,residential,,,3,False,installers; installer; crack repair; garage floor; bare concrete; prep work; grinder; vacuum hose; in progress; joint,Installer Photos with People/IMG_0441.HEIC,m/3c1fa6eb3192.jpg
c88626ab46f8,photo,Installer rolling clear coat over gray flake garage floor,Installer in respirator rolling topcoat over a gray flake garage floor with wall cabinets,garage,full_flake,,,,"light gray base with white, gray and black chips, small to medium size",in_progress,residential,,,4,False,installers; garage; full flake; installer; rolling topcoat; in progress; gray chips; cabinets; respirator; spiked shoes,Installer Photos with People/IMG_0442.JPG,m/c88626ab46f8.jpg
7bde3d0dc861,photo,Crew rolling gray base coat in garage,Two GatorGuard installers in respirators rolling a wet gray coating on a garage floor during installation,garage,unknown,,,,"wet light gray coating being rolled, no chips visible yet",in_progress,residential,,,3,False,installers; crew; respirators; rolling coating; garage; in progress; gray coating; base coat; selfie,Installer Photos with People/IMG_0443.JPG,m/7bde3d0dc861.jpg
2d9fa7ba6655,photo,Two installers in respirators on fresh gray floor,Two GatorGuard installers wearing respirators posing on a freshly coated light gray basement floor,basement,solid_color,,,,"light gray solid coating, no chips visible",team_or_portrait,residential,,,3,False,installers; crew; respirators; gatorguard shirts; basement; gray floor; selfie; team; fresh coating,Installer Photos with People/IMG_0445.JPG,m/2d9fa7ba6655.jpg
1f5a0b650f77,photo,Installer rolling gray base coat indoors,GatorGuard installer in respirator rolling light gray coating onto a concrete floor during installation,not_visible,unknown,,,,"light gray wet coating being rolled on, still in progress",crew_working,,,,4,False,installers; installer; crew; rolling; base coat; gray coating; in progress; respirator; concrete floor; interior,Installer Photos with People/IMG_0446.HEIC,m/1f5a0b650f77.jpg
41a1c9c124d7,photo,Installer rolling gray coating in garage,Installer in a respirator rolls gray coating onto a garage floor during application.,garage,unknown,,,,"wet gray coating being rolled, no chips visible",crew_working,residential,,,4,False,installers; installer; crew working; respirator; roller; garage; in progress; gray coating; workbench; floor application,Installer Photos with People/IMG_0447.HEIC,m/41a1c9c124d7.jpg
204e95370d65,photo,Installer rolling gray base coat in garage,"Installer in respirator rolling light gray coating onto a garage floor with a large roller, in progress floor coating",garage,unknown,,,,"wet light gray coating being rolled, no chips visible yet",in_progress,residential,,,4,False,installers; installer; rolling; in progress; garage; gray coating; roller; respirator; crew; base coat,Installer Photos with People/IMG_0448.HEIC,m/204e95370d65.jpg
60cfcdf93bd4,photo,Installer grinding garage floor during prep,Installer kneeling on a garage floor during grinding prep with a large floor grinder in the foreground,garage,bare_concrete,,,,,in_progress,residential,,,4,False,installers; garage; floor prep; grinding; concrete grinder; installer; in progress; dust; bare concrete; ladder,Installer Photos with People/IMG_0449.JPG,m/60cfcdf93bd4.jpg
fdb6feba49cd,photo,Two installers in garage with gray flake floor,Two GatorGuard installers standing in a residential garage with a gray full flake garage floor coating,garage,full_flake,,,,"light gray base with white, gray and black chips, small to medium size",team_or_portrait,residential,,,4,True,installers; crew; garage; full flake; gray chips; finished floor; residential; team photo,Installer Photos with People/IMG_0460.JPG,m/fdb6feba49cd.jpg
604adea9efcf,photo,Installers moving storage cabinet in flake floor garage,Two installers position a rolling storage cabinet in a garage with a gray full flake epoxy floor and white refrigerator,garage,full_flake,,,,"light gray base with white, gray and black chips, small to medium size",finished,residential,,,3,False,installers; garage; full flake; gray flake floor; crew working; storage cabinets; refrigerator; finished floor; residential garage,Installer Photos with People/IMG_0506.JPG,m/604adea9efcf.jpg
58f63d893742,photo,Installer rolling clear coat over gray flake garage floor,GatorGuard installer in respirator rolling clear topcoat over a gray full flake garage floor coating,garage,full_flake,,,,"gray, white and black chips, medium size",in_progress,residential,,,4,False,installers; installer; crew working; rolling topcoat; clear coat; full flake; gray chips; garage; ladder; respirator; in progress,Installer Photos with People/IMG_0892.JPG,m/58f63d893742.jpg
f18b097f6782,photo,Installer clear coating gray flake garage floor,GatorGuard installer in respirator applying clear coat over a gray full flake garage floor with a squeegee,garage,full_flake,,,,"gray, white and black chips, small to medium size",crew_working,residential,,,4,True,installers; installer; crew working; clear coat; full flake; gray chips; garage floor; respirator; squeegee; in progress; gatorguard shirt,Installer Photos with People/IMG_0893.JPG,m/f18b097f6782.jpg
f0853acb6458,photo,Installer rolling clear coat over flake floor,Installer in respirator rolling topcoat over a gray flake garage floor coating in progress,garage,full_flake,,,,"gray, white and black chips, small to medium size",crew_working,residential,,,3,False,installers; installer; crew working; rolling topcoat; respirator; garage; gray flake; epoxy floor; in progress; clear coat; gatorguard shirt,Installer Photos with People/IMG_0894.JPG,m/f0853acb6458.jpg
327018f8c0e8,photo,Crew members joking around during garage floor prep,"Three installers carrying a coworker across a bare concrete garage floor during prep, with a grinder and vacuum nearby",garage,bare_concrete,,,,,crew_working,residential,,,3,False,installers; crew; garage; floor prep; grinder; vacuum; bare concrete; brick walls; cabinets; having fun,Installer Photos with People/IMG_1550.JPG,m/327018f8c0e8.jpg
e6aecc7b1c3c,photo,Crew grinding garage floor before coating,Two installers running a concrete grinder on a bare garage floor with brick walls and cabinets,garage,bare_concrete,,,,,crew_working,residential,,,3,False,installers; grinding; concrete grinder; in progress; garage; bare concrete; brick walls; dust vacuum; prep work,Installer Photos with People/IMG_1551.JPG,m/e6aecc7b1c3c.jpg
ba7ef5e01b2e,photo,Crew grinding garage floor before coating,Three crew members running a concrete grinder on a bare garage floor with brick walls during floor coating prep,garage,bare_concrete,,,,,in_progress,residential,,,3,False,installers; garage; grinding; surface prep; crew working; bare concrete; in progress; brick walls; grinder; dust hose,Installer Photos with People/IMG_1552.JPG,m/ba7ef5e01b2e.jpg
f34dd3710a01,photo,Two installers inside GatorGuard work trailer,Two GatorGuard Concrete Coatings installers in branded shirts standing inside a work trailer with buckets and equipment,not_visible,not_applicable,,,,,team_or_portrait,,Indianapolis,2025-05-07,4,False,installers; crew; team photo; work trailer; gatorguard shirts; buckets; equipment; branded apparel,Installer Photos with People/IMG_5925 2.HEIC,m/f34dd3710a01.jpg
9cea7670d53e,photo,Two installers posing inside work truck,Two GatorGuard installers in branded shirts posing inside a work truck loaded with buckets and coating equipment,not_visible,not_applicable,,,,,team_or_portrait,,Indianapolis,2025-05-07,4,False,installers; crew; work truck; gatorguard shirts; buckets; equipment; gloves; team photo,Installer Photos with People/IMG_5926 2.HEIC,m/9cea7670d53e.jpg
e0a2252acac3,photo,Two installers posing inside work trailer,"Two GatorGuard installers in branded shirts posing inside a work trailer with buckets, ladders and coating supplies",not_visible,not_applicable,,,,,team_or_portrait,,Indianapolis,2025-05-07,4,False,installers; crew; work trailer; gatorguard shirts; equipment; buckets; ladders; team photo,Installer Photos with People/IMG_5927 2.HEIC,m/e0a2252acac3.jpg
94494d94bc44,photo,Crew mixing coating materials inside work trailer,Two installers prepping buckets and coating supplies inside a work trailer during a floor coating job,not_visible,not_applicable,,,,,in_progress,,Indianapolis,2025-05-07,3,False,installers; crew; work trailer; mixing materials; buckets; equipment; prep work; in progress,Installer Photos with People/IMG_5928 2.HEIC,m/94494d94bc44.jpg
7feaef74340f,photo,Two installers mixing materials inside work trailer,Two GatorGuard installers mixing coating materials among buckets and supplies inside a work trailer,not_visible,not_applicable,,,,,crew_working,,Indianapolis,2025-05-07,3,False,installers; crew; work trailer; mixing; buckets; supplies; behind the scenes; prep,Installer Photos with People/IMG_5929 2.HEIC,m/7feaef74340f.jpg
362b579bfc70,photo,Installer with sprayer inside work trailer,"Installer holding a pump sprayer inside a work trailer with buckets, tools and coating supplies.",not_visible,not_applicable,,,,,crew_working,,Indianapolis,2025-05-07,3,False,installers; installer; crew; work trailer; sprayer; buckets; tools; equipment; supplies; prep,Installer Photos with People/IMG_5930 2.HEIC,m/362b579bfc70.jpg
73704a00818f,photo,Installer mixing coating inside work trailer,Installer in gray shirt pouring coating product into a mixing cup inside a work trailer with buckets and tools,not_visible,not_applicable,,,,,crew_working,,Indianapolis,2025-05-07,3,False,installers; installer; crew working; mixing epoxy; work trailer; buckets; tools; in progress; coating prep,Installer Photos with People/IMG_5931 2.HEIC,m/73704a00818f.jpg
a585b3f49c67,photo,Installer mixing coating inside work trailer,Installer in gray shirt pouring coating from a jug into a cup inside a work trailer with buckets and supplies,not_visible,not_applicable,,,,,crew_working,,Indianapolis,2025-05-07,3,False,installers; installer; mixing coating; work trailer; buckets; in progress; crew; supplies; epoxy prep,Installer Photos with People/IMG_5932 2.HEIC,m/a585b3f49c67.jpg
19667db2f303,photo,Two installers prepping equipment inside work trailer,Two GatorGuard installers organizing coating supplies and a generator inside a work trailer,not_visible,not_applicable,,,,,crew_working,,Indianapolis,2025-05-07,3,False,installers; crew; work trailer; equipment; generator; supplies; prep; GatorGuard shirts,Installer Photos with People/IMG_5933 2.HEIC,m/19667db2f303.jpg
74ea9848b8d1,photo,Two installers inside GatorGuard work trailer,"Two GatorGuard installers standing inside a work trailer with buckets, tools and coating supplies",not_visible,not_applicable,,,,,team_or_portrait,,Indianapolis,2025-05-07,4,False,installers; crew; work trailer; buckets; tools; supplies; gatorguard shirts; behind the scenes,Installer Photos with People/IMG_5934 2.HEIC,m/74ea9848b8d1.jpg
357cd50ab6c1,photo,Two installers inside GatorGuard work trailer,"Two GatorGuard installers in branded shirts standing inside a work trailer with buckets, tools and coating supplies",not_visible,not_applicable,,,,,team_or_portrait,,Indianapolis,2025-05-07,4,False,installers; crew; work trailer; buckets; tools; coating supplies; branded shirts; equipment,Installer Photos with People/IMG_5935 2.HEIC,m/357cd50ab6c1.jpg
8a21d557777b,photo,Two installers giving thumbs up in work trailer,"Two GatorGuard installers give thumbs up inside a work trailer stocked with buckets, tools and coating supplies",not_visible,not_applicable,,,,,team_or_portrait,,Indianapolis,2025-05-07,4,False,installers; crew; thumbs up; work trailer; tools; buckets; gatorguard shirts; job supplies; team,Installer Photos with People/IMG_5936 2.HEIC,m/8a21d557777b.jpg
cc15c9f3ffd3,photo,Installer pouring tan base coat on patio,GatorGuard installer pouring tan coating onto an exterior concrete patio beside a house,patio_or_porch,unknown,,,,"tan liquid coating being poured, no chips visible yet",in_progress,residential,Indianapolis,2025-05-07,3,False,installers; installer; crew working; patio; pouring coating; base coat; in progress; exterior concrete; bucket; house exterior,Installer Photos with People/IMG_5937 2.HEIC,m/cc15c9f3ffd3.jpg
538289e65a7a,photo,Installer pouring tan coating on backyard patio,Installer pouring tan base coat onto a concrete patio outside a white-sided home during floor coating installation,patio_or_porch,unknown,,,,,in_progress,residential,Indianapolis,2025-05-07,3,False,installers; installer; crew working; patio; pouring coating; base coat; in progress; residential; exterior; concrete patio,Installer Photos with People/IMG_5938 2.HEIC,m/538289e65a7a.jpg
73192f2d0e48,photo,Installer pouring base coat on back patio,"Installer pouring tan base coating on a concrete patio beside a house with white siding, during floor coating install",patio_or_porch,unknown,,,,,crew_working,residential,Indianapolis,2025-05-07,4,False,installers; installer; pouring coating; base coat; patio; in progress; residential; concrete prep; crew; exterior,Installer Photos with People/IMG_5939 2.HEIC,m/73192f2d0e48.jpg
05de39eb8bfb,photo,Installer spreading yellow coating on worn patio,Installer spreading yellow-tinted coating over a worn concrete patio beside a house with siding and a wood deck,patio_or_porch,unknown,,,,,crew_working,residential,Indianapolis,2025-05-07,3,False,installers; installer; crew working; patio; coating application; yellow base coat; worn concrete; squeegee; exterior; in progress,Installer Photos with People/IMG_5940 2.HEIC,m/05de39eb8bfb.jpg
595e2fbeeea0,photo,Installer spreading tan coating on patio concrete,"Installer squeegeeing tan coating over worn concrete patio beside house siding, coating in progress",patio_or_porch,unknown,,,,,in_progress,residential,Indianapolis,2025-05-07,3,False,installers; installer; crew working; in progress; patio; squeegee; tan coating; concrete prep; exterior; house siding,Installer Photos with People/IMG_5941 2.HEIC,m/595e2fbeeea0.jpg
3539289438a3,photo,Installer prepping concrete patio beside house,"Installer using a long handled scraper to prep a concrete patio next to a light gray house, coating work in progress",patio_or_porch,bare_concrete,,,,,crew_working,residential,Indianapolis,2025-05-07,3,False,installers; installer; crew working; concrete prep; grinding; patio; residential; in progress; yellow tape; house siding; bare concrete,Installer Photos with People/IMG_5942 2.HEIC,m/3539289438a3.jpg
d9245bc1cc50,photo,Installer prepping backyard patio floor,"Installer grinding and cleaning a concrete patio beside a house, preparing for floor coating",patio_or_porch,bare_concrete,,,,,in_progress,residential,Indianapolis,2025-05-07,4,False,installers; installer; patio; in progress; surface prep; grinding; exterior concrete; wet concrete; crew working,Installer Photos with People/IMG_5943 2.HEIC,m/d9245bc1cc50.jpg
f890694045cb,photo,Installer spreading base coat on exterior concrete,GatorGuard installer spreading tan base coat over worn exterior concrete slab during coating installation,patio_or_porch,unknown,,,,tan yellow base coat being spread over worn concrete,in_progress,residential,Indianapolis,2025-05-07,3,False,installers; installer; crew working; in progress; base coat; squeegee; exterior concrete; patio; bucket; residential,Installer Photos with People/IMG_5944 2.HEIC,m/f890694045cb.jpg
d8c313655e04,photo,Installer spreading base coat on outdoor concrete,"GatorGuard installer squeegeeing a tan base coat over outdoor concrete beside a house, coating in progress",patio_or_porch,unknown,,,,,crew_working,residential,Indianapolis,2025-05-07,4,False,installers; installer; crew working; base coat; squeegee; outdoor concrete; in progress; gatorguard shirt; residential,Installer Photos with People/IMG_5945 2.HEIC,m/d8c313655e04.jpg
730a9f3fe14e,photo,Two GatorGuard installers at open garage,Two GatorGuard Concrete Coatings installers standing by an open garage with a driveway and yard behind them,driveway_or_walkway,not_applicable,,,,,team_or_portrait,residential,Indianapolis,2025-05-07,4,False,installers; crew; gatorguard shirts; garage; driveway; residential; team photo; work day,Installer Photos with People/IMG_5946 2.HEIC,m/730a9f3fe14e.jpg
7f4ea2da4fc9,photo,Installer prepping exterior concrete slab by truck,"GatorGuard installer kneeling while prepping an exterior concrete slab, with grinder and branded box truck at a house",driveway_or_walkway,unknown,,,,,crew_working,residential,Indianapolis,2025-05-07,4,False,installers; installer; crew working; surface prep; grinder; box truck; gator logo; exterior concrete; residential; in progress,Installer Photos with People/IMG_5947 2.HEIC,m/7f4ea2da4fc9.jpg
3f9816283e0e,photo,Installer with grinder and vacuum outside garage,GatorGuard installer standing with a concrete grinder and green vacuum outside a residential garage during floor prep,driveway_or_walkway,not_applicable,,,,,crew_working,residential,Indianapolis,2025-05-07,4,False,installers; installer; crew; grinder; vacuum; dust extractor; garage; prep work; driveway; gatorguard shirt,Installer Photos with People/IMG_5948 2.HEIC,m/3f9816283e0e.jpg
5aecdad42931,photo,Crew prepping garage with vacuum equipment,"Two GatorGuard crew members prepping a residential garage with green vacuum equipment and hoses, one giving a thumbs up.",garage,unknown,,,,,crew_working,residential,Indianapolis,2025-05-07,4,False,installers; crew; garage; prep work; vacuum equipment; grinding; thumbs up; residential; in progress; gatorguard branding,Installer Photos with People/IMG_5949 2.HEIC,m/5aecdad42931.jpg
ef035abd92ee,photo,Crew member with vacuum at residential garage job,GatorGuard crew member giving thumbs up beside green vacuum equipment at a residential garage,garage,not_applicable,,,,,crew_working,residential,Indianapolis,2025-05-07,4,False,installers; crew; installer; vacuum; dust collection; garage; in progress; thumbs up; equipment; residential; branding,Installer Photos with People/IMG_5950 2.HEIC,m/ef035abd92ee.jpg
d75eae791e10,photo,Crew prepping residential garage floor with vacuums,Two GatorGuard crew members with green vacuum equipment prepping a residential garage floor before coating,garage,not_applicable,,,,,in_progress,residential,Indianapolis,2025-05-07,4,False,installers; crew; garage; prep work; grinding; vacuum equipment; residential; in progress,Installer Photos with People/IMG_5951 2.HEIC,m/d75eae791e10.jpg
76e04bc789d4,photo,Installer spreading yellow base coat on patio,"GatorGuard installer spreading yellow coating on a concrete patio beside a house with a wood deck, coating in progress",patio_or_porch,unknown,,,,,crew_working,residential,Indianapolis,2025-05-07,4,False,installers; installer; crew working; in progress; patio; base coat; yellow coating; squeegee; concrete patio; deck; residential,Installer Photos with People/IMG_5952 2.HEIC,m/76e04bc789d4.jpg
917297c3ea91,photo,Installer spreading coating on backyard patio slab,Installer spreading yellow-tinted coating over a concrete patio beside a house and wooden deck,patio_or_porch,unknown,,,,,crew_working,residential,Indianapolis,2025-05-07,3,False,installers; installer; crew working; patio; coating application; exterior concrete; squeegee; in progress; deck,Installer Photos with People/IMG_5953 2.HEIC,m/917297c3ea91.jpg
c68df61337e8,photo,Installer spreading yellow base coat on patio,Installer spreading yellow coating on an exterior concrete patio beside a house and deck,patio_or_porch,unknown,,,,,crew_working,residential,Indianapolis,2025-05-07,3,False,installers; installer; crew working; applying coating; yellow base coat; patio; exterior concrete; squeegee; in progress; residential,Installer Photos with People/IMG_5954 2.HEIC,m/c68df61337e8.jpg
92c799258afe,photo,Installer spreading coating on outdoor concrete patio,GatorGuard installer spreading yellow coating with a trowel on an outdoor concrete patio beside a house,patio_or_porch,unknown,,,,,crew_working,residential,Indianapolis,2025-05-07,4,False,installers; installer; crew working; in progress; patio; concrete prep; coating application; magic trowel; gatorguard shirt; outdoor concrete,Installer Photos with People/IMG_5955 2.HEIC,m/92c799258afe.jpg
3a4ef7bc286c,photo,Installer spreading yellow coating on back patio,GatorGuard installer spreading yellow coating over a residential back patio next to a wood deck,patio_or_porch,unknown,,,,,in_progress,residential,Indianapolis,2025-05-07,3,False,installers; installer; crew working; patio; coating application; squeegee; yellow coating; residential; in progress; deck,Installer Photos with People/IMG_5956 2.HEIC,m/3a4ef7bc286c.jpg
dfacfbba9f2a,photo,Installer squeegeeing coating on outdoor concrete patio,Installer spreading yellow-tinted coating with a squeegee on an outdoor concrete patio beside a deck,patio_or_porch,unknown,,,,,in_progress,residential,Indianapolis,2025-05-07,4,False,installers; installer; in progress; squeegee; patio; outdoor concrete; coating application; crew; spiked sandals; deck,Installer Photos with People/IMG_5957 2.HEIC,m/dfacfbba9f2a.jpg
ca7ff8ce48b3,photo,Installer squeegeeing yellow base coat on patio,Installer spreading yellow coating with a squeegee on an outdoor concrete patio next to brick pavers,patio_or_porch,unknown,,,,,in_progress,residential,Indianapolis,2025-05-07,3,False,installers; installer; squeegee; coating application; yellow base coat; patio; in progress; concrete; pavers; outdoor work,Installer Photos with People/IMG_5958 2.HEIC,m/ca7ff8ce48b3.jpg
33e1ace99abb,photo,Installer squeegeeing yellow base coat on patio,"GatorGuard installer squeegeeing a yellow base coat over exterior concrete beside a house, coating in progress",patio_or_porch,unknown,,,,,in_progress,residential,Indianapolis,2025-05-07,4,False,installers; installer; crew working; squeegee; base coat; patio; exterior concrete; in progress; yellow coating; prep,Installer Photos with People/IMG_5959 2.HEIC,m/33e1ace99abb.jpg
1e1ca6ad18d5,photo,Gray full flake floor meeting wood plank tile,Gray full flake garage-style floor ending at wood look plank tile near a white wall base in an interior room,interior_room,full_flake,,,,"gray, white and black chips, small size",finished,residential,,,4,True,full flake; gray chips; interior; floor transition; wood look tile; white baseboard; finished floor; black and white chips,Interiors (Full Broadcast)/134637581_791586008376209_540637241883675007_n.jpg,m/1e1ca6ad18d5.jpg
944bedfe859a,photo,Bedroom with gray full flake floor,"Bedroom with gray full flake floor, view into bathroom and closet, full flake interior floor coating",interior_room,full_flake,,,,"gray, white and black chips, small to medium size",finished,residential,,,4,True,full flake; interior floor; bedroom; gray chips; gray white black chips; glossy floor; bathroom doorway; closet; finished floor; residential,Interiors (Full Broadcast)/38B0165D-AF23-4669-92F7-26C661E89F78.JPG,m/944bedfe859a.jpg
9c08d80dcbcc,photo,Basement room with tan full flake floor,Finished interior basement room with glossy tan and brown full flake floor coating and stairs,interior_room,full_flake,,,,"warm tan and brown chips with dark brown and black accents, small to medium size",finished,residential,,,4,True,basement; full flake; tan chips; brown chips; glossy; interior; stairs; finished floor,Interiors (Full Broadcast)/584628BE-C7F7-4E90-809F-1E1FB3BF037A.JPG,m/9c08d80dcbcc.jpg
8787d64aaf0c,photo,Basement hallway with tan full flake floor,"Finished interior floor with tan, brown and black full flake coating beside a carpeted staircase and utility closet",interior_room,full_flake,,,,"tan, brown and black chips, small to medium size, warm tone",finished,residential,,,3,False,full flake; interior floor; basement; tan chips; brown chips; staircase; finished floor; residential; hallway,Interiors (Full Broadcast)/72810703-21DA-4B1C-828A-3F852569676E.JPG,m/8787d64aaf0c.jpg
87079644c3aa,photo,Interior room with brown full flake floor,"Finished interior room floor with tan and brown full flake coating, full flake interior floor coating",interior_room,full_flake,,,,"tan, brown and black chips, small to medium size",finished,residential,,,3,False,interior; full flake; tan chips; brown chips; glossy; residential; finished floor; empty room,Interiors (Full Broadcast)/78990CFE-1104-459F-A553-A84407AA13F4.JPG,m/87079644c3aa.jpg
d771b3892a54,photo,Small bedroom with dark gray full flake floor,"Small interior room with dark gray full flake floor coating, white trim and open door",interior_room,full_flake,,,,"small gray, white and black chips on a dark gray base",finished,residential,,,4,True,interior room; bedroom; full flake; dark gray floor; gray white black chips; white trim; finished floor; residential,Interiors (Full Broadcast)/7DD63347-E4F0-47A4-B441-3AC05B377364.JPG,m/d771b3892a54.jpg
759d1440c2c3,photo,Interior room with tan full flake floor,"Finished interior room with tan and brown full flake floor coating, white paneled door and dark brown walls",interior_room,full_flake,,,,"tan, brown and black chips, small to medium size, warm lighting",finished,residential,,,3,False,full flake; interior room; tan chips; brown chips; finished floor; basement style; residential; warm lighting,Interiors (Full Broadcast)/ACC01965-222C-4688-B651-E31B663FBDFE.JPG,m/759d1440c2c3.jpg
3023e4351719,photo,Bathroom vanity with gray full flake floor,"Bathroom with white vanity cabinets and a gray full flake floor coating with small gray, white and black chips",interior_room,full_flake,,,,"gray, white and black chips, small size",finished,residential,,,4,True,bathroom; full flake; gray chips; vanity; cabinets; interior floor; finished floor; small chips,Interiors (Full Broadcast)/B1807AE1-C4DC-4993-96F6-333F31330AC3.JPG,m/3023e4351719.jpg
72e133154bb5,photo,Bathroom with tan full flake floor,"Small bathroom with red walls, white toilet and a tan full flake garage style floor coating",interior_room,full_flake,,,,"tan base with brown, black and white chips, fine to medium size",finished,residential,,,4,True,bathroom; interior; full flake; tan chips; brown chips; toilet; red walls; finished floor; flake floor coating,Interiors (Full Broadcast)/B35AC4A0-8289-494D-B9AC-83A39230C70C.JPG,m/72e133154bb5.jpg
bed8d53faaaf,photo,Tiled shower with gray full flake floor,"Walk-in tile shower with gray full flake coated floor continuing into the bathroom, full flake shower floor coating",interior_room,full_flake,,,,"light gray base with white, gray and black chips, small to medium size",finished,residential,,,4,True,shower; bathroom; full flake; gray chips; tile walls; glass shower door; interior; finished floor; gray floor,Interiors (Full Broadcast)/E750D0BE-A06C-42EA-8226-508699B3C0F9.JPG,m/bed8d53faaaf.jpg
bffa44891730,photo,Interior room with tan full flake floor,"Finished interior room with a tan and brown full flake floor coating, posters and ceiling fan",interior_room,full_flake,,,,"tan, brown and black chips, medium size, warm under room lighting",finished,residential,,,4,True,interior room; full flake; tan chips; brown chips; finished floor; home theater; ceiling fan; glossy finish; basement style room,Interiors (Full Broadcast)/ED27A358-4E9B-4ECD-9E56-C291E130115A.JPG,m/bffa44891730.jpg
a465252af5e9,photo,Basement room with dark full flake floor and brick fireplace,"Finished basement room with a dark full flake floor coating, painted brick fireplace and glass block window",interior_room,full_flake,,,,dark charcoal to black base with small white and gray chips,finished,residential,,,4,True,basement; full flake; dark floor; black chips; gray chips; brick fireplace; glass block window; finished floor; interior,Interiors (Full Broadcast)/IMG_0268 2.JPG,m/a465252af5e9.jpg
4057b787d9a4,photo,Gray full flake floor in interior hallway,"Glossy gray full flake floor in a residential hallway with doors and a support post, full flake garage floor coating",interior_room,full_flake,,,,"gray base with gray, white and black chips, small to medium size",finished,residential,,,4,True,full flake; interior floor; gray chips; glossy finish; hallway; residential; white trim; finished floor,Interiors (Full Broadcast)/IMG_0270 2.JPG; Interiors (Full Broadcast)/IMG_0770 2.JPG,m/4057b787d9a4.jpg
2a108f7fb2b8,photo,Interior room with gray full flake floor,Glossy gray full flake coated floor in a finished interior room with white trim and support post,interior_room,full_flake,,,,"gray, white and black chips, small to medium size",finished,residential,,2022-02-21,4,True,full flake; interior floor; gray chips; glossy finish; basement room; support post; white trim; finished floor,Interiors (Full Broadcast)/IMG_0270.JPG,m/2a108f7fb2b8.jpg
cd9e61324b01,photo,Interior room with dark gray full flake floor,"Interior room with a glossy dark gray full flake floor coating, window and open door to yard",interior_room,full_flake,,,,"dark gray base with black, gray and white chips, medium size",finished,residential,,2022-02-21,4,True,full flake; interior floor; dark gray flakes; black gray white chips; glossy finish; window; residential; finished floor,Interiors (Full Broadcast)/IMG_0277.JPG,m/cd9e61324b01.jpg
f7474be91346,photo,Interior room with gray full flake floor,Gray full flake floor coating in an interior room with white cabinets and support pole,interior_room,full_flake,,,,"light gray chips with white and black chips, small to medium size",finished,residential,,,4,True,full flake; gray floor; interior; cabinets; gray white black chips; basement or utility room; glossy finish; finished floor,Interiors (Full Broadcast)/IMG_0771.JPG,m/f7474be91346.jpg
a16954cf4a50,photo,Low angle of tan full flake interior floor,"Low angle view of a glossy tan, brown and black full flake floor in a white interior room, full flake floor coating",interior_room,full_flake,,,,"tan base with brown, black and white chips, small to medium size",close_up,residential,,,4,True,full flake; interior floor; tan chips; brown chips; black chips; glossy; low angle; white baseboards; close up; finished floor,Interiors (Full Broadcast)/IMG_0782 2.JPG,m/a16954cf4a50.jpg
2dc93527a981,photo,Interior room with tan full flake floor,"Interior room with tan, brown and black full flake floor, wood paneled walls and brick fireplace",interior_room,full_flake,,,,"tan, brown, black and white chips, small to medium size",finished,residential,,,3,False,interior; full flake; tan chips; brown chips; wood paneling; brick fireplace; finished floor; basement room,Interiors (Full Broadcast)/IMG_0784 2.JPG,m/2dc93527a981.jpg
e9d030c09fa1,photo,Interior room with tan full flake floor,"Finished full flake floor with tan, brown and black chips in a wood paneled interior room",interior_room,full_flake,,,,"tan, brown and black chips, small to medium size",finished,residential,,,3,False,full flake; interior room; wood panel walls; tan chips; brown chips; finished floor; residential,Interiors (Full Broadcast)/IMG_0785.JPG,m/e9d030c09fa1.jpg
9f3e55cf4d42,photo,Interior room with dark full flake floor,"Dark full flake floor with black, white and tan chips in an interior room with brick columns, glossy clear coat",interior_room,full_flake,,,,"dark base with black, white, gray and tan chips, small to medium size, glossy wet clear coat",finished,residential,,,3,False,full flake; interior floor; dark chips; black chips; tan chips; glossy; brick columns; finished floor,Interiors (Full Broadcast)/IMG_0990.JPG,m/9f3e55cf4d42.jpg
3842293721d9,photo,Interior room with dark full flake floor,"Finished full flake garage or interior floor with dark brown, black and tan chips beside a white stone wall",interior_room,full_flake,,,,"black, brown, tan and white chips, small to medium size, dark overall look",finished,residential,,,4,True,full flake; interior floor; dark chips; black and brown chips; stone wall; glossy finish; basement; terrazzo look; full broadcast,Interiors (Full Broadcast)/IMG_0991.JPG,m/3842293721d9.jpg
48fcd42eb2cd,photo,Sunroom with brown full flake floor under renovation,"New full flake floor in tan, brown and rust chips inside an unfinished room with drywall and windows, full flake floor coating",interior_room,full_flake,,,,"tan, brown and black chips with scattered rust red chips, small to medium size",finished,residential,,,4,True,full flake; interior room; sunroom; tan chips; brown chips; rust red chips; unfinished drywall; french doors; finished floor; sunlight,Interiors (Full Broadcast)/IMG_1023 2.JPG; Interiors (Full Broadcast)/IMG_1023.JPG,m/48fcd42eb2cd.jpg
2957177abc7d,photo,Interior room with tan full flake floor,"Interior room with glossy tan full flake epoxy floor, wood doors and trim, full flake floor coating",interior_room,full_flake,,,,"tan base with brown and black chips, small to medium size",finished,residential,,,4,True,full flake; interior floor; tan chips; brown chips; glossy finish; residential; bedroom; finished floor; epoxy flake,Interiors (Full Broadcast)/IMG_1872.JPG,m/2957177abc7d.jpg
91e5fed80296,photo,Basement room with tan full flake floor,Empty interior room with glossy tan full flake floor coating and wood baseboards,interior_room,full_flake,,,,"tan base with small brown, black and cream chips",finished,residential,,,4,True,full flake; interior room; basement; tan chips; brown chips; glossy finish; wood baseboards; finished floor,Interiors (Full Broadcast)/IMG_1873.JPG,m/91e5fed80296.jpg
6beb51deacaa,photo,Interior room with tan full flake floor,Finished interior room with light tan full flake floor coating and wood baseboards,interior_room,full_flake,,,,"light tan and cream chips with black specks, small to medium size",finished,residential,,,3,False,full flake; interior room; tan chips; cream chips; black specks; finished floor; baseboards; residential,Interiors (Full Broadcast)/IMG_1874.JPG,m/6beb51deacaa.jpg
127e727ed2cc,photo,Interior room with brown full flake floor and spiral staircase,Finished basement room with brown full flake floor coating and a curved wooden spiral staircase in sunlight,interior_room,full_flake,,,,"brown, tan and dark chips, small to medium size",finished,residential,,2022-04-18,4,True,interior; full flake; brown chips; tan chips; spiral staircase; basement; wood paneling; finished floor; sunlight,Interiors (Full Broadcast)/IMG_1877.JPG,m/127e727ed2cc.jpg
662dbe47efd1,photo,Unfinished room with brown rust full flake floor,"New full flake floor with brown, tan and rust red chips in a room with unfinished drywall; full flake interior floor coating",interior_room,full_flake,,,,"brown, tan, black and rust red chips, medium size",finished,residential,,,4,True,full flake; interior room; brown chips; rust red chips; tan chips; unfinished drywall; glossy floor; new construction; sunroom,Interiors (Full Broadcast)/IMG_2176.JPG,m/662dbe47efd1.jpg
56c52604885d,photo,Home theater room with brown full flake floor,"Home theater room with glossy brown full flake floor, bookshelves and projection screen, full flake floor coating",interior_room,full_flake,,,,"warm brown base with tan, brown and black chips, small to medium size",finished,residential,,,4,True,full flake; interior; home theater; basement; brown chips; tan chips; glossy floor; bookshelves; projection screen; finished floor,Interiors (Full Broadcast)/IMG_2279.jpg,m/56c52604885d.jpg
057198394c01,photo,Interior room with light full flake floor,Finished full flake floor with cream and tan chips in an interior room with a window and removed baseboards,interior_room,full_flake,,,,"cream and light tan chips with fine black specks, small size",finished,residential,,,4,True,full flake; interior room; cream floor; tan chips; black specks; glossy finish; window; finished floor; residential,Interiors (Full Broadcast)/IMG_2331.JPG,m/057198394c01.jpg
8148ff895280,photo,Empty commercial room with tan full flake floor,"Empty commercial room with glossy tan full flake floor coating, brick accent wall and front window",interior_room,full_flake,,,,"tan and beige chips with small black and brown specks, fine to medium size",finished,commercial,,,4,True,full flake; interior room; commercial floor; tan chips; beige chips; glossy floor; brick wall; drop ceiling; finished floor,Interiors (Full Broadcast)/IMG_4272.jpeg,m/8148ff895280.jpg
66d269f5e19e,photo,Gray full flake floor in unfinished basement,Glossy gray full flake floor coating in a basement under renovation with exposed joists and support post,interior_room,full_flake,,,,"fine gray, white and black chips, small size",finished,residential,,,4,True,basement; full flake; gray chips; glossy floor; interior; renovation; exposed joists; support post; finished floor,Interiors (Full Broadcast)/IMG_4622.JPG,m/66d269f5e19e.jpg
1c1cdc2afd9e,photo,Interior room with gray full flake floor,"Finished interior room with gray full flake floor coating, floor drain, stairs and white walls",interior_room,full_flake,,,,"gray, white and black chips, small to medium size",finished,residential,,,4,True,full flake; interior room; gray floor; floor drain; stairs; finished floor; basement room; gray chips,Interiors (Full Broadcast)/IMG_4742.JPG,m/1c1cdc2afd9e.jpg
5e1021ca4170,photo,Dining room with gray full flake floor,"Finished interior room with glossy gray full flake floor coating, white baseboards and framed wall art",interior_room,full_flake,,,,"gray, white and black chips, medium size",finished,residential,,,4,True,full flake; interior room; gray chips; dining room; glossy finish; finished floor; white baseboards; framed art,Interiors (Full Broadcast)/IMG_4803.JPG,m/5e1021ca4170.jpg
cb1072d4a06d,photo,Interior room with gray full flake floor,Finished gray full flake floor coating in an empty interior room with light gray walls and white trim,interior_room,full_flake,,,,"gray, white and black chips, small to medium size",finished,residential,,,4,True,full flake; interior floor; gray chips; black and white chips; finished floor; residential; empty room; glossy finish,Interiors (Full Broadcast)/IMG_4804.JPG,m/cb1072d4a06d.jpg
533fc45ae82f,photo,Finished basement room with brown full flake floor,"Interior room with glossy brown full flake floor coating, sliding glass door and view of adjacent room",interior_room,full_flake,,,,"tan, brown and black chips, small to medium size, warm overall tone",finished,residential,,,4,True,full flake; interior room; basement; brown chips; tan chips; black chips; glossy floor; sliding door; finished floor,Interiors (Full Broadcast)/IMG_5058.JPG,m/533fc45ae82f.jpg
f4d6ec4faf29,photo,Closet floor with gray full flake coating,"Small closet with gray, white and black full flake floor coating and white wire shelving",interior_room,full_flake,,,,"gray, white and black chips, small to medium size",finished,residential,,,4,False,interior; closet; full flake; gray flakes; white baseboard; wire shelving; finished floor; residential,Interiors (Full Broadcast)/IMG_50BAB10C745F-1.jpeg,m/f4d6ec4faf29.jpg
b41ade0622ce,photo,Gray full flake floor meeting wood-look tile,Gray full flake floor coating with glossy finish meeting wood-look tile at a doorway in an interior room,interior_room,full_flake,,,,"fine gray, white and charcoal chips, small size",finished,residential,,,4,True,full flake; gray chips; interior room; tile transition; glossy floor; doorway; finished floor,Interiors (Full Broadcast)/IMG_5387.JPG,m/b41ade0622ce.jpg
be2286b2bf2b,photo,Bathroom with light gray full flake floor,Bathroom with tan tile walls and a light gray full flake floor coating with small black and gray chips,interior_room,full_flake,,,,white and light gray base with small black and gray chips,finished,residential,,,3,False,bathroom; interior; full flake; light gray floor; gray and black chips; tile walls; toilet; finished floor; small chips,Interiors (Full Broadcast)/IMG_5402.JPG,m/be2286b2bf2b.jpg
05bc48892ab8,photo,Interior room with glossy gray full flake floor,"Interior room with a glossy gray full flake floor, wet clear coat, view toward doors and hallway. full flake interior floor coating",interior_room,full_flake,,,,"gray base with black, white and gray chips, small to medium size",finished,residential,,,3,False,full flake; interior room; gray chips; black and white chips; glossy floor; wet look; clear coat; finished floor; hallway,Interiors (Full Broadcast)/IMG_5405.JPG,m/05bc48892ab8.jpg
ab53eb7fbd47,photo,Gray full flake floor in tiled restroom,Gray full flake floor coating in a tiled restroom with a toilet and grab bar,interior_room,full_flake,,,,"gray base with small black, white and gray chips",finished,commercial,,,4,True,full flake; restroom; commercial; gray floor; tile walls; glossy finish; small chips; interior; toilet; clean,Interiors (Full Broadcast)/IMG_5423.JPG,m/ab53eb7fbd47.jpg
69a3505b9ceb,photo,Interior room with tan full flake floor,"Finished interior room with glossy tan full flake floor coating, white baseboards and large wood-framed windows",interior_room,full_flake,,,,"tan base with brown and black chips, small to medium size",finished,residential,,,4,True,full flake; interior room; tan chips; brown chips; black chips; glossy floor; windows; baseboards; finished floor,Interiors (Full Broadcast)/IMG_6007.JPG,m/69a3505b9ceb.jpg
9ee16d481628,photo,Bathroom with tan full flake floor,"Bathroom with a tan, brown and black full flake floor coating around a white toilet and tiled walls",interior_room,full_flake,,,,"tan, brown and black chips, small to medium size",finished,residential,,,3,False,bathroom; full flake; tan chips; brown chips; interior floor; toilet; tiled walls; finished floor,Interiors (Full Broadcast)/IMG_6009.JPG,m/9ee16d481628.jpg
2afd2394029d,photo,Entry room with gray full flake floor,"Wood-paneled entry room with a gray, white and black full flake epoxy floor and step up to a second level.",interior_room,full_flake,,,,"gray, white and black chips, small to medium size",finished,residential,,,4,True,interior; full flake; gray chips; white chips; black chips; wood panel walls; entry room; finished floor; step up; glossy,Interiors (Full Broadcast)/IMG_6374.JPG,m/2afd2394029d.jpg
6abb5c3fc56e,photo,Gray full flake floor at interior doorway,"Gray, black and white full flake floor coating beside a white paneled door and trim in an interior room",interior_room,full_flake,,,,"gray, black and white chips, small size",finished,residential,,,4,True,full flake; interior room; gray chips; white door; doorway; baseboard; finished floor; gray floor coating,Interiors (Full Broadcast)/IMG_6811.HEIC,m/6abb5c3fc56e.jpg
f72c1c351e4a,photo,Interior room with gray full flake floor,"Gray full flake floor coating in an interior room with white column, trim and chalkboard accent wall",interior_room,full_flake,,,,"gray, white and black chips, small to medium size",finished,residential,,,4,True,full flake; interior floor; gray chips; white and black chips; white trim; support column; chalkboard wall; finished floor,Interiors (Full Broadcast)/IMG_6812.HEIC,m/f72c1c351e4a.jpg
780c7fd5e656,photo,Interior room with gray full flake floor,"Finished interior room with gray, white and black full flake floor coating, dark walls and white baseboards",interior_room,full_flake,,,,"gray, white and black chips, small size",finished,residential,,,4,True,full flake; interior room; gray chips; white chips; black chips; dark walls; white baseboards; finished floor,Interiors (Full Broadcast)/IMG_6813.HEIC,m/780c7fd5e656.jpg
54d690432dd9,photo,Basement game room with gray full flake floor,"Game room with bar, stools and poker table on a gray full flake garage style floor coating",interior_room,full_flake,,,,"light gray base with fine white, gray and black chips, small size",finished,residential,,,4,True,full flake; interior; game room; basement bar; gray chips; poker table; bar stools; red accents; finished floor,Interiors (Full Broadcast)/IMG_6814.HEIC,m/54d690432dd9.jpg
b5856302695e,photo,Bathroom with gray full flake floor,"Small bathroom with white vanity and toilet on a gray, white and black full flake floor coating",interior_room,full_flake,,,,"small white, gray and black chips, dense fine mix",finished,residential,,,4,True,bathroom; full flake; gray chips; white chips; black chips; vanity; toilet; interior floor; finished floor,Interiors (Full Broadcast)/IMG_6815.HEIC,m/b5856302695e.jpg
8d62be176873,photo,Bathroom with gray full flake floor,"Bathroom with gray, white and black full flake floor coating around a toilet and white vanity",interior_room,full_flake,,,,"gray, white and black chips, small size",finished,residential,,,4,True,bathroom; full flake; gray chips; white cabinets; toilet; floor drain; interior floor; finished floor,Interiors (Full Broadcast)/IMG_6816.HEIC,m/8d62be176873.jpg
699ee3357a13,photo,Interior room with gray full flake floor,Gray full flake floor coating in an interior room with black and white checkered bench seating,interior_room,full_flake,,,,"gray, white and black chips, small to medium size",finished,,,,4,True,full flake; interior floor; gray chips; black and white chips; checkered bench; finished floor; indoor coating; flake floor,Interiors (Full Broadcast)/IMG_6817.HEIC,m/699ee3357a13.jpg
7c133ccf74e2,photo,Interior room with gray full flake floor,"Finished interior room with light gray full flake floor coating, red retro fridge, marble counter and checkered bar stool",interior_room,full_flake,,,,"light gray base with white, gray and black chips, small to medium size",finished,residential,,,4,True,full flake; interior floor; gray chips; white chips; black chips; red refrigerator; bar stool; finished floor; retro kitchen; basement bar,Interiors (Full Broadcast)/IMG_6818.HEIC,m/7c133ccf74e2.jpg
66054511d1db,photo,Basement bar with gray full flake floor,"Finished basement bar with red fridge, checkerboard stools and gray full flake garage style floor coating",interior_room,full_flake,,,,"gray, white and black chips, small to medium size",finished,residential,,,4,True,full flake; basement bar; interior floor; gray chips; red fridge; checkerboard stools; kitchenette; finished floor; residential,Interiors (Full Broadcast)/IMG_6819.HEIC,m/66054511d1db.jpg
5f6457034b21,photo,Home bar with gray full flake floor,"Interior wet bar with island, checkered stools and a gray full flake floor coating",interior_room,full_flake,,,,"light gray base with white, gray and black chips, small to medium size",finished,residential,,,4,True,full flake; interior room; wet bar; gray chips; white chips; black chips; bar stools; red door; finished floor,Interiors (Full Broadcast)/IMG_6821.HEIC,m/5f6457034b21.jpg
ff4a572ef187,photo,Finished interior full flake floor with kitchenette,"Interior room with full flake floor in white, gray, black and red chips, with black cabinets and red chairs",interior_room,full_flake,,,,"small white, gray and black chips with scattered red and brown chips",finished,,,,4,True,full flake; interior; finished floor; gray white black chips; red accent chips; kitchenette; black cabinets; red chairs; basement finish; small chips,Interiors (Full Broadcast)/IMG_6822.HEIC,m/ff4a572ef187.jpg
9292b37ca727,photo,Home bar room with white and red flake floor,"Finished full flake floor with white, black and red chips in a home bar room with black stools and a red fridge",interior_room,full_flake,,,,"white and gray base with black chips and small red accents, medium size",finished,residential,,,4,True,full flake; home bar; interior floor; bar stools; red refrigerator; white gray chips; red chip accents; finished floor,Interiors (Full Broadcast)/IMG_6823.HEIC,m/9292b37ca727.jpg
b109c1b7e0e0,photo,Basement room with gray and red flake floor,"Finished interior room with full flake floor of gray, white, black and red chips, stairs in background, full flake floor coating",interior_room,full_flake,,,,"white, gray and black chips with scattered red accents, small size",finished,residential,,,4,True,full flake; basement; interior; gray chips; red accent chips; black chips; white chips; stairs; finished floor,Interiors (Full Broadcast)/IMG_6824.HEIC,m/b109c1b7e0e0.jpg
2fd105930cf9,photo,Interior hallway with gray and red flake floor,"Interior hallway with gray full flake floor with white, black and red chips near dark stairs, full flake floor coating",interior_room,full_flake,,,,"gray base with white, black and red chips, small to medium size",finished,residential,,,4,True,interior; hallway; full flake; gray chips; red chips; stairs; white trim; finished floor; residential,Interiors (Full Broadcast)/IMG_6825.HEIC,m/2fd105930cf9.jpg
94c5e6f08349,photo,Interior room with gray full flake floor,"Full flake floor with gray, white and red chips around a white column and door trim in an interior room",interior_room,full_flake,,,,"gray, white and black chips with scattered red accents, small to medium size",finished,residential,,,4,True,full flake; interior; gray chips; red accent chips; white trim; column; finished floor; residential,Interiors (Full Broadcast)/IMG_6826.HEIC,m/94c5e6f08349.jpg
def634ffc85d,photo,Interior room with gray full flake floor,"Finished interior room with gray full flake floor, black walls and white trim, full flake floor coating",interior_room,full_flake,,,,"light gray base with black, white and scattered red chips, small to medium size",finished,residential,,,4,True,full flake; interior room; gray floor; black walls; white trim; red chip accents; finished floor; basement room; flake flooring,Interiors (Full Broadcast)/IMG_6827.HEIC,m/def634ffc85d.jpg
a0b668c1d8e6,photo,Finished basement with gray and red flake floor,"Finished basement room with a gray, black, white and red full flake floor, white trim and dark stairs",interior_room,full_flake,,,,"white, black and gray chips with scattered red chips, small size",finished,residential,,,4,True,full flake; basement; interior; gray chips; red chips; white trim; stairs; finished floor; residential,Interiors (Full Broadcast)/IMG_6828.HEIC,m/a0b668c1d8e6.jpg
4916521394ff,photo,Wood paneled room with tan full flake floor,Interior room with wood plank walls and a tan full flake floor coating with small brown and black chips,interior_room,full_flake,,,,"light tan base with small tan, brown and black chips",finished,residential,,,3,False,full flake; interior room; wood panel walls; tan chips; brown chips; glossy finish; finished floor; residential,Interiors (Full Broadcast)/IMG_6892.JPG,m/4916521394ff.jpg
9fa79c1d2e07,photo,Wood paneled room with tan full flake floor,Wood paneled interior room with louvered closet doors and a tan full flake epoxy floor with fine brown and cream chips,interior_room,full_flake,,,,"tan base with small brown, black and cream chips, fine chip size",finished,residential,,,4,False,interior; full flake; tan flakes; brown chips; wood paneling; finished floor; closet doors; residential; fine chips,Interiors (Full Broadcast)/IMG_6893.JPG,m/9fa79c1d2e07.jpg
5ae4b2f5051c,photo,Laundry room with tan full flake floor,Laundry room with washer and dryer on a tan full flake epoxy floor coating,interior_room,full_flake,,,,"tan, brown and gray chips, small to medium size",finished,residential,,,3,False,laundry room; full flake; interior floor; tan chips; washer and dryer; epoxy floor; finished floor; flake flooring,Interiors (Full Broadcast)/IMG_6894.JPG,m/5ae4b2f5051c.jpg
c4d280e9705b,photo,Bathroom with tan full flake floor,Small bathroom with a tan full flake floor coating around a white tub and exposed plumbing pipes,interior_room,full_flake,,,,"tan base with brown, black and cream chips, medium size",finished,residential,,,3,False,full flake; bathroom; interior; tan chips; brown chips; bathtub; plumbing pipes; small room; finished floor,Interiors (Full Broadcast)/IMG_6897.JPG,m/c4d280e9705b.jpg
597b36ab1c08,photo,Gray full flake interior floor in two tones,Gray full flake interior floor coating with a darker gray section meeting a light gray section,interior_room,full_flake,,,,"fine gray, silver and white chips in dark and light gray sections",finished,,,,3,False,full flake; interior floor; gray chips; silver gray; two tone floor; speckled floor; fine flake,Interiors (Full Broadcast)/IMG_7779.JPG,m/597b36ab1c08.jpg
b8e5d95f5c9f,photo,Interior room with gray full flake floor,"Finished interior room with a glossy gray full flake floor, windows and patio door, full flake garage floor coating",interior_room,full_flake,,,,"gray, white and black chips with some tan and brown, small to medium size",finished,residential,,,4,True,full flake; interior room; gray chips; tan chips; glossy floor; windows; patio door; finished floor; residential,Interiors (Full Broadcast)/IMG_9AF353311B04-1.jpeg,m/b8e5d95f5c9f.jpg
789dd536c8a0,photo,Close up of gray flake garage floor edge,"Close up of a gray, white and black full flake garage floor coating at the concrete edge lip",garage,full_flake,,,,"gray, white and black chips, medium size",close_up,residential,,,4,True,edge lip; close up; full flake; garage floor; gray chips; black chips; white chips; coated concrete,Lips (Close Up)/1268B436-BB2E-499E-95F0-09C279D54557.JPG,m/789dd536c8a0.jpg
ae537cb91765,photo,Flake floor edge at garage door opening,"Close up of a gray full flake garage floor edge meeting broom finished concrete at the garage door, full flake garage floor coating",garage,full_flake,,,,"gray, black and white chips with scattered tan and orange flecks, small to medium size",close_up,residential,,,4,True,edge lip; garage; full flake; garage door threshold; gray chips; tan flecks; close up; broom finished concrete; glossy finish,Lips (Close Up)/165275607_840562493478560_5234024454774507597_n.jpg,m/ae537cb91765.jpg
3e2c8c4ff8c0,photo,Flake coated stem wall meets broomed concrete,Close up of a brown full flake coated stem wall edge lip meeting a broomed concrete driveway.,driveway_or_walkway,full_flake,,,,"dark brown base with black, brown and tan chips, small to medium size",close_up,residential,,,3,False,edge lip; close up; stem wall; full flake; brown chips; black chips; broomed concrete; driveway edge,Lips (Close Up)/273159868_640999707046657_9181850946379154838_n.jpg,m/3e2c8c4ff8c0.jpg
e03e8ae1ab99,photo,Coated edge lip meeting broomed concrete,"Close up of a gray flake coated floor edge lip against rough broomed concrete, full flake coating detail",not_visible,full_flake,,,,gray base with sparse small black and white chips,close_up,,,,4,False,edge lip; close up; flake coating; gray floor; black and white chips; concrete edge; coating detail; transition,Lips (Close Up)/530B3AE1-F575-44A6-A032-72B81142E8CD.JPG,m/e03e8ae1ab99.jpg
480aaaf2265f,photo,Close up of flake coating on step edge,"Close up of a gray, white and black full flake coating wrapping over a step edge, full flake floor coating",steps_or_stairs,full_flake,,,,"gray, white and black chips, medium size",close_up,,,,3,False,edge lip; close up; step edge; full flake; gray chips; black and white chips; stem wall; detail,Lips (Close Up)/800A3CCC-5A7E-46A0-AF68-8980F3D5042A.JPG,m/480aaaf2265f.jpg
893fa9c1ef31,photo,Garage edge lip where flake floor meets driveway,Close up of a garage door lip with a gray full flake coated floor inside and bare concrete driveway outside,garage,full_flake,,,,"gray, white and black chips, small to medium size",close_up,residential,,,3,False,edge lip; garage; garage threshold; full flake; gray chips; bare concrete; driveway; close up; wet edge,Lips (Close Up)/C6183BC9-84B7-4324-A784-1DF761F2D0FF.JPG,m/893fa9c1ef31.jpg
a528d3d82a7f,photo,Close up of flake coated edge and curb,"Close up of a full flake epoxy floor edge and concrete curb with gray, black and rust red chips",garage,full_flake,,,,"gray, white, black and rust red chips, small to medium size",close_up,,,,4,True,edge lip; close up; full flake; edge; curb; lip; gray chips; red chips; black chips; garage floor; coating detail,Lips (Close Up)/C990A5C3-5C32-4F28-AEF3-570CF653E625.JPG,m/a528d3d82a7f.jpg
37b329be65d6,photo,Garage floor edge with tan full flake coating,"Close up of garage floor edge lip with tan brown and black full flake coating, driveway and two people in background",garage,full_flake,,,,"tan, brown and black chips, small to medium size",close_up,residential,,,4,True,edge lip; garage; full flake; close up; edge; lip; garage door threshold; tan chips; brown chips; driveway; sunny,Lips (Close Up)/FB_IMG_1607226540560.jpg,m/37b329be65d6.jpg
e64d9eb5266b,photo,Close up of garage floor edge lip with flake coating,"Close up of a garage floor edge lip with tan, brown and rust red full flake coating",garage,full_flake,,,,"tan, brown, black and rust red chips, medium size",close_up,residential,,2022-02-21,3,False,edge lip; garage; full flake; close up; tan chips; brown chips; rust red chips; coated stem wall; finished floor,Lips (Close Up)/IMG_0273.JPG,m/e64d9eb5266b.jpg
5ecf4c71d47b,photo,Close up of flake floor at garage door edge,Close up of a speckled full flake garage floor meeting a concrete edge lip at the garage door opening,garage,full_flake,,,,"tan, brown, black and off-white chips, small to medium size",close_up,residential,,2022-02-21,4,True,edge lip; close up; full flake; garage floor; garage door threshold; tan chips; brown chips; coated concrete,Lips (Close Up)/IMG_0274.JPG,m/5ecf4c71d47b.jpg
716a74914b20,photo,Garage floor edge lip with tan rust full flake,"Close-up of a garage floor edge lip showing a full flake floor coating with tan, brown and rust red chips",garage,full_flake,,,,"tan, brown, black and rust red chips, medium size",close_up,residential,,2022-02-21,4,True,edge lip; close up; garage; full flake; tan chips; rust red chips; garage door; driveway edge; floor coating detail,Lips (Close Up)/IMG_0295.JPG,m/716a74914b20.jpg
550d8a8aed60,photo,Close up of flake floor edge lip,"Low angle close up of a gray, white and black full flake garage floor at the edge lip",garage,full_flake,,,,"gray, white and black chips with scattered tan and gold accents, small to medium size",close_up,residential,,2021-08-31,4,True,edge lip; close up; full flake; garage floor; gray chips; black chips; white chips; tan accents; low angle,Lips (Close Up)/IMG_0914 2.JPG,m/550d8a8aed60.jpg
590005705266,photo,Close up of gray flake floor edge,"Close up of a gray, white and black full flake coated floor edge with a shelf and cabinet in the background",interior_room,full_flake,,,,"gray, white and black chips, medium size",close_up,residential,,,4,True,edge lip; close up; floor edge; full flake; gray chips; black chips; white chips; interior room; coated concrete; glossy finish,Lips (Close Up)/IMG_1510.JPG,m/590005705266.jpg
8af7ab82fb4e,photo,Close up of flake floor at garage edge lip,Close up of a gray flake coated garage floor meeting a bare concrete edge lip,garage,full_flake,,,,"gray, white and black chips, small to medium size",close_up,residential,,,3,False,edge lip; close up; garage floor; full flake; gray chips; concrete edge; flake edge detail,Lips (Close Up)/IMG_1677.PNG,m/8af7ab82fb4e.jpg
d283d488dec9,photo,Close up of flake coated garage floor edge,"Close up of a full flake garage floor coating at the concrete edge lip, tan brown and black chips with white shelving behind",garage,full_flake,,,,"tan, brown, black and white chips with small rust red flecks, medium size",close_up,residential,,,4,True,edge lip; garage; full flake; close up; tan chips; brown chips; glossy finish; driveway edge; stem wall,Lips (Close Up)/IMG_2136.JPG,m/d283d488dec9.jpg
f061682c0fff,photo,Close-up of garage floor edge with full flake coating,"Low-angle close-up of a full flake garage floor edge with tan and brown chips, open garage with canoe overhead",garage,full_flake,,,,"tan, brown, black and white chips, medium size",close_up,residential,,,4,True,edge lip; garage; full flake; close up; floor edge; lip; tan brown chips; canoe; driveway transition; finished,Lips (Close Up)/IMG_2326 2.JPG,m/f061682c0fff.jpg
49ca714e56c7,photo,Close up of garage floor edge with flake coating,"Close up of a coated garage floor edge and stem wall with gray, white and black flake, full flake garage floor coating",garage,full_flake,,,,"gray, white and black chips with some tan, small to medium size",close_up,residential,,,4,True,edge lip; garage; full flake; close up; floor edge; stem wall; gray chips; unfinished drywall; garage door; coated edge; residential,Lips (Close Up)/IMG_2326.JPG,m/49ca714e56c7.jpg
552e0eef0bc6,photo,Full flake floor edge next to broom finished concrete,Close-up of a dark brown and black flake coated floor edge meeting a broom finished concrete strip,not_visible,full_flake,,,,"dark brown, black and tan flakes, dense broadcast",close_up,,,,4,False,edge lip; full flake; close up; dark brown flakes; black flakes; broom finished concrete; stem wall; edge detail,Lips (Close Up)/IMG_2562.JPG; Lips (Close Up)/IMG_4765.JPG,m/552e0eef0bc6.jpg
139b657bcd05,photo,Close up of flake coating edge and lip,"Close up of a gray, black and white flake floor coating ending at a bare concrete edge lip",not_visible,full_flake,,,,"silver gray, black and white chips, medium to large size",close_up,,,2022-05-17,4,False,edge lip; close up; edge; lip; full flake; gray chips; black chips; white chips; coating edge; bare concrete,Lips (Close Up)/IMG_2732.JPG,m/139b657bcd05.jpg
c06e10df17ed,photo,Close up of coated floor lip edge,Close up of a full flake floor coating wrapped over a concrete edge lip with multicolor chips,not_visible,full_flake,,,,"tan base with small red, blue, black and white chips, fine to medium size",close_up,,,,4,False,edge lip; close up; full flake; chip detail; tan base; red chips; blue chips; coated edge,Lips (Close Up)/IMG_3027.JPG,m/c06e10df17ed.jpg
7ffecac67278,photo,Full flake coated garage floor edge lip,"Close up of a coated garage floor edge with tan, brown and black full flake chips",garage,full_flake,,,,"tan, brown and black chips, medium size, warm overall tone",close_up,residential,,,4,True,edge lip; garage; full flake; close up; tan chips; brown chips; black chips; stem wall; finished floor,Lips (Close Up)/IMG_3028.JPG,m/7ffecac67278.jpg
743cd6942424,photo,Flake coated garage step edge with logo,Close up of a tan and brown full flake coated step edge in a garage with a GatorGuard gator logo overlay,garage,full_flake,,,,"tan, brown and black chips, medium size",close_up,residential,,,3,False,edge lip; close up; garage; full flake; tan chips; brown chips; black chips; step edge; logo overlay,Lips (Close Up)/IMG_3029 2.JPG,m/743cd6942424.jpg
f96a43c1fdee,photo,Close up of full flake floor edge lip,"Close up of a full flake epoxy floor edge lip showing chip detail, with GatorGuard logo overlay",not_visible,full_flake,,,,"tan, brown, black and white chips with a few red and blue flecks, small to medium size",close_up,,,,4,False,edge lip; close up; full flake; chip detail; tan chips; brown chips; floor edge; logo overlay,Lips (Close Up)/IMG_3031.JPG,m/f96a43c1fdee.jpg
18669d1a8d88,photo,Close up of flake floor edge lip,Close up of a glossy gray full flake floor coating wrapping over an edge lip in a garage,garage,full_flake,,,,"white, gray and black chips with a few tan and rust accents, small to medium size",close_up,residential,,,4,True,edge lip; close up; full flake; gray chips; white chips; black chips; glossy; garage floor; floor edge detail,Lips (Close Up)/IMG_4805.JPG,m/18669d1a8d88.jpg
602aefb31ff6,photo,Gray full flake floor wrapped over edge lip,Close up of gray full flake coating wrapping over a garage floor edge next to broom finished concrete,garage,full_flake,,,,"gray, white and black chips, medium size",close_up,residential,,,4,False,edge lip; full flake; gray chips; white chips; black chips; garage floor; close up; concrete apron; coating edge,Lips (Close Up)/IMG_5041.JPG,m/602aefb31ff6.jpg
15598a608737,photo,Garage flake floor edge at driveway lip,"Close up of a gray full flake garage floor edge meeting bare concrete driveway, full flake garage floor coating",garage,full_flake,,,,"gray base with black, white and small tan or brown chips, medium size",close_up,residential,,,3,False,edge lip; garage floor; full flake; gray chips; black white chips; driveway transition; floor edge; close up,Lips (Close Up)/IMG_5047 2.JPG,m/15598a608737.jpg
2c0b65e5cfe6,photo,Close up of garage floor edge lip with tan flake,"Low angle close up of a tan full flake garage floor edge lip meeting the driveway, with two people outside",garage,full_flake,,,,"tan, brown and black chips, medium size",close_up,residential,,,4,False,edge lip; garage; close up; full flake; tan chips; brown chips; black chips; driveway transition; finished floor,Lips (Close Up)/IMG_5056.JPG,m/2c0b65e5cfe6.jpg
eb2f8957d134,photo,Garage floor edge with tan flake coating,"Close-up of a garage floor edge with tan, brown, black and red flake coating beside a concrete driveway apron, full flake garage floor",garage,full_flake,,,,"tan, brown, black and red chips, small to medium size",close_up,residential,,,4,False,edge lip; close up; garage floor; full flake; tan chips; red chips; driveway apron; glossy; stem wall; finished,Lips (Close Up)/IMG_5065.JPG,m/eb2f8957d134.jpg
0e71d5fa4467,photo,Close up of coated garage edge lip,"Close up of a tan, brown and black full flake coating wrapping a garage floor edge lip",garage,full_flake,,,,"tan, brown and black chips with some white, medium size",close_up,residential,,,4,True,edge lip; full flake; close up; garage floor; tan chips; brown chips; black chips; stem wall detail,Lips (Close Up)/IMG_5204.JPG,m/0e71d5fa4467.jpg
f0b5934cde4a,photo,Close up of flake floor edge and stem wall,"Close up of a full flake garage floor edge showing tan, brown and black chips over the stem wall lip",garage,full_flake,,,,"tan, brown, black and cream chips, small to medium size",close_up,residential,,,4,True,edge lip; close up; floor edge; stem wall; full flake; tan chips; brown chips; black chips; garage floor; flake detail,Lips (Close Up)/IMG_5205.JPG,m/f0b5934cde4a.jpg
c967a7ed0879,photo,Garage floor edge with tan and red flake,"Low angle view of a glossy full flake garage floor with tan, brown, black and red chips meeting a bare concrete apron",garage,full_flake,,,,"tan, brown, black and red chips, medium size",close_up,residential,,,4,True,edge lip; garage; full flake; close up; floor edge; tan chips; red chips; black chips; glossy; vintage signs; two car garage,Lips (Close Up)/IMG_5407.JPG,m/c967a7ed0879.jpg
e3fea0365923,photo,Garage floor edge with tan flake coating,"Close up of a full flake garage floor edge meeting bare concrete at the door, tan brown and red chips",garage,full_flake,,,,"tan, brown, black and red chips, medium size",close_up,residential,,,4,True,edge lip; garage; full flake; close up; tan chips; brown chips; red chips; garage door threshold; finished floor,Lips (Close Up)/IMG_5408.JPG,m/e3fea0365923.jpg
bb7ddaebd07d,photo,Close up of full flake garage floor edge lip,"Close up of a full flake garage floor edge and stem wall with tan, brown and black chips, bare concrete in foreground",garage,full_flake,,,,"tan, brown, black and white chips, small to medium size",close_up,residential,Indianapolis,2018-06-07,4,False,edge lip; garage; full flake; stem wall; close up; tan chips; brown chips; black chips; floor edge; bare concrete,Lips (Close Up)/IMG_5505.JPG,m/bb7ddaebd07d.jpg
2ead47b2fb46,photo,Close up of coated garage floor edge lip,"Close up of a full flake coated floor edge with tan, brown and black chips meeting bare concrete",not_visible,full_flake,,,,"tan, brown, black and white chips, small to medium size",close_up,,,,4,False,edge lip; close up; full flake; tan chips; brown chips; black chips; floor edge; coated concrete,Lips (Close Up)/IMG_6081.JPG,m/2ead47b2fb46.jpg
57086c0c92f0,photo,Close up of full flake floor edge,Close up of a tan and brown full flake coating wrapping over the edge of a concrete floor,not_visible,full_flake,,,,"tan, brown, black and white chips, medium size",close_up,,,,4,False,edge lip; close up; full flake; edge detail; tan chips; brown chips; black chips; speckled; glossy,Lips (Close Up)/IMG_6082.JPG,m/57086c0c92f0.jpg
8d597fc119c8,photo,Close up of garage floor edge with tan flake,"Close up of a coated garage floor edge and stem wall with tan, brown and black flake chips, full flake garage floor coating",garage,full_flake,,,,"tan, brown, black and white chips, small to medium size",close_up,residential,,,4,True,edge lip; full flake; garage floor; stem wall; close up; tan chips; brown chips; black chips; glossy finish,Lips (Close Up)/IMG_6083.JPG,m/8d597fc119c8.jpg
79d25d5593a7,photo,Close up of full flake garage floor edge lip,"Close up of a coated garage floor edge lip with tan, brown and black flake chips, full flake garage floor coating",garage,full_flake,,,,"tan, brown, black and white chips, medium size",close_up,residential,,,4,True,edge lip; close up; full flake; garage floor; tan chips; brown chips; black chips; glossy clear coat; stem wall,Lips (Close Up)/IMG_6087.JPG,m/79d25d5593a7.jpg
89b741553a9d,photo,Close up of garage floor edge lip with tan flake,"Low angle close up of a full flake garage floor edge and lip with tan, brown and black chips",garage,full_flake,,,,"tan, brown, black and white chips, medium size",close_up,residential,,,4,True,edge lip; close up; full flake; garage floor; tan chips; brown chips; black chips; stem wall; coated edge,Lips (Close Up)/IMG_6088.JPG,m/89b741553a9d.jpg
313a66671a5e,photo,Close up of garage floor edge lip with flake coating,"Close up of a coated garage floor edge lip with tan, brown and gray flakes meeting bare concrete at the driveway",garage,full_flake,,,,"tan, brown, black and gray chips, small to medium size",close_up,residential,,,4,False,edge lip; garage floor; full flake; close up; tan chips; brown chips; gray chips; driveway transition; concrete edge,Lips (Close Up)/IMG_8825.JPG,m/313a66671a5e.jpg
f15992859c31,photo,Close up of flake floor edge lip,"Close up of a full flake floor edge and stem wall lip with gray, black and white chips next to bare concrete",garage,full_flake,,,,"gray, black, white and light tan chips, small size",close_up,residential,,,3,False,edge lip; close up; edge; lip; stem wall; full flake; gray chips; black chips; garage floor; detail,Lips (Close Up)/IMG_9110 2.JPG,m/f15992859c31.jpg
df6d33e34818,photo,Close up of coated garage edge lip,Close up of a gray full flake coated edge lip with a wet floor and concrete driveway beyond,garage,full_flake,,,,"light gray, white and black chips, small to medium size",close_up,residential,,,4,False,edge lip; close up; full flake; gray chips; black chips; wet floor; garage floor; concrete edge,Lips (Close Up)/IMG_9110 3.JPG,m/df6d33e34818.jpg
399a6cbc8de6,photo,Close up of flake coated garage floor edge lip,"Close up of a garage floor edge lip with tan, brown, black and rust colored full flake coating meeting a troweled concrete driveway apron",garage,full_flake,,,,"tan, brown, black and rust red chips, medium size",close_up,residential,,,4,True,edge lip; garage floor; full flake; close up; tan brown red chips; driveway transition; finished floor; coated edge; garage door opening,Lips (Close Up)/IMG_9361.JPG,m/399a6cbc8de6.jpg
32384eb41a6a,photo,Close up of flake coated garage floor edge,"Close up of a full flake garage floor coating at the driveway edge with tan, brown and black chips",garage,full_flake,,,,"tan base with brown, black and white chips, small to medium size",close_up,residential,,,4,True,edge lip; garage floor; full flake; close up; tan chips; brown chips; black chips; driveway transition; unfinished drywall,Lips (Close Up)/typorama 5.png,m/32384eb41a6a.png
8766d2493786,photo,Kitchen with gray metallic epoxy floor,Kitchen with white cabinets and stainless appliances over a gray swirled metallic epoxy floor,interior_room,metallic,Liquid Art,,,"light and medium gray metallic swirls with white marbling, no chips",finished,residential,,2018-07-29,4,True,metallic epoxy; gray metallic; kitchen floor; white cabinets; stainless appliances; swirled floor; interior floor; liquid art,Liquid Art (All Areas)/#3.jpg,m/8766d2493786.jpg
3304e6f97458,photo,Close up of gray metallic epoxy floor,Close up of a silver gray marbled metallic epoxy floor with saw cut joints,not_visible,metallic,Liquid Art,,,"silver and gray metallic swirls, marbled and reflective",close_up,,,,3,False,metallic epoxy; gray metallic; silver; marbled; close up; reflective; liquid art; saw cut joints,Liquid Art (All Areas)/06E10F70-1D63-4ADA-933A-8104DFCFF0C3.JPG,m/3304e6f97458.jpg
85211c97762e,photo,Basement hallway with copper metallic epoxy floor,Interior hallway with a glossy copper-toned metallic epoxy floor and stone wainscoting on gray walls,interior_room,metallic,Liquid Art,,,swirled metallic copper and caramel tones with a glossy reflective finish,finished,residential,,,3,False,metallic epoxy; copper floor; liquid art; interior floor; hallway; glossy; swirl pattern; stone wainscoting,Liquid Art (All Areas)/0BF11662-CCF8-425E-8A09-96CDE764909C 2.jpg,m/85211c97762e.jpg
d3982792aaf8,photo,Basement with copper metallic epoxy floor,"Basement with glossy copper metallic epoxy floor, gray walls and white door",basement,metallic,Liquid Art,,,swirled copper and amber metallic with a glossy marbled look,finished,residential,,,4,True,basement; metallic; liquid art; glossy floor; interior; gray walls; residential; marbled finish,Liquid Art (All Areas)/0BF11662-CCF8-425E-8A09-96CDE764909C.jpg,m/d3982792aaf8.jpg
acd9a23ddbe9,photo,Basement with copper metallic epoxy floor,"Basement with glossy copper metallic epoxy floor, gray walls, shelving and cabinets. Metallic epoxy basement floor coating.",basement,metallic,Liquid Art,,,"warm orange-copper metallic with subtle marbling, high gloss",finished,residential,,,4,True,metallic epoxy; copper floor; basement; glossy; liquid art; shelving; cabinets; marbled floor; orange metallic,Liquid Art (All Areas)/0DF5832E-AB4A-4D75-BD12-1E65DE79F47B.jpg,m/acd9a23ddbe9.jpg
ee3ac260af75,photo,Dark metallic garage floor with two sports cars,Red Corvette and blue Mustang on a dark marbled metallic epoxy garage floor with corrugated metal walls,garage,metallic,Liquid Art,,,"dark gray and black marbled metallic swirls, glossy reflective finish",finished,residential,,2021-05-22,5,True,garage; metallic epoxy; dark gray metallic; marbled floor; reflective floor; corvette; mustang; sports cars; metal walls; finished floor,Liquid Art (All Areas)/10.jpg,m/ee3ac260af75.jpg
4d59415f6f52,photo,Classic cars on dark gray metallic garage floor,Red Corvette and classic cars parked on a dark gray marbled metallic epoxy garage floor with reflective finish,garage,metallic,Liquid Art,,,"dark gray and black marbled metallic swirls, high gloss",finished,residential,,2021-05-22,5,False,metallic epoxy; liquid art; garage; dark gray; marbled; reflective; classic cars; corvette; finished floor; collector garage,Liquid Art (All Areas)/2.jpg,m/4d59415f6f52.jpg
edf087551c82,photo,Brown metallic epoxy floor in empty basement,Glossy brown metallic epoxy floor with light reflections in an empty basement room with white walls,basement,metallic,Liquid Art,,,"warm brown metallic with soft marbled swirls, no chips",finished,residential,,2020-11-05,4,True,metallic epoxy; brown metallic; basement floor; glossy floor; marbled floor; reflective floor; empty room; liquid art,Liquid Art (All Areas)/20201105_133310.jpg,m/edf087551c82.jpg
1975f5f846ac,photo,Silver-gray metallic epoxy floor in empty room,"Swirled silver-gray metallic epoxy floor in an empty interior room, liquid art metallic floor coating",interior_room,metallic,Liquid Art,,,"swirled silver-gray metallic with darker gray marbling, no chips",finished,residential,,2020-11-05,4,True,metallic epoxy; silver gray; swirled floor; interior room; liquid art; glossy floor; empty room; finished floor,Liquid Art (All Areas)/20201105_151548.jpg,m/1975f5f846ac.jpg
fec204a92e5f,photo,Gray metallic epoxy floor in interior room,"Gray marbled metallic epoxy floor with reflective finish in an interior room, Liquid Art metallic floor coating",interior_room,metallic,Liquid Art,,,"gray metallic with darker gray and silver swirling, marbled reflective finish, no chips",finished,residential,,2020-11-12,4,True,metallic epoxy; liquid art; gray metallic; marbled floor; reflective finish; swirled epoxy; interior floor; finished floor,Liquid Art (All Areas)/20201112_140505.jpg,m/fec204a92e5f.jpg
d3abaa1cbd06,photo,Gray metallic epoxy floor in home hallway,"Gray marbled metallic epoxy floor in a home hallway, Liquid Art metallic floor coating",interior_room,metallic,Liquid Art,,,"swirled gray and light silver metallic marble pattern, no chips",finished,residential,,2020-11-12,4,True,metallic epoxy; liquid art; gray floor; marbled floor; interior floor; hallway; reflective floor; finished floor,Liquid Art (All Areas)/20201112_140516.jpg,m/d3abaa1cbd06.jpg
ce41570603fb,photo,Gray metallic epoxy floor in residential hallway,"Hallway with gray marbled metallic epoxy floor, white trim and light gray walls, metallic floor coating",interior_room,metallic,Liquid Art,,,"medium gray metallic with darker gray and charcoal swirls, glossy marbled finish",finished,residential,,2020-11-12,4,True,metallic epoxy; gray metallic; hallway; interior floor; marbled; glossy; swirl pattern; basement hallway; white trim; residential,Liquid Art (All Areas)/20201112_140613.jpg,m/ce41570603fb.jpg
b04c5a08fb45,photo,Basement with dark blue metallic epoxy floor,"Basement with glossy dark blue metallic epoxy floor swirled with gray, water heater and cinder block walls",basement,metallic,Liquid Art,,,"dark blue-gray metallic with lighter gray and white swirls, glossy",finished,residential,Detroit,2025-02-24,3,False,basement; metallic epoxy; blue metallic floor; swirled epoxy; glossy floor; water heater; cinder block walls; finished floor,Liquid Art (All Areas)/20250224_123606.jpg,m/b04c5a08fb45.jpg
dee9ee1e756e,photo,Blue metallic epoxy floor by white block wall,"Blue-gray swirled metallic epoxy floor with white painted block wall, Liquid Art metallic floor coating",not_visible,metallic,Liquid Art,,,"swirled blue-gray metallic with darker marbling, glossy",finished,,Detroit,2025-02-24,4,True,metallic; liquid art; blue floor; swirled; marbled; glossy; block wall; epoxy floor,Liquid Art (All Areas)/20250224_123746.jpg,m/dee9ee1e756e.jpg
a871f2dd20ff,photo,Basement with blue gray metallic epoxy floor,"Blue gray marbled metallic epoxy floor in a basement with white block walls and small window, metallic epoxy floor coating",basement,metallic,Liquid Art,,,"blue-gray metallic swirl with darker charcoal marbling, glossy",finished,residential,Detroit,2025-02-24,4,True,basement; metallic epoxy; liquid art; blue gray; marbled floor; glossy; block walls; window; finished floor,Liquid Art (All Areas)/20250224_123805.jpg,m/a871f2dd20ff.jpg
7bb146f97f06,photo,Basement living room with gray white metallic floor,"Basement living room with white and gray marbled metallic epoxy floor, sofa, chair and carpeted stairs",basement,metallic,Liquid Art,,,"white and light gray marbled metallic swirls, no chips",finished,residential,,,5,True,basement; metallic epoxy; marbled floor; white; living room; stairs; carpet stairs; finished floor,Liquid Art (All Areas)/271 E Greenwood.jpg,m/7bb146f97f06.jpg
9da8bf412e15,photo,Living room with gray marbled metallic floor,Staged living room with armchairs and a gray and white marbled metallic epoxy floor,interior_room,metallic,Liquid Art,,,light gray and white marbled metallic with darker gray swirls,finished,residential,,,4,True,metallic epoxy; liquid art; gray metallic; marbled floor; living room; interior floor; staged furniture; finished floor; reflective floor,Liquid Art (All Areas)/271 E Greenwood2.jpg,m/9da8bf412e15.jpg
782f28ff8d1a,photo,Three classic cars on charcoal metallic floor,"Blue Mustang, yellow vintage sedan and red Corvette on a dark gray marbled metallic garage floor",garage,metallic,Liquid Art,,,dark charcoal gray metallic with lighter silver marbling and swirls,finished,,,2021-05-22,5,True,metallic epoxy; liquid art; charcoal metallic; dark gray; marbled floor; garage; classic cars; corvette; mustang; reflective floor,Liquid Art (All Areas)/3.jpg,m/782f28ff8d1a.jpg
aa36ba279d87,photo,Marbled gray metallic epoxy floor in interior room,"Marbled gray and taupe metallic epoxy floor in a room with brown walls, white door and masked wall area, metallic floor coating",interior_room,metallic,Liquid Art,,,"swirled metallic in gray, taupe and cream tones with marbled highlights, no chips",finished,residential,,,4,True,metallic epoxy; marbled floor; gray metallic; swirl pattern; interior room; reflective floor; glossy; liquid art,Liquid Art (All Areas)/33536381-1F7A-4571-A06F-5FD5233B6570.JPG,m/aa36ba279d87.jpg
d69cf798bff7,photo,Garage with copper metallic epoxy floor,"Glossy copper metallic epoxy garage floor in front of white cabinets and gray shelving, metallic garage floor coating",garage,metallic,Liquid Art,,,"swirled copper brown metallic, glossy and reflective, no chips",finished,residential,,,4,True,metallic; garage; glossy; reflective; cabinets; shelving; swirled; liquid art; brown,Liquid Art (All Areas)/371D0F8D-3882-4D9B-A5BA-1773E5B234E7.JPG,m/d69cf798bff7.jpg
a3473c8f7b4d,photo,Copper metallic basement floor during renovation,"Copper metallic epoxy floor with swirled finish in a basement under renovation, exercise equipment in background",basement,metallic,Liquid Art,,,"warm copper and brown metallic swirls, glossy reflective finish",finished,residential,,,4,False,metallic; basement; swirled; reflective; glossy; liquid art; renovation; exposed insulation; treadmill,Liquid Art (All Areas)/386B9860-5D65-430F-B9E7-4A656365DC36.JPG,m/a3473c8f7b4d.jpg
51dbf84a98ff,photo,Garage with blue metallic epoxy floor,"Glossy blue metallic epoxy garage floor with swirled finish, cabinets and pegboard walls behind; metallic garage floor coating",garage,metallic,Liquid Art,,,vivid blue metallic epoxy with swirling marbled waves and fine sparkle,finished,residential,,,4,True,metallic epoxy; blue floor; garage; glossy; swirled; cabinets; pegboard; finished floor,Liquid Art (All Areas)/46EC82FF-EA0B-4D07-B64D-228C9EE7D8D9.JPG,m/51dbf84a98ff.jpg
5a59305e0b40,photo,Copper metallic epoxy floor in living space,"Glossy copper brown metallic epoxy floor in a room with stone accent wall and shelving, metallic floor coating",interior_room,metallic,Liquid Art,,,"warm copper brown metallic with subtle marbling, glossy",finished,residential,,,4,True,metallic epoxy; liquid art; interior floor; glossy; marbled; living room; stone wall; finished floor,Liquid Art (All Areas)/484C9CFD-8E5B-428D-95F4-BBAEF478EAC9.jpg,m/5a59305e0b40.jpg
4ee144d8d935,photo,Basement with copper metallic epoxy floor,"Glossy copper metallic epoxy floor in a basement with exposed wall studs and insulation, metallic epoxy floor coating",basement,metallic,Liquid Art,,,"coppery orange-brown metallic with lighter tan swirls, high gloss",finished,residential,,,4,True,metallic epoxy; copper metallic; basement floor; liquid art; high gloss; swirled; orange brown; exposed studs; insulation; finished,Liquid Art (All Areas)/4B16349D-1C67-4A7E-827D-A578A6FBB7DF.JPG,m/4ee144d8d935.jpg
982a583716bc,photo,Basement bar with brown metallic epoxy floor,"Finished basement bar with stone wall, poker table and brown marbled metallic epoxy floor",basement,metallic,Liquid Art,,,"marbled brown metallic with lighter tan swirls, glossy finish",finished,residential,,,5,True,basement; metallic epoxy; brown floor; marbled; bar; poker table; stone wall; finished floor; man cave; glossy,Liquid Art (All Areas)/4BA6A038-FD01-455D-AF8D-DD6753CADB80.png,m/982a583716bc.jpg
795027b1aa7b,photo,Dark gray metallic epoxy floor with swirl pattern,"Dark gray marbled metallic epoxy floor with saw-cut joints and glossy finish, Liquid Art metallic floor coating",interior_room,metallic,Liquid Art,,,"dark gray and black marbled metallic swirls, glossy reflective finish",finished,,,,3,False,metallic epoxy; liquid art; dark gray; swirl pattern; glossy floor; saw cut joints; interior floor; reflective finish,Liquid Art (All Areas)/4EC1E7CF-7FDE-46DC-91D7-7A2448E5419E.JPG,m/795027b1aa7b.jpg
1869b7d9e721,photo,Yellow vintage car on dark metallic garage floor,Yellow vintage car parked on a dark gray swirled metallic epoxy garage floor with reflective marbled finish.,garage,metallic,Liquid Art,,,"dark gray to silver metallic swirl, marbled and reflective, no chips",finished,residential,,2021-05-22,5,True,metallic epoxy; dark gray metallic; swirled floor; reflective floor; garage; vintage car; yellow car; marbled finish; corrugated metal wall,Liquid Art (All Areas)/5.jpg,m/1869b7d9e721.jpg
d87389f4e164,photo,Basement lounge with dark metallic epoxy floor,Finished basement lounge with sofa and dark gray swirled metallic epoxy floor,basement,metallic,Liquid Art,,,"dark gray and charcoal metallic swirls, marbled reflective finish",finished,residential,,,4,True,basement; metallic floor; liquid art; dark gray; swirl; reflective; finished; lounge; residential,Liquid Art (All Areas)/5DF4E483-2C44-4501-9375-B63EA439A7A0.jpeg,m/d87389f4e164.jpg
85caa8c799ee,photo,Basement with caramel brown metallic epoxy floor,"Basement with caramel brown swirled metallic epoxy floor, gray walls and exposed lower wall framing; metallic basement floor coating",basement,metallic,Liquid Art,,,"caramel brown and copper metallic swirls, glossy marbled finish",finished,residential,,,4,True,metallic epoxy; liquid art; basement floor; caramel brown; copper swirls; marbled; glossy; gray walls; exposed framing; finished floor,Liquid Art (All Areas)/5EF41350-32C2-4F45-AAE9-FFAC03E5C132.jpg,m/85caa8c799ee.jpg
afed6661b259,photo,Living room with brown metallic epoxy floor,Brown and copper swirled metallic epoxy floor in a living room with couches and rug,interior_room,metallic,Liquid Art,,,"swirled brown and copper metallic epoxy, marbled reflective finish, no chips",finished,residential,,2018-01-23,4,True,metallic; liquid art; brown metallic; copper swirl; living room; basement; finished floor; couch; area rug,Liquid Art (All Areas)/6 copy.jpg; Liquid Art (All Areas)/LiquidArt.jpg,m/afed6661b259.jpg
0590cd7ba957,photo,Blue Shelby GT500 on charcoal metallic floor,"Blue Shelby GT500 sports car parked on a black marbled metallic epoxy garage floor, metallic epoxy floor coating",garage,metallic,Liquid Art,,,"dark charcoal to black metallic with gray marbled swirls, no chips",finished,residential,,2021-05-22,4,True,metallic; liquid art; garage; shelby gt500; sports car; black metallic; marbled; swirled; finished,Liquid Art (All Areas)/6.jpg,m/0590cd7ba957.jpg
7309f16c460e,photo,Copper metallic floor in basement under renovation,Glossy copper metallic epoxy floor in a basement with exposed wall studs and renovation equipment,basement,metallic,Liquid Art,,,"swirled copper-orange metallic coating, glossy reflective finish",in_progress,residential,,,4,False,metallic epoxy; copper floor; basement; liquid art; swirled; glossy; renovation; exposed studs,Liquid Art (All Areas)/6419403D-5CF3-41DC-9D83-9598D46DB119.jpg,m/7309f16c460e.jpg
4433a3f79e3a,photo,Dark gray metallic epoxy floor with wood steps,"Dark gray and black marbled metallic epoxy floor beside wood-topped steps, metallic floor coating",commercial_or_industrial,metallic,Liquid Art,,,dark gray and black marbled metallic swirls with lighter silver highlights,finished,,,2021-05-22,4,True,metallic epoxy; dark gray; black swirls; marbled floor; wood steps; metal wall; reflective floor; finished floor,Liquid Art (All Areas)/7.jpg,m/4433a3f79e3a.jpg
08a816515c17,photo,Garage with charcoal metallic floor and red sports car,Red sports car parked on a dark gray metallic epoxy garage floor,garage,metallic,Liquid Art,,,"dark charcoal gray metallic with lighter silver swirls, highly reflective",finished,residential,,2021-05-22,5,False,metallic epoxy; garage floor; charcoal gray; swirled; reflective; sports car; corvette; dark gray; finished floor,Liquid Art (All Areas)/8.jpg,m/08a816515c17.jpg
5aa96f7bda6b,photo,Dark gray metallic epoxy floor in unfinished basement,"Dark gray metallic epoxy floor with marbled swirls in a basement under construction, metallic floor coating",basement,metallic,Liquid Art,,,"dark gray and charcoal marbled metallic swirls, glossy reflective finish",finished,residential,,,4,True,metallic epoxy; dark gray; marbled floor; basement; reflective; under construction; swirl pattern; glossy; liquid art; concrete floor,Liquid Art (All Areas)/81781921-A309-445E-8748-7400C270549B.JPG,m/5aa96f7bda6b.jpg
f04dde872bb8,photo,Interior room with gray metallic epoxy floor,"Glossy gray metallic epoxy floor with marbled swirls in a room with brown walls and white door, metallic floor coating",interior_room,metallic,Liquid Art,,,"light warm gray metallic with darker gray swirls, glossy marbled finish",finished,residential,,,4,True,metallic epoxy; liquid art; gray metallic; marbled floor; swirl pattern; interior room; glossy floor; basement floor,Liquid Art (All Areas)/8B43D6AB-E033-4A24-8D07-DF6C64380DB6.JPG,m/f04dde872bb8.jpg
f83672570767,photo,Garage with blue metallic epoxy floor,"Garage with glossy blue metallic epoxy floor, white door and storage cabinets, metallic garage floor coating",garage,metallic,Liquid Art,,,"vivid blue metallic with lighter blue swirls, glossy",finished,residential,,,4,True,metallic epoxy; blue floor; garage; cabinets; glossy; swirled; white door; finished floor,Liquid Art (All Areas)/8EA770B2-DAFD-4DA1-8771-762191F46524.JPG,m/f83672570767.jpg
1be4a07316a4,photo,Red Corvette on dark metallic garage floor,Red sports car parked on a dark swirled metallic epoxy garage floor,garage,metallic,Liquid Art,,,"dark gray and black swirled metallic, glossy and marbled",finished,residential,,2021-05-22,5,True,metallic epoxy; liquid art; garage floor; dark gray metallic; swirled; glossy; red corvette; sports car; finished floor,Liquid Art (All Areas)/9.jpg,m/1be4a07316a4.jpg
454250faac08,photo,Basement with copper metallic epoxy floor,Glossy copper metallic epoxy floor in a basement with exposed wall studs and insulation,basement,metallic,Liquid Art,,,"swirled copper-orange metallic, glossy and reflective",finished,residential,,,4,True,basement; metallic epoxy; liquid art; glossy floor; swirled; exposed studs; insulation; reflective floor,Liquid Art (All Areas)/9E7A97F1-9435-4A95-B321-87EF931CAE8F.JPG,m/454250faac08.jpg
6b8856b6c426,photo,Basement with copper metallic epoxy floor,"Basement with glossy copper metallic epoxy floor, freshly coated, with exposed wall studs and treadmill in background",basement,metallic,Liquid Art,,,"Copper and bronze metallic with lighter tan marbling, glossy swirled finish, no chips",finished,residential,,,4,True,basement; metallic floor; liquid art; swirled epoxy; glossy floor; exposed studs; renovation; treadmill; reflective floor,Liquid Art (All Areas)/ABE20B94-CB70-4621-B089-FB9C3BCFE44D.JPG,m/6b8856b6c426.jpg
2c7b06b66f84,photo,Finished basement with gray metallic marbled floor,"Finished basement with light gray marbled metallic epoxy floor, sofa and bar table",basement,metallic,Liquid Art,,,"light gray and white marbled metallic swirl, no chips",finished,residential,,2019-07-09,5,True,metallic epoxy; gray metallic; basement floor; marbled floor; swirl; sofa; bar table; liquid art; finished; reflective floor,Liquid Art (All Areas)/AltaBasement1.jpg,m/2c7b06b66f84.jpg
7ec49891096c,photo,Basement wet bar with gray metallic floor,"Basement kitchenette with white cabinets, island seating and a marbled gray metallic epoxy floor",basement,metallic,Liquid Art,,,"marbled silver-gray metallic floor with subtle lighter swirls, no chips",finished,residential,,2019-07-09,5,True,metallic; liquid art; gray metallic; basement; wet bar; kitchenette; white cabinets; island stools; swirl floor; finished,Liquid Art (All Areas)/AltaBasement2.jpg,m/7ec49891096c.jpg
53632b20f58b,photo,Living room with light gray metallic floor,"Living room with a light gray and white swirled metallic floor, gray sectional sofa and white accent tables; metallic epoxy floor coating",interior_room,metallic,Liquid Art,,,"light gray and white swirled metallic, marbled look",finished,residential,,2018-08-29,5,True,metallic floor; living room; light gray; white swirl; marbled; sectional sofa; modern interior; reflective floor,Liquid Art (All Areas)/Back Right Photo.jpg,m/53632b20f58b.jpg
00e24c9c26cc,photo,Gray metallic epoxy floor in basement bar,Gray and white marbled metallic epoxy floor in a basement lounge with white shelving and wine bottles,basement,metallic,Liquid Art,,,"swirled silver gray and white metallic, marbled and reflective",finished,residential,,2018-08-29,5,True,metallic epoxy; gray metallic; swirled floor; basement; basement bar; wine display; white shelves; reflective floor; finished floor; lounge chair,Liquid Art (All Areas)/Basement copy.jpg,m/00e24c9c26cc.jpg
744e59aa62f1,photo,Basement bar with brown metallic epoxy floor,"Finished basement bar with stone island and glossy brown metallic epoxy floor, metallic floor coating",basement,metallic,Liquid Art,,,"swirled brown metallic epoxy with lighter tan marbling, glossy",finished,residential,,2018-01-23,4,True,metallic floor; basement; basement bar; brown metallic; swirled epoxy; stone bar; wet bar; glossy floor; finished floor,Liquid Art (All Areas)/Basement.jpg,m/744e59aa62f1.jpg
cf976679df1a,photo,Blue sports car on dark metallic garage floor,Blue sports car parked on a dark glossy metallic epoxy floor in a garage with corrugated metal walls,garage,metallic,Liquid Art,,,"dark gray to black marbled metallic, no chips",finished,,,2021-05-22,5,True,metallic floor; dark gray; garage; sports car; glossy; reflective floor; metal walls; liquid art; finished floor; show car,Liquid Art (All Areas)/Black1.jpg,m/cf976679df1a.jpg
c35951b41dd7,photo,Basement living room with dark metallic floor,"Finished basement with couch and dark gray marbled metallic epoxy floor, Liquid Art metallic floor coating",basement,metallic,Liquid Art,,,dark charcoal gray metallic with lighter gray and black marbled swirls,finished,residential,,2019-07-11,5,True,metallic; liquid art; basement; dark gray; marbled; swirl; living room; couch; finished floor; reflective,Liquid Art (All Areas)/Blackliqart1.jpg,m/c35951b41dd7.jpg
c19a0093dd1d,photo,Basement bar with black metallic epoxy floor,Finished basement bar and seating area with a glossy black metallic epoxy floor,basement,metallic,Liquid Art,,,"black and dark gray metallic epoxy with subtle swirled marbling, high gloss",finished,residential,,2019-07-11,4,True,basement; metallic epoxy; black floor; bar; wine rack; glossy floor; swirled; finished; lounge,Liquid Art (All Areas)/Blackliqart3.jpg,m/c19a0093dd1d.jpg
1929b40d31aa,photo,Finished basement lounge with dark metallic epoxy floor,"Finished basement lounge with sofa and dark charcoal metallic epoxy floor, Liquid Art metallic floor coating",basement,metallic,Liquid Art,,,dark charcoal gray metallic with soft black swirls and glossy marbled movement,finished,residential,,,5,True,basement; metallic epoxy; liquid art; dark gray; swirled; glossy; finished floor; lounge; sofa,Liquid Art (All Areas)/Blackliqart4.jpg,m/1929b40d31aa.jpg
1c82c87e886e,photo,Lounge seating area with dark metallic floor,"Dark charcoal metallic epoxy floor in a lounge with four armchairs and wall lettering, metallic floor coating",commercial_or_industrial,metallic,Liquid Art,,,"dark charcoal gray metallic swirl, marbled and reflective",finished,commercial,,2019-07-11,4,True,metallic epoxy; liquid art; dark gray floor; commercial; lounge; armchairs; swirl pattern; finished floor,Liquid Art (All Areas)/CharBlackliqart.jpg,m/1c82c87e886e.jpg
a7c3ca2533f7,photo,Brown metallic epoxy floor in sitting area,"Brown metallic epoxy floor in a furnished sitting area with striped chairs, a full flake free Liquid Art floor coating",interior_room,metallic,Liquid Art,,,"rich brown metallic epoxy with subtle lighter brown swirls, glossy",finished,residential,,2019-01-14,5,True,metallic epoxy; brown floor; liquid art; interior room; sitting area; striped chairs; glossy floor; swirled finish; lamp; finished,Liquid Art (All Areas)/Coffee.jpg,m/a7c3ca2533f7.jpg
6cc3329f58df,photo,Brown metallic epoxy floor in sitting room,"Glossy brown metallic epoxy floor in a sitting room with striped chairs and a lamp, metallic floor coating",interior_room,metallic,Liquid Art,,,"rich brown metallic with subtle lighter swirls, high gloss",finished,residential,,2019-01-14,5,True,metallic epoxy; brown floor; liquid art; interior room; sitting room; high gloss; reflective floor; striped chairs; finished floor,Liquid Art (All Areas)/Coffee2.jpg,m/6cc3329f58df.jpg
3278abb4ee0e,photo,Gray metallic epoxy floor in finished room,Swirled gray metallic epoxy floor in a room with tan and brown walls,interior_room,metallic,Liquid Art,,,"swirled gray and beige metallic, glossy marbled finish, no chips",finished,residential,,,4,True,metallic epoxy; liquid art; gray metallic; swirled floor; marbled floor; interior room; glossy floor; brown walls,Liquid Art (All Areas)/D070D317-049C-41B3-AEFF-FEACFAE367AC.JPG,m/3278abb4ee0e.jpg
64ee9c79981b,photo,Tan metallic epoxy floor at service counter,"Glossy tan and gold metallic epoxy floor in front of a white counter, Liquid Art metallic floor coating",commercial_or_industrial,metallic,Liquid Art,,,"tan and gold metallic swirl, glossy, no chips",finished,,,,3,False,metallic epoxy; liquid art; tan metallic; gold swirl; glossy floor; counter; interior floor; finished floor,Liquid Art (All Areas)/D285E8D7-42E3-46FE-A6E8-D0D3573F7341.jpg,m/64ee9c79981b.jpg
f175ec0f1dde,photo,Copper metallic epoxy basement floor with shelving,"Glossy copper metallic epoxy floor in a basement with gray walls, shelving and white cabinets, metallic epoxy floor coating",basement,metallic,Liquid Art,,,"swirled copper and tan metallic epoxy, glossy and reflective, no chips",finished,residential,,,4,True,metallic epoxy; copper floor; basement floor; swirled metallic; glossy floor; reflective floor; shelving; white cabinets,Liquid Art (All Areas)/E1E43BE6-E501-4EE4-B147-C8D384955663.JPG,m/f175ec0f1dde.jpg
f7e9e2dcba35,photo,Copper metallic epoxy garage floor,"Glossy copper-brown metallic epoxy garage floor with swirled pattern, white cabinets and unfinished wall",garage,metallic,Liquid Art,,,"warm copper-brown metallic with lighter tan swirls, high gloss",finished,residential,,,4,True,metallic epoxy; copper metallic; garage floor; swirled; glossy; cabinets; liquid art; reflective floor,Liquid Art (All Areas)/F7D06212-F4C5-41C2-8A1A-E3EAC1996400.JPG,m/f7e9e2dcba35.jpg
216cb5ae09eb,photo,Basement with gray metallic epoxy floor,"Basement room with a swirled light gray metallic epoxy floor, brown walls and a support pole, metallic floor coating",basement,metallic,Liquid Art,,,"light gray and taupe metallic swirls, marbled and reflective",finished,residential,,,4,True,metallic epoxy; basement floor; gray metallic; swirled finish; marbled floor; reflective; liquid art; finished floor; support pole,Liquid Art (All Areas)/FAD6676D-75E8-4EA1-A31F-311CEBBB84D6.JPG,m/216cb5ae09eb.jpg
c960cde11ac9,photo,Basement with copper metallic epoxy floor,Glossy copper metallic epoxy floor in a basement with gray walls and a treadmill visible through a doorway,basement,metallic,Liquid Art,,,"swirled copper orange metallic, glossy and reflective",finished,residential,,,4,True,basement; metallic epoxy; liquid art; glossy floor; swirled; gray walls; treadmill; reflective floor,Liquid Art (All Areas)/FD8385BD-2F1A-4788-AEAB-74C99B6DD472.JPG,m/c960cde11ac9.jpg
5e7f2f00e854,photo,Basement lounge with gray metallic floor,"Finished basement with gray metallic epoxy floor, lounge chairs and windows, Liquid Art metallic floor coating",basement,metallic,Liquid Art,,,"swirled gray and silver metallic with hints of blue, glossy marbled finish",finished,residential,,2018-07-05,4,True,metallic; gray metallic; basement; swirled; reflective; lounge chairs; windows; finished floor; liquid art,Liquid Art (All Areas)/GrayBasement.jpg,m/5e7f2f00e854.jpg
d35c194b80c7,photo,Metallic epoxy basement floor by carpeted staircase,"Glossy gray metallic epoxy basement floor reflecting a carpeted staircase and white columns, metallic floor coating",basement,metallic,Liquid Art,,,swirled gray and brown metallic epoxy with high gloss,finished,residential,,2021-01-05,5,True,metallic epoxy; basement floor; gray metallic; high gloss; reflective floor; staircase; finished floor; swirl pattern,Liquid Art (All Areas)/Gunmetal LA.jpg,m/d35c194b80c7.jpg
00e98ab64cbd,photo,Dark gray metallic epoxy floor in home hallway,"Hallway with dark gray marbled metallic epoxy floor reflecting a staircase, metallic floor coating",interior_room,metallic,Liquid Art,,,"dark gray and charcoal metallic swirls with a marbled, reflective finish",finished,residential,,2021-01-05,4,True,metallic epoxy; liquid art; hallway; staircase; dark gray; marbled floor; reflective floor; interior,Liquid Art (All Areas)/Gunmetal LA2.jpg,m/00e98ab64cbd.jpg
efe8ad9edc9a,photo,Red motorcycle on dark metallic garage floor,Red motorcycle front wheel and chrome engine on a dark gray metallic garage floor coating,garage,metallic,Liquid Art,,,dark charcoal gray metallic coating with fine light gray speckling,close_up,residential,,2019-07-11,4,False,garage; metallic floor; dark gray metallic; motorcycle; red motorcycle; chrome wheel; harley davidson; finished floor; close up,Liquid Art (All Areas)/Gunmetal on Black_.jpg,m/efe8ad9edc9a.jpg
db51aae02919,photo,Hallway with dark gray metallic epoxy floor,"Reflective dark gray metallic epoxy floor in a home hallway with staircase, metallic floor coating",interior_room,metallic,Liquid Art,,,"swirled dark gray metallic epoxy with lighter gray marbling, high gloss",finished,residential,,2021-01-05,4,True,metallic epoxy; gray floor; hallway; staircase; interior; reflective; swirled; residential; liquid art; finished,Liquid Art (All Areas)/Gunmetal1.jpg,m/db51aae02919.jpg
193aeca77aa7,photo,Basement with dark gray metallic floor and staircase,Glossy dark gray metallic epoxy floor in a basement with a carpeted staircase,basement,metallic,Liquid Art,,,"dark gray metallic with brown and gray marbled swirls, glossy reflective finish",finished,residential,,2021-01-05,4,True,metallic epoxy; basement floor; dark gray; marbled; reflective; staircase; finished floor; liquid art,Liquid Art (All Areas)/Gunmetal2.jpg,m/193aeca77aa7.jpg
bbc48394c8b4,photo,Dark charcoal metallic epoxy floor close up,"Close up of a dark gray metallic epoxy floor with marbled swirls and a wet footprint, metallic floor coating",not_visible,metallic,Liquid Art,,,"dark charcoal gray metallic with lighter gray swirls, glossy marbled finish",close_up,,Indianapolis,2022-02-23,3,False,metallic epoxy; liquid art; dark gray; marbled; swirl; close up; glossy; footprint,Liquid Art (All Areas)/IMG_0357.HEIC,m/bbc48394c8b4.jpg
e1af99ade030,photo,Metallic epoxy basement utility room floor,"Brown and copper metallic epoxy basement floor around a floor drain near a water heater, metallic basement floor coating",basement,metallic,Liquid Art,,,"swirled brown, copper and tan metallic, no chips",finished,residential,,,4,True,metallic; liquid art; basement; utility room; brown; swirled; floor drain; water heater; finished,Liquid Art (All Areas)/IMG_0642.JPG,m/e1af99ade030.jpg
ef7e5cff5990,photo,Living room with copper metallic epoxy floor,Living room with stone fireplace and swirled copper metallic epoxy floor coating,interior_room,metallic,Liquid Art,,,swirled copper and bronze metallic epoxy with lighter cream marbling,finished,residential,,,5,True,metallic epoxy; copper metallic; liquid art; living room; stone fireplace; swirled floor; interior floor; glossy finish; finished floor,Liquid Art (All Areas)/IMG_0643.JPG,m/ef7e5cff5990.jpg
799f5f515eb2,photo,Basement with tan metallic epoxy floor,"Basement utility room with tan and cream metallic epoxy floor, floor drain and water heater, metallic floor coating",basement,metallic,Liquid Art,,,tan and caramel metallic swirls with cream highlights,finished,residential,,,4,True,metallic epoxy; basement floor; tan metallic; swirled finish; floor drain; water heater; utility room; liquid art; glossy,Liquid Art (All Areas)/IMG_0644.JPG,m/799f5f515eb2.jpg
df6a0b3553e8,photo,Copper metallic epoxy floor in empty room,Glossy copper brown metallic epoxy floor with swirled pattern in an empty room with white baseboards,interior_room,metallic,Liquid Art,,,"coppery brown metallic with lighter tan swirls, glossy marbled finish",finished,residential,,,4,True,metallic epoxy; copper floor; swirled; glossy; interior room; liquid art; brown metallic; empty room; finished floor,Liquid Art (All Areas)/IMG_0645.JPG,m/df6a0b3553e8.jpg
507194f42218,photo,Gray metallic epoxy floor in white interior room,"Swirled gray and white metallic epoxy floor in a room with white walls and open door, metallic floor coating",interior_room,metallic,Liquid Art,,,"swirled metallic silver gray and white, marbled reflective finish, no chips",finished,residential,,,4,True,metallic epoxy; gray metallic; marbled floor; interior room; swirl pattern; glossy floor; white walls; liquid art,Liquid Art (All Areas)/IMG_0670.JPG,m/507194f42218.jpg
bc1202e927bc,photo,Gray metallic epoxy floor in residential room,Marbled gray and white metallic epoxy floor in a residential room with white walls,interior_room,metallic,Liquid Art,,,"marbled light gray and white metallic swirls, glossy finish",finished,residential,,,4,True,metallic epoxy; liquid art; gray floor; marbled; swirled; interior room; glossy; residential; finished floor,Liquid Art (All Areas)/IMG_0671.JPG,m/bc1202e927bc.jpg
3c35eff289ae,photo,Gray metallic epoxy floor in spare room,"Swirled gray and white metallic epoxy floor in a room with a wall mounted vanity and mirror, metallic floor coating",interior_room,metallic,Liquid Art,,,"swirled metallic gray and white, glossy marbled finish",finished,residential,,,4,True,metallic epoxy; gray metallic; marbled floor; swirl pattern; glossy floor; interior room; vanity mirror; liquid art,Liquid Art (All Areas)/IMG_0672.JPG,m/3c35eff289ae.jpg
8db7b8f1acea,photo,Basement bar with dark gray metallic floor,Basement bar and seating area with dark gray marbled metallic epoxy floor,basement,metallic,Liquid Art,,,"dark gray and silver marbled metallic swirls, glossy",finished,residential,,,5,True,basement; metallic epoxy; home bar; dark gray; swirl finish; glossy floor; bar stools; wine rack; finished floor; liquid art,Liquid Art (All Areas)/IMG_0852.jpeg,m/8db7b8f1acea.jpg
294fb0660eeb,photo,Close up of copper metallic epoxy floor,Close up of a swirled copper and bronze metallic epoxy floor coating,not_visible,metallic,Liquid Art,,,swirled metallic in copper and bronze tones with lighter tan marbling,close_up,,Outside markets,2019-01-29,3,False,metallic epoxy; liquid art; bronze; swirl; marbled; close up; reflective,Liquid Art (All Areas)/IMG_1639.JPG,m/294fb0660eeb.jpg
df489665419f,photo,Dark gray metallic epoxy floor in basement corner,"Dark gray marbled metallic epoxy floor in a basement corner with unfinished walls, metallic epoxy floor coating",basement,metallic,Liquid Art,,,"dark gray and silver swirled metallic epoxy, marbled wet look, no chips",finished,residential,Detroit,2019-04-02,3,False,metallic epoxy; liquid art; dark gray; swirled; marbled; basement; glossy; reflective; unfinished walls,Liquid Art (All Areas)/IMG_2464.JPG,m/df489665419f.jpg
f49fa07aa4c1,photo,Basement with dark gray metallic epoxy floor,"Basement with dark gray marbled metallic epoxy floor, yellow walls and hanging pendant lights",basement,metallic,Liquid Art,,,"dark gray and brown metallic swirls, marbled reflective finish",finished,residential,Detroit,2019-04-02,3,False,basement; metallic epoxy; liquid art; dark gray; marbled floor; swirled; pendant lights; reflective floor; finished,Liquid Art (All Areas)/IMG_2468.JPG,m/f49fa07aa4c1.jpg
58a4850ba3ff,photo,Dark metallic epoxy basement floor with pendant lights,Dark gray marbled metallic epoxy floor in a basement room with hanging pendant lights,basement,metallic,Liquid Art,,,"dark charcoal gray metallic with subtle marbled swirls, glossy finish",finished,residential,Detroit,2019-04-03,3,False,metallic epoxy; dark gray; marbled floor; basement; pendant lights; glossy; finished floor; liquid art,Liquid Art (All Areas)/IMG_2494.JPG,m/58a4850ba3ff.jpg
2a9509a8dd0b,photo,Basement with dark charcoal metallic epoxy floor,"Dark charcoal metallic epoxy basement floor with pendant lights and exposed ceiling, metallic basement floor coating",basement,metallic,Liquid Art,,,"dark gray to black metallic with subtle marbled swirls, glossy",finished,residential,Detroit,2019-04-03,3,False,basement; metallic epoxy; dark gray; marbled; glossy; pendant lights; exposed ceiling; stairs,Liquid Art (All Areas)/IMG_2497.JPG,m/2a9509a8dd0b.jpg
2eed0c1c3bb5,photo,Basement rec room with dark metallic floor,"Basement rec room with dark swirled metallic epoxy floor and light flake floor, leather recliners and treadmill",basement,metallic,Liquid Art,,,"dark gray to charcoal marbled metallic with light swirls; foreground floor has small gray, white and tan chips",finished,residential,,,3,False,basement; metallic floor; dark gray; marbled; swirled; rec room; leather recliners; entertainment center; treadmill; flake floor,Liquid Art (All Areas)/IMG_2925.JPG,m/2eed0c1c3bb5.jpg
6c518756d2ea,photo,Metallic swirl floor beside flake coating edge,Close-up of a dark marbled metallic epoxy floor meeting a tan and brown flake coated floor,not_visible,metallic,Liquid Art,,,"dark brown gray metallic swirls next to a tan, brown and black fine chip flake section",close_up,,,,3,False,metallic epoxy; liquid art; flake floor; close up; coating edge; swirl pattern; dark gray; tan chips,Liquid Art (All Areas)/IMG_2926.JPG,m/6c518756d2ea.jpg
9b092f194c74,photo,Sunroom with glossy brown marbled metallic floor,"Glossy brown marbled metallic floor in a sunroom with brick walls and large windows, metallic epoxy floor coating",interior_room,metallic,Liquid Art,,,"marbled tan and brown metallic swirls, glossy wet look, no chips",finished,residential,Indianapolis,2017-11-21,4,True,metallic floor; sunroom; enclosed porch; marbled; glossy; brown metallic; reflective floor; brick wall; windows,Liquid Art (All Areas)/IMG_3604.jpg,m/9b092f194c74.jpg
03bbdc75ac0a,photo,Basement with copper metallic epoxy floor,Copper-toned metallic epoxy floor in a finished basement with built-in shelves,basement,metallic,Liquid Art,,,"warm copper-orange metallic with subtle lighter marbling, glossy reflective finish",finished,residential,,,4,True,metallic epoxy; basement floor; copper metallic; glossy floor; reflective floor; built in shelves; liquid art; interior,Liquid Art (All Areas)/IMG_3750.JPG,m/03bbdc75ac0a.jpg
26689332dfa3,photo,Copper metallic floor in basement under renovation,"Glossy copper metallic epoxy floor in a basement with exposed insulation and cabinets, metallic floor coating",basement,metallic,Liquid Art,,,swirled copper-brown metallic with a glossy reflective finish,finished,residential,,,4,True,metallic; basement; glossy floor; reflective; swirled; liquid art; renovation; insulation; cabinets,Liquid Art (All Areas)/IMG_3751.JPG,m/26689332dfa3.jpg
3c8a43376633,photo,Copper metallic floor in basement under renovation,Glossy copper metallic epoxy floor in a basement with exposed wall studs and insulation,basement,metallic,Liquid Art,,,"orange copper metallic with subtle marbled swirls, glossy finish",finished,residential,,,4,False,metallic; basement; liquid art; glossy; marbled; exposed studs; renovation; orange floor,Liquid Art (All Areas)/IMG_3752.JPG,m/3c8a43376633.jpg
c6b365f37df5,photo,Basement with copper metallic epoxy floor,"Basement room with a glossy swirled copper metallic epoxy floor, gray walls and white door",basement,metallic,Liquid Art,,,"swirled orange copper metallic, glossy and reflective",finished,residential,,,4,True,basement; metallic epoxy; swirled; glossy floor; gray walls; white door; liquid art; reflective floor,Liquid Art (All Areas)/IMG_3753.JPG,m/c6b365f37df5.jpg
ceb7db1c6cf4,photo,Basement with copper metallic epoxy floor,"Unfinished basement with glossy copper-brown metallic epoxy floor and exposed stud walls, metallic floor coating",basement,metallic,Liquid Art,,,"warm copper-brown metallic with marbled swirls, high gloss",finished,residential,,,4,True,basement; metallic epoxy; marbled; glossy; exposed studs; insulation; gray walls; liquid art; finished floor,Liquid Art (All Areas)/IMG_3754.JPG,m/ceb7db1c6cf4.jpg
77eb27252108,photo,Basement with copper metallic epoxy floor,"Glossy copper metallic epoxy floor in a basement with cabinets and exposed insulation, metallic floor coating",basement,metallic,Liquid Art,,,"swirled copper brown metallic, glossy reflective finish",finished,residential,,,4,True,metallic epoxy; basement; glossy floor; swirled; reflective; cabinets; liquid art,Liquid Art (All Areas)/IMG_3755.JPG,m/77eb27252108.jpg
d6d4cfa43f7b,doc,Brown metallic epoxy floor in basement room,"Brown marbled metallic epoxy floor in a room with red and beige walls, metallic epoxy floor coating",basement,metallic,Liquid Art,,,"brown metallic swirl with lighter tan marbling, no chips",finished,residential,,,4,True,metallic epoxy; brown metallic; marbled floor; basement floor; liquid art; red wall; reflective floor; interior floor,Liquid Art (All Areas)/IMG_3850.pdf,m/d6d4cfa43f7b.jpg
a6746de52c6a,photo,Blue metallic floor with star wall decor,"Glossy blue metallic epoxy floor in a room with black barn star wall decor, Liquid Art metallic floor coating",interior_room,metallic,Liquid Art,,,"vivid blue metallic with lighter blue and white swirls, glossy",finished,residential,,,4,True,metallic epoxy; blue floor; liquid art; swirled; glossy; interior room; star decor; reflective,Liquid Art (All Areas)/IMG_3947.HEIC,m/a6746de52c6a.jpg
d04e4b4c723a,photo,Blue metallic epoxy floor in showroom corner,"Glossy blue metallic epoxy floor with swirling patterns in a showroom corner with brochure racks, metallic epoxy floor coating",showroom_or_retail,metallic,Liquid Art,,,bright blue metallic with lighter blue and white swirls,finished,commercial,,,4,True,metallic epoxy; blue floor; swirled; glossy; showroom; brochure racks; liquid art; reflective floor,Liquid Art (All Areas)/IMG_3948.HEIC,m/d04e4b4c723a.jpg
7128480a7cd0,photo,Blue metallic epoxy floor freshly applied,"Freshly applied blue metallic epoxy floor with marbled swirls in a room corner, metallic epoxy floor coating",interior_room,metallic,Liquid Art,,,vivid blue metallic with lighter blue and white marbled swirls,in_progress,residential,,,4,False,metallic epoxy; liquid art; blue floor; marbled; swirled; in progress; interior room; glossy,Liquid Art (All Areas)/IMG_3949.HEIC,m/7128480a7cd0.jpg
dcbcb3a154ad,photo,Brown metallic epoxy floor in home hallway,"Screenshot of a brown and tan swirled metallic epoxy floor in a residential hallway, metallic epoxy floor coating",interior_room,metallic,Liquid Art,,,"brown and tan swirled metallic epoxy, marbled coffee tones",finished,residential,,,2,False,metallic epoxy; liquid art; brown metallic; swirled floor; hallway; interior floor; screenshot; glossy floor,Liquid Art (All Areas)/IMG_4261.JPG,m/dcbcb3a154ad.jpg
5f862c14cd30,photo,Red metallic epoxy floor in interior room,"Swirled red metallic epoxy floor in an interior room with white walls and dark baseboards, Liquid Art metallic floor coating",interior_room,metallic,Liquid Art,,,"swirled red-orange metallic epoxy, no chips",finished,residential,Indianapolis,2019-07-15,4,True,metallic epoxy; red floor; liquid art; swirled; interior room; finished floor; glossy; baseboards,Liquid Art (All Areas)/IMG_4424.JPG,m/5f862c14cd30.jpg
47b26970aa62,photo,Copper metallic epoxy floor in interior room,"Swirled copper orange metallic epoxy floor in an interior room, Liquid Art metallic floor coating",interior_room,metallic,Liquid Art,,,"swirled orange copper metallic epoxy with visible trowel swirl pattern, no chips",finished,residential,Indianapolis,2019-07-15,4,True,metallic epoxy; swirl pattern; interior floor; liquid art; orange floor; glossy; finished,Liquid Art (All Areas)/IMG_4426.JPG,m/47b26970aa62.jpg
27a2a2f53beb,photo,Brown metallic epoxy floor with taped edges,Brown and bronze metallic epoxy floor with marbled swirls and masking tape along baseboards,interior_room,metallic,Liquid Art,,,swirled brown metallic with bronze and copper highlights,in_progress,residential,Indianapolis,2019-07-30,3,False,metallic epoxy; liquid art; brown metallic; swirled floor; interior floor; taped edges; in progress; glossy,Liquid Art (All Areas)/IMG_4879.JPG,m/27a2a2f53beb.jpg
319c9f9ef019,photo,Copper metallic epoxy floor in interior room,Swirled brown copper metallic epoxy floor in a room with white walls and baseboard tape,interior_room,metallic,Liquid Art,,,"swirled warm brown and copper metallic, glossy marbled finish",finished,residential,Indianapolis,2019-07-30,4,True,metallic epoxy; liquid art; brown metallic; swirl pattern; interior floor; glossy floor; marbled,Liquid Art (All Areas)/IMG_4880.JPG,m/319c9f9ef019.jpg
356c1e3b332a,photo,Copper metallic epoxy floor with saw cut joints,Glossy copper and bronze metallic epoxy floor with saw cut joints in a residential interior room,interior_room,metallic,Liquid Art,,,"swirled metallic copper and bronze with darker brown marbling, glossy finish",finished,residential,Indianapolis,2019-07-30,4,True,metallic epoxy; copper metallic floor; swirled metallic; liquid art; glossy floor; interior floor; saw cut joints; bronze; residential,Liquid Art (All Areas)/IMG_4881.JPG,m/356c1e3b332a.jpg
8c0dd86d8376,photo,Copper metallic epoxy being poured indoors,Wet copper and brown metallic epoxy coating spread across an interior concrete floor,interior_room,metallic,Liquid Art,,,"swirled copper and brown metallic epoxy, no chips, still wet",in_progress,residential,,,3,False,metallic epoxy; wet coating; in progress; interior floor; swirled; poured epoxy; unfinished room,Liquid Art (All Areas)/IMG_5109.HEIC,m/8c0dd86d8376.jpg
e8262284f971,photo,Brown metallic floor in unfinished interior room,"Empty room with brown metallic epoxy floor with marbled swirls, metallic floor coating",interior_room,metallic,Liquid Art,,,"brown metallic with lighter tan swirls, marbled reflective look",finished,residential,,,4,True,metallic floor; brown; marbled; swirl; basement; interior room; glossy; liquid art; empty room; reflective,Liquid Art (All Areas)/IMG_5110.HEIC,m/e8262284f971.jpg
6710cd15eaca,photo,Empty room with copper metallic epoxy floor,"Glossy copper metallic epoxy floor with bronze marbling in an empty white room, Liquid Art metallic floor coating",interior_room,metallic,Liquid Art,,,"swirled copper and bronze metallic epoxy with lighter and darker brown marbling, high gloss, no chips",finished,residential,,,4,True,metallic epoxy; liquid art; interior room; high gloss; swirled; marbled floor; basement or living space; finished floor,Liquid Art (All Areas)/IMG_5111.HEIC,m/6710cd15eaca.jpg
6508d62eac14,photo,Basement with fresh copper metallic epoxy floor,"Freshly coated copper metallic epoxy floor in a basement with visible furnace room, Liquid Art metallic floor",basement,metallic,Liquid Art,,,"warm copper brown metallic with marbled swirls, high gloss",in_progress,residential,,,4,False,basement; metallic epoxy; liquid art; marbled; glossy; wet edge; furnace room; in progress; residential,Liquid Art (All Areas)/IMG_5112.HEIC,m/6508d62eac14.jpg
3339accfd5b9,photo,Basement with copper metallic epoxy floor,Copper metallic epoxy floor in a basement room with white walls and taped baseboards,basement,metallic,Liquid Art,,,"swirled copper and brown metallic epoxy, marbled and reflective, no chips",finished,residential,,,4,True,metallic epoxy; copper floor; basement floor; marbled finish; reflective floor; liquid art; brown metallic; finished floor,Liquid Art (All Areas)/IMG_5113.HEIC,m/3339accfd5b9.jpg
06992e4343f8,photo,Brown metallic epoxy floor in sunroom,"Glossy brown metallic epoxy floor in a sunroom with large windows overlooking a green lawn, metallic floor coating",patio_or_porch,metallic,Liquid Art,,,"medium brown metallic with lighter tan swirls, marbled and glossy",finished,residential,,,4,True,metallic epoxy; brown metallic; sunroom; porch floor; marbled floor; glossy floor; windows; liquid art; finished floor,Liquid Art (All Areas)/IMG_6291.JPG,m/06992e4343f8.jpg
e7f753ef6f79,photo,Sunroom with brown metallic epoxy floor,"Enclosed porch with glossy brown marbled metallic epoxy floor and white trim, metallic floor coating",patio_or_porch,metallic,Liquid Art,,,"warm brown metallic with lighter tan marbled swirls, glossy",finished,residential,,,4,True,metallic epoxy; liquid art; brown metallic; sunroom; enclosed porch; glossy floor; marbled; residential; finished floor,Liquid Art (All Areas)/IMG_6294.JPG,m/e7f753ef6f79.jpg
a592c376d6f0,photo,Brown metallic epoxy garage floor with saw cuts,"Glossy brown metallic epoxy floor with swirled marbling and saw-cut joints, metallic garage floor coating",garage,metallic,Liquid Art,,,glossy swirled brown metallic with lighter tan marbling,finished,residential,,,4,True,metallic epoxy; brown metallic; marbled floor; glossy finish; garage floor; saw cut joints; liquid art; swirl pattern,Liquid Art (All Areas)/IMG_6295.JPG,m/a592c376d6f0.jpg
9fd278e1eda0,photo,Sunroom with copper metallic epoxy floor,Sunroom with a glossy copper-swirl metallic epoxy floor and large windows overlooking the lawn.,interior_room,metallic,Liquid Art,,,"brown and copper metallic swirls, glossy reflective finish, no chips",finished,residential,,,4,False,metallic epoxy; copper floor; sunroom; swirl pattern; glossy floor; reflective; windows; liquid art; interior floor,Liquid Art (All Areas)/IMG_6296.JPG,m/9fd278e1eda0.jpg
830f6058250f,photo,Screened porch with brown metallic epoxy floor,"Glossy brown marbled metallic epoxy floor in a screened porch with sliding glass doors, metallic floor coating",patio_or_porch,metallic,Liquid Art,,,"marbled brown metallic with lighter tan swirls, glossy finish",finished,residential,,,4,True,metallic epoxy; brown metallic; screened porch; patio floor; glossy floor; marbled finish; liquid art; reflective floor,Liquid Art (All Areas)/IMG_6301.JPG,m/830f6058250f.jpg
abf304752345,photo,Brown metallic epoxy floor in screened porch,"Glossy brown metallic epoxy floor in a screened porch with wood walls and sliding doors, Liquid Art metallic floor coating",patio_or_porch,metallic,Liquid Art,,,"brown and tan swirled metallic epoxy, high gloss",finished,residential,,,4,True,metallic epoxy; liquid art; brown floor; swirled; high gloss; screened porch; sunroom; sliding doors; reflective,Liquid Art (All Areas)/IMG_6302.JPG,m/abf304752345.jpg
df2e7a5dc674,photo,Sunroom with glossy brown metallic epoxy floor,Sunroom with glossy brown metallic epoxy floor and large windows overlooking a green lawn,patio_or_porch,metallic,Liquid Art,,,warm medium brown metallic with lighter tan swirls,finished,residential,,,4,True,metallic epoxy; brown metallic floor; sunroom; reflective floor; swirled finish; windows; residential; liquid art,Liquid Art (All Areas)/IMG_6303.JPG,m/df2e7a5dc674.jpg
34ed2d448ff3,photo,Drum kit on gray metallic epoxy floor,Drum kit and guitar cases on a dark gray swirled metallic epoxy garage floor with a motorcycle poster,garage,metallic,Liquid Art,,,"dark gray metallic with lighter gray and white swirls, no chips",finished,residential,,,4,True,metallic epoxy; garage floor; gray metallic; swirled finish; drum kit; guitar cases; music room; reflective floor,Liquid Art (All Areas)/IMG_6958.JPG,m/34ed2d448ff3.jpg
12eaf65f4e23,photo,Music room with dark gray metallic floor,"Music room with drum kit and keyboard on a dark gray swirled metallic epoxy floor, Liquid Art metallic floor coating",interior_room,metallic,Liquid Art,,,"dark gray and silver metallic swirls, marbled reflective finish",finished,residential,,,4,False,metallic; liquid art; gray metallic; swirled floor; music room; drum kit; keyboard; reflective floor; finished,Liquid Art (All Areas)/IMG_6959.JPG,m/12eaf65f4e23.jpg
a2ede67bf49f,photo,Basement music room with dark gray metallic floor,"Basement music room with a dark gray marbled metallic epoxy floor, drum set, keyboard and motorcycle banner",basement,metallic,Liquid Art,,,"dark gray and charcoal swirled metallic, reflective marbled finish",finished,residential,,,4,True,metallic epoxy; liquid art; basement; music room; drum set; keyboard; dark gray; marbled; reflective floor; finished,Liquid Art (All Areas)/IMG_6960.JPG,m/a2ede67bf49f.jpg
0806b49dbd66,photo,Before and after metallic floor in hobby room,"Before and after of a room floor, bare concrete above and a glossy brown gray marbled metallic epoxy floor below",interior_room,metallic,Liquid Art,,,"dark brown and gray marbled metallic, glossy swirled finish",before_after,residential,,,4,True,before and after; metallic epoxy; marbled floor; brown gray metallic; glossy floor; interior room; motorcycle posters; carpet removal,Liquid Art (All Areas)/IMG_6961.JPG,m/0806b49dbd66.jpg
bc8be5a8af54,photo,Basement with dark charcoal metallic epoxy floor,"Basement with carpeted stairs and a dark gray swirled metallic epoxy floor, metallic floor coating",basement,metallic,Liquid Art,,,"dark charcoal gray metallic with lighter silver-gray swirls, highly reflective",finished,residential,,,4,True,basement; metallic epoxy; liquid art; dark gray; swirl pattern; reflective floor; carpeted stairs; finished floor,Liquid Art (All Areas)/IMG_6962.JPG,m/bc8be5a8af54.jpg
87abd39571ab,photo,Basement utility room with gray metallic floor,"Gray metallic epoxy floor with marbled swirls in a basement utility room, Liquid Art metallic coating",basement,metallic,Liquid Art,,,"dark gray and blue-gray metallic swirls, marbled reflective finish",finished,residential,,,3,False,metallic epoxy; liquid art; basement floor; gray swirls; marbled finish; utility room; cinder block walls; sump pit,Liquid Art (All Areas)/IMG_6963.JPG,m/87abd39571ab.jpg
21a16ef1b8f6,photo,Garage with dark gray metallic epoxy floor,"Garage room with glossy dark gray marbled metallic epoxy floor, motorcycle posters on white walls",garage,metallic,Liquid Art,,,dark gray metallic with lighter silver marbling and swirls,finished,residential,,,4,True,metallic epoxy; liquid art; dark gray; silver marbling; garage; motorcycle posters; glossy floor; finished,Liquid Art (All Areas)/IMG_6964.JPG,m/21a16ef1b8f6.jpg
5c718635ec89,photo,Basement room with dark metallic epoxy floor,Room with glossy dark gray metallic epoxy floor and motorcycle banners on white walls,interior_room,metallic,Liquid Art,,,"dark gray and silver metallic swirls, glossy marbled finish",finished,residential,,,4,True,metallic epoxy; dark gray; marbled floor; glossy; motorcycle banner; basement; liquid art; finished floor; reflective,Liquid Art (All Areas)/IMG_6965.JPG,m/5c718635ec89.jpg
36fdce5210fc,photo,Garage with dark gray metallic epoxy floor,"Garage with dark gray swirled metallic epoxy floor and motorcycle wall banner, reflective Liquid Art metallic floor coating",garage,metallic,Liquid Art,,,dark gray and black swirled metallic epoxy with lighter gray marbling,finished,residential,,,4,True,metallic epoxy; garage floor; dark gray; reflective; swirled finish; motorcycle banner; finished floor,Liquid Art (All Areas)/IMG_6966.JPG,m/36fdce5210fc.jpg
81009084d83f,photo,Copper metallic epoxy floor in unfinished basement,"Swirled copper brown metallic epoxy floor in a basement with bare concrete walls, metallic epoxy floor coating",basement,metallic,Liquid Art,,,"swirled copper brown metallic epoxy, marbled and reflective, no chips",finished,residential,Indianapolis,2019-10-28,4,True,metallic epoxy; marbled floor; basement floor; swirled; reflective; concrete walls; liquid art,Liquid Art (All Areas)/IMG_7038.JPG,m/81009084d83f.jpg
2de552fc67de,photo,Copper metallic floor in unfinished basement,"Glossy copper metallic epoxy floor reflecting unfinished basement walls, metallic floor coating",basement,metallic,Liquid Art,,,"copper orange metallic with marbled variation, very glossy and reflective",finished,residential,,,3,False,metallic; basement; reflective; glossy; marbled; unfinished walls; liquid art,Liquid Art (All Areas)/IMG_7714.JPG,m/2de552fc67de.jpg
4ec1033c04b5,photo,Basement room with gray metallic epoxy floor,"Glossy gray marbled metallic epoxy floor in an empty room with white baseboards, metallic floor coating",interior_room,metallic,Liquid Art,,,"marbled medium gray metallic with lighter gray and white swirls, high gloss",finished,residential,,,4,True,metallic epoxy; gray metallic; marbled floor; high gloss; interior room; basement; liquid art; swirled; finished floor,Liquid Art (All Areas)/IMG_7758.JPG,m/4ec1033c04b5.jpg
e1299d9bfc82,photo,Gray metallic epoxy floor in kitchen area,Glossy gray marbled metallic epoxy floor in a residential room with white cabinets and counters,interior_room,metallic,Liquid Art,,,"marbled medium gray metallic with lighter gray swirls, glossy reflective finish",finished,residential,,,3,False,metallic epoxy; gray metallic; marbled floor; glossy floor; kitchen; interior floor; liquid art; reflective floor,Liquid Art (All Areas)/IMG_7759.JPG,m/e1299d9bfc82.jpg
c65ee1a67773,photo,Gray metallic epoxy floor in finished room,"Glossy gray marbled metallic epoxy floor in a room with white cabinets and trim, metallic floor coating",interior_room,metallic,Liquid Art,,,"light and medium gray marbled metallic swirls, glossy finish",finished,residential,,,4,True,metallic epoxy; gray metallic; marbled floor; glossy floor; interior room; white cabinets; swirl pattern; finished floor,Liquid Art (All Areas)/IMG_7760.JPG,m/c65ee1a67773.jpg
95d66a1e54e3,photo,Gray metallic epoxy floor in basement room,"Swirled gray metallic epoxy floor in an empty basement room with white baseboards, Liquid Art metallic floor",basement,metallic,Liquid Art,,,"swirled gray and silver metallic, marbled look, no chips",finished,residential,,,4,True,metallic; gray metallic; swirled floor; basement; liquid art; marbled epoxy; empty room; white baseboards; finished floor,Liquid Art (All Areas)/IMG_7761.JPG,m/95d66a1e54e3.jpg
23c83fab448b,photo,Basement with gray metallic epoxy floor,Empty basement room with a glossy gray marbled metallic epoxy floor and open white door,basement,metallic,Liquid Art,,,"gray and silver metallic swirls, marbled and reflective",finished,residential,,,4,True,basement; metallic epoxy; gray floor; marbled; glossy; liquid art; finished floor; interior,Liquid Art (All Areas)/IMG_7762.JPG,m/23c83fab448b.jpg
e9518b3df81e,photo,Basement corner with dark gray metallic floor,"Dark gray marbled metallic floor in a basement corner with white trim, Liquid Art metallic epoxy",basement,metallic,Liquid Art,,,"dark gray and silver metallic swirls, marbled look",finished,residential,,,3,False,metallic floor; dark gray; marbled; basement; gray walls; white baseboards; interior floor; swirl finish,Liquid Art (All Areas)/IMG_7763.JPG,m/e9518b3df81e.jpg
03ec63a40592,photo,Gray metallic epoxy hallway with blue accent room,"Hallway with marbled gray metallic epoxy floor, torch flame reflection and doorway to blue room, metallic floor coating",interior_room,metallic,Liquid Art,,,"swirled gray and silver metallic epoxy, marbled look",in_progress,residential,,,4,True,metallic epoxy; gray metallic; hallway floor; liquid art; marbled floor; swirled; glossy; interior floor; torch; blue accent room,Liquid Art (All Areas)/IMG_7764.JPG,m/03ec63a40592.jpg
2a1230f2a9d4,photo,Gray metallic hallway floor with blue room,"Gray swirled metallic epoxy floor in a hallway, blue metallic floor visible in adjoining room, metallic floor coating",interior_room,metallic,Liquid Art,,,light and mid gray marbled metallic swirl with a blue metallic floor in the next room,finished,residential,,,3,False,metallic epoxy; liquid art; gray metallic floor; blue metallic floor; hallway; interior floor; swirled finish; residential,Liquid Art (All Areas)/IMG_7765.JPG,m/2a1230f2a9d4.jpg
861a8d39810c,photo,Blue metallic floor through doorway,"Blue-gray metallic epoxy floor in an interior room viewed through a doorway, metallic floor coating",interior_room,metallic,Liquid Art,,,swirled blue-gray metallic with lighter marbling,finished,residential,,,4,True,metallic; blue floor; swirled; interior room; doorway; marbled; finished floor,Liquid Art (All Areas)/IMG_7766.JPG,m/861a8d39810c.jpg
373e6db51542,photo,Blue metallic epoxy floor in interior room,"Marbled blue metallic epoxy floor seen through a doorway into a room with blue walls, metallic floor coating",interior_room,metallic,Liquid Art,,,"marbled metallic blue with lighter and darker swirls, no chips",finished,residential,,,4,True,metallic epoxy; blue floor; marbled; interior room; doorway; swirl pattern; liquid art; basement or bedroom; finished floor,Liquid Art (All Areas)/IMG_7767.JPG,m/373e6db51542.jpg
1950b4f60fd2,photo,Gray metallic epoxy floor in interior room,"Gray swirled metallic epoxy floor in a room with light gray walls, metallic epoxy floor coating",interior_room,metallic,Liquid Art,,,"swirled gray and silver metallic epoxy, glossy and marbled",finished,residential,,,4,True,metallic epoxy; gray metallic; swirled floor; interior room; glossy floor; marbled; finished floor,Liquid Art (All Areas)/IMG_7770.JPG,m/1950b4f60fd2.jpg
f44f8d9b2dda,photo,Gray metallic epoxy floor in interior room,"Glossy gray marbled metallic epoxy floor in a room with dark walls and white baseboards, metallic floor coating",interior_room,metallic,Liquid Art,,,"swirled medium gray and light gray metallic, marbled, glossy",finished,residential,,,4,True,metallic epoxy; gray metallic; marbled floor; interior room; glossy floor; swirled; liquid art; finished floor,Liquid Art (All Areas)/IMG_7771.JPG,m/f44f8d9b2dda.jpg
4fb658386698,photo,Gray metallic epoxy floor in dark walled room,"Gray marbled metallic epoxy floor in a room with dark walls and white baseboards, metallic floor coating",interior_room,metallic,Liquid Art,,,"swirled gray metallic with darker and lighter gray marbling, glossy finish",finished,residential,,,4,True,metallic epoxy; gray floor; marbled finish; swirl pattern; interior room; glossy floor; dark walls; white baseboards; liquid art,Liquid Art (All Areas)/IMG_7772.JPG,m/4fb658386698.jpg
f48075c3c541,photo,Gray metallic epoxy floor in kitchen area,"Marbled gray metallic epoxy floor beside white kitchen cabinets, metallic floor coating",interior_room,metallic,Liquid Art,,,"marbled metallic gray with lighter gray and white swirls, no chips",finished,residential,,,4,True,metallic epoxy; gray metallic; marbled floor; kitchen; interior floor; gray cabinets; swirl pattern; liquid art; finished floor,Liquid Art (All Areas)/IMG_7773.JPG,m/f48075c3c541.jpg
fe92e8f0f130,photo,Interior room with gray metallic epoxy floor,"Gray marbled metallic epoxy floor in a room with white cabinets and gray walls, metallic floor coating",interior_room,metallic,Liquid Art,,,"gray metallic with lighter gray marbled swirls, high gloss",finished,residential,,,4,True,metallic epoxy; gray metallic; marbled floor; interior room; cabinets; glossy floor; finished; liquid art,Liquid Art (All Areas)/IMG_7774.JPG,m/fe92e8f0f130.jpg
fa5ecc46c91e,photo,Gray metallic epoxy floor in finished room,Glossy gray marbled metallic epoxy floor in a finished interior room with white cabinets and baseboards,interior_room,metallic,Liquid Art,,,"marbled metallic in medium and dark gray swirls, glossy finish",finished,residential,,,4,True,metallic epoxy; gray floor; marbled; swirled; interior room; glossy; cabinets; finished floor; liquid art,Liquid Art (All Areas)/IMG_7776.JPG,m/fa5ecc46c91e.jpg
01974fdfd3a2,photo,Marbled gray metallic floor in empty room,"Empty room with a marbled gray metallic epoxy floor and white baseboards, metallic floor coating",interior_room,metallic,Liquid Art,,,light and medium gray marbled metallic with soft white swirls,finished,residential,,,4,True,metallic epoxy; gray metallic; marbled floor; interior floor; swirl pattern; empty room; finished floor; liquid art,Liquid Art (All Areas)/IMG_7777.JPG,m/01974fdfd3a2.jpg
4323c9b9d3c5,photo,Metallic gray epoxy floor in small closet,"Gray and taupe marbled metallic epoxy floor in a small interior closet or alcove, metallic epoxy floor coating",interior_room,metallic,Liquid Art,,,gray and taupe marbled metallic swirls with lighter silver highlights,finished,residential,,,3,False,metallic epoxy; gray floor; closet; interior floor; marbled; swirled; reflective; finished floor; liquid art,Liquid Art (All Areas)/IMG_7778.JPG,m/4323c9b9d3c5.jpg
fa1fc3264384,photo,Blue metallic floor with orange walls,"Blue metallic epoxy floor in a room with orange walls and Gators border tape, Liquid Art metallic floor",interior_room,metallic,Liquid Art,,,deep vivid blue metallic with darker blue swirls and sparkle,finished,residential,,,4,True,metallic epoxy; blue metallic; liquid art; orange walls; swirled floor; reflective floor; interior room; gators theme,Liquid Art (All Areas)/IMG_8278.JPG,m/fa1fc3264384.jpg
0a1708394959,photo,Blue metallic epoxy floor in brick room,"Vivid blue metallic epoxy floor with marbled swirls in a room with painted brick walls, Liquid Art metallic floor",interior_room,metallic,Liquid Art,,,vivid blue metallic with darker marbled swirls and scattered sparkle,finished,residential,,,4,True,metallic epoxy; blue floor; marbled; swirl; brick walls; interior room; glossy; liquid art,Liquid Art (All Areas)/IMG_8280.JPG,m/0a1708394959.jpg
fd071c22151d,photo,Basement with vivid blue metallic epoxy floor,"Glossy blue metallic epoxy floor in a basement with painted brick walls and a support column, metallic floor coating",basement,metallic,Liquid Art,,,vivid blue metallic with swirled lighter and darker blue marbling,finished,residential,,,4,True,metallic epoxy; blue floor; basement; painted brick wall; support column; glossy; swirled; liquid art; finished floor,Liquid Art (All Areas)/IMG_8281.JPG,m/fd071c22151d.jpg
79ae279c6ae3,photo,Gray metallic epoxy floor in basement,"Gray marbled metallic epoxy floor in a basement room with a support post, metallic floor coating",basement,metallic,Liquid Art,,,"swirled gray and silver metallic, marbled reflective finish, no chips",finished,residential,,,4,True,metallic epoxy; gray metallic; basement floor; swirled; marbled; reflective; support post; liquid art,Liquid Art (All Areas)/IMG_8282.JPG,m/79ae279c6ae3.jpg
a338e39028e7,photo,Gray metallic epoxy floor in white room,"Swirled light gray metallic epoxy floor with white cabinets and walls, metallic floor coating",interior_room,metallic,Liquid Art,,,"light gray and silver metallic swirls, marbled reflective finish",finished,residential,,,4,True,metallic epoxy; gray metallic; swirled floor; interior room; white cabinets; reflective floor; liquid art; finished floor,Liquid Art (All Areas)/IMG_8283.JPG,m/a338e39028e7.jpg
8b1a07116a5e,photo,Metallic epoxy floor in residential interior room,Glossy gray and brown swirled metallic epoxy floor in an interior room with doorways,interior_room,metallic,Liquid Art,,,"swirled gray and brown metallic with lighter marbling, glossy finish",finished,residential,,,3,False,metallic epoxy; liquid art; interior floor; gray metallic; swirled floor; glossy finish; residential; doorway,Liquid Art (All Areas)/IMG_8284.JPG,m/8b1a07116a5e.jpg
e14c6a58d268,photo,Gray metallic epoxy floor in interior room,"Interior room with gray swirled metallic epoxy floor, white cabinetry and floor vent; Liquid Art metallic floor coating",interior_room,metallic,Liquid Art,,,"gray and charcoal marbled metallic swirls, reflective",finished,residential,,,4,True,metallic epoxy; liquid art; gray metallic; swirled; reflective floor; interior room; white cabinets; floor vent; finished,Liquid Art (All Areas)/IMG_8285.JPG,m/e14c6a58d268.jpg
7fb43035db1e,photo,Dark gray metallic floor in small interior room,"Glossy dark gray metallic epoxy floor with subtle marbling in a small interior room, metallic floor coating",interior_room,metallic,Liquid Art,,,"dark gray to black metallic with subtle lighter gray marbling, high gloss",finished,residential,,2019-11-11,4,True,metallic epoxy; dark gray floor; glossy floor; interior room; marbled finish; reflective floor; liquid art,Liquid Art (All Areas)/LidArtBlack.jpg,m/7fb43035db1e.jpg
d4e10d1da6c0,photo,Dark charcoal metallic epoxy floor in empty room,"Dark gray marbled metallic epoxy floor in an empty interior room, Liquid Art metallic floor coating",interior_room,metallic,Liquid Art,,,"dark gray to charcoal metallic swirls, glossy marbled finish",finished,residential,,2019-11-11,4,True,metallic epoxy; dark gray floor; marbled; glossy; interior room; liquid art; swirl pattern; residential,Liquid Art (All Areas)/LiqArtBlack2.jpg,m/d4e10d1da6c0.jpg
11b92fddbb6b,photo,Garage with gray flake floor and custom logos,"Gray full flake garage floor with black custom logo and lettering, open garage door, stone exterior columns",garage,full_flake,,,,"gray base with black, white and light gray chips, medium size",finished,residential,,,4,True,custom logo; garage; full flake; gray chips; black chips; finished floor; stone columns; open garage door; gray walls,Logo Floors/1BF0EC5F-2D78-4753-A748-78C9ACD6ECAC.JPG,m/11b92fddbb6b.jpg
85ed0597360f,photo,Garage with gray flake floor and custom logos,"Gray full flake garage floor with a black shield logo and lettering set into the coating, full flake garage floor",garage,full_flake,,,,"light gray base with white, black and light gray chips, small to medium size",finished,residential,,,4,True,custom logo; garage; full flake; gray floor; white black gray chips; finished floor; two windows; logo inlay; residential,Logo Floors/58B297BE-2550-451B-AA69-A1168DB2D592.JPG,m/85ed0597360f.jpg
63daff0688e7,video,Crew installing custom floor logo,"Worker hand finishing a large custom logo floor design in tan, black and red",commercial_or_industrial,unknown,,,,"tan, black and red coating with white accents in a custom logo design",in_progress,commercial,Indianapolis,2022-03-03,4,False,custom logo; logo floor; crew working; in progress; stencil work; commercial floor; hand detailing; tan floor,Logo Floors/IMG_0560 2.MOV,m/63daff0688e7.jpg
0c379be23cdf,photo,Crew installing custom logo stencil on coated floor,Worker heating and scraping a large tan custom floor logo stencil on a flake coated garage floor,garage,unknown,,,,,in_progress,residential,Indianapolis,2022-03-03,3,False,custom logo; logo floor; stencil; heat gun; in progress; flake floor; garage; crew working,Logo Floors/IMG_0561 2.HEIC,m/0c379be23cdf.jpg
7e984244ff3a,photo,Crew installing custom logo stencil on flake floor,Worker heating a black logo stencil on a gray full flake garage floor with custom logo work,garage,full_flake,,,,"gray, white and black chips with some tan, medium size",crew_working,,Indianapolis,2022-03-03,4,True,custom logo; logo stencil; full flake; gray chips; crew working; torch; garage floor; in progress,Logo Floors/IMG_0562 2.HEIC,m/7e984244ff3a.jpg
401ddeaab219,photo,Installer applying custom logo mat on flake floor,Worker heating and smoothing a large custom logo stencil on a gray full flake garage floor coating,garage,full_flake,,,,"shot_type gray, white and black chips, small to medium size",in_progress,,Indianapolis,2022-03-03,4,False,custom logo; logo floor; in progress; installer; torch; stencil; gray flake; garage floor; full flake,Logo Floors/IMG_0563 2.HEIC,m/401ddeaab219.jpg
86c938b3baa9,photo,Installer heating custom logo floor stencil,Crew member using a torch on a large tan and black custom logo stencil over a speckled flake floor,not_visible,unknown,,,,,in_progress,,Indianapolis,2022-03-03,4,False,custom logo; stencil work; torch; crew working; flake floor; logo floor; in progress; close up,Logo Floors/IMG_0564 2.HEIC,m/86c938b3baa9.jpg
3b0c3e3925aa,photo,Crew member laying custom horse logo floor,Worker kneeling while installing a large custom horse and lettering logo on a gray flake garage floor,garage,full_flake,,,,fine gray and white chips on the surrounding floor,in_progress,residential,Indianapolis,2022-03-03,3,False,custom logo; logo floor; garage; in progress; crew working; gray flake; horse design; stencil,Logo Floors/IMG_0566 2.HEIC,m/3b0c3e3925aa.jpg
3a32ef8581cf,photo,Crew member finishing Porsche logo flake floor,Installer in GatorGuard hoodie detailing a large Porsche crest logo set into a gray full flake garage floor coating,garage,full_flake,,,,"gray, white and black chips, small to medium size, with a large tan, red and black Porsche crest logo",in_progress,residential,Indianapolis,2022-03-03,4,False,custom logo; porsche logo; full flake; gray chips; garage floor; logo floor; crew working; in progress; detail work,Logo Floors/IMG_0569 2.HEIC,m/3a32ef8581cf.jpg
1ccd442ae563,video,Crew installing custom logo on flake floor,"Worker heating a large tan and black logo stencil on a gray flake floor, custom logo floor coating in progress",commercial_or_industrial,full_flake,,,,"gray, white and black chips, small to medium size",in_progress,,Indianapolis,2022-03-03,3,False,custom logo; logo floor; in progress; crew working; gray flake; heat gun; stencil; flake floor,Logo Floors/IMG_0571 2.MOV,m/1ccd442ae563.jpg
518df91f2584,photo,Garage floor with custom Porsche crest logo,"Gray full flake garage floor with large custom Porsche crest logo, white cabinets and bench, crew member in foreground",garage,full_flake,,,,"gray, white and black chips, small to medium size",finished,residential,Indianapolis,2022-03-03,4,False,custom logo; garage; porsche logo; full flake; gray chips; white cabinets; bench; finished floor; logo floor,Logo Floors/IMG_0574 2.HEIC,m/518df91f2584.jpg
0ae21730dce9,photo,Garage full flake floor with Porsche crest logo,Gray full flake garage floor with large Porsche crest logo inlay and a gray Porsche parked inside,garage,full_flake,,,,"gray base with black, white and light gray chips, fine to medium size",finished,residential,Indianapolis,2022-03-03,4,True,custom logo; garage; full flake; porsche; gray flakes; luxury car; finished floor; garage floor coating,Logo Floors/IMG_0593 2.HEIC,m/0ae21730dce9.jpg
c4e5f1c18d20,photo,Garage flake floor with Porsche crest logo,"Gray full flake garage floor with large Porsche crest logo and silver Porsche parked beside it, full flake garage floor coating",garage,full_flake,,,,"gray, black and white chips, small to medium size, gray base",finished,residential,Indianapolis,2022-03-03,4,True,custom logo; garage; porsche; full flake; gray chips; car; luxury garage; logo floor; finished floor,Logo Floors/IMG_0594 2.HEIC,m/c4e5f1c18d20.jpg
7821bf61fb7e,photo,Garage flake floor with Porsche logo inlay,"Garage with gray full flake floor, large Porsche crest logo decal, white sports car and white cabinets.",garage,full_flake,,,,"light gray base with white, black and light gray chips, medium size",finished,residential,Indianapolis,2022-03-03,4,True,custom logo; garage; full flake; porsche logo; gray flake; white car; cabinets; finished floor,Logo Floors/IMG_0595 2.HEIC,m/7821bf61fb7e.jpg
3933e8a78b05,photo,Garage floor with Porsche crest logo inlay,"Gray full flake garage floor with a Porsche crest logo inlay and a silver Porsche parked inside, full flake garage floor coating",garage,full_flake,,,,"gray, white and black chips, small to medium size",finished,residential,Indianapolis,2022-03-03,4,True,custom logo; garage; full flake; logo inlay; porsche; gray chips; sports car; finished floor; luxury garage,Logo Floors/IMG_0612 2.HEIC,m/3933e8a78b05.jpg
e5c28efeb2d3,photo,Garage with gray flake floor and custom logo,"Garage with gray full flake floor coating and black custom logo medallion, green bin and window in back",garage,full_flake,,,,"light gray, white and black chips, small to medium size",finished,residential,,2021-09-07,4,True,custom logo; garage; full flake; logo floor; gray chips; finished floor; window; residential,Logo Floors/IMG_1088.JPG,m/e5c28efeb2d3.jpg
c0700ec545fa,photo,Garage with light gray flake floor and Chatham Hills logo,"Garage with light gray full flake floor and black Chatham Hills logo, gray walls and windows",garage,full_flake,,,,"light gray and white chips with black specks, small to medium size",finished,residential,,2021-09-07,4,True,custom logo; garage; full flake; gray floor; light gray chips; finished floor; garage door opener; windows; logo floor,Logo Floors/IMG_1089.JPG,m/c0700ec545fa.jpg
00ae0fedc0fe,photo,Harley Davidson logo mat on gray flake floor,"Round Harley Davidson Motor Oil logo mat on a gray, black and white full flake garage floor coating",not_visible,full_flake,,,,"gray, black and white chips, small to medium size, dense broadcast",finished,,,,4,False,custom logo; harley davidson; logo floor; full flake; gray chips; black chips; white chips; garage floor; finished floor,Logo Floors/IMG_5044.JPG,m/00ae0fedc0fe.jpg
67b4dc2f6cd6,photo,Maroon letter logo in gray full flake floor,"Maroon block letter logo inlaid in a gray full flake epoxy floor with black and white chips, glossy finish",not_visible,full_flake,,,,"gray, black and white chips, medium size",close_up,commercial,,,4,True,custom logo; logo floor; full flake; gray flake; maroon logo; letter h; close up; glossy finish,Logo Floors/IMG_5045.JPG,m/67b4dc2f6cd6.jpg
4009c32459e9,photo,Colts helmet logo in gray flake floor,Indianapolis Colts helmet decal set into a gray full flake epoxy floor with light reflecting off the clear coat,not_visible,full_flake,,,,"gray, white and black chips, medium size",close_up,,,,4,True,custom logo; colts helmet; full flake; gray chips; sports logo floor; logo inlay; close up; glossy finish,Logo Floors/IMG_5046.JPG,m/4009c32459e9.jpg
323201abb656,photo,Garage steps with dark purple fleck flake floor,"Garage entry steps and floor coated in dark full flake with purple and gold flecks, full flake garage floor coating",steps_or_stairs,full_flake,,,,"very dark chips, black and dark gray with purple and gold flecks, small to medium size",finished,residential,,,4,False,NFL Vikings; garage; steps; full flake; dark chips; purple flecks; vikings theme; entry door; finished floor; stem wall,NFL Vikings/IMG_0873.HEIC,m/323201abb656.jpg
2955d91640d3,photo,Empty garage with dark purple-gray full flake floor,"Empty two-car garage with dark full flake floor coating and matching stem wall, white walls and open garage door",garage,full_flake,,,,"dark charcoal base with fine gray, black and purple-toned chips, small to medium size",finished,residential,,,3,False,NFL Vikings; garage; full flake; dark flake; gray chips; purple tone; stem wall; finished floor; empty garage; vikings theme,NFL Vikings/IMG_0874.HEIC,m/2955d91640d3.jpg
02025257c570,photo,Garage with purple and gold full flake floor,"Empty garage with a purple full flake floor with gold chips, white walls and entry steps, epoxy garage floor coating",garage,full_flake,,,,"purple base with gold, white and dark chips, small size",finished,residential,,,4,False,NFL Vikings; garage; full flake; purple floor; gold chips; vikings themed; empty garage; finished; stem wall coating,NFL Vikings/IMG_0875.HEIC,m/02025257c570.jpg
5f66e5a25e08,photo,Close up of gray flake floor with reflections,Close up of a glossy gray coated floor with small black and white flakes and light reflections,not_visible,full_flake,,,,gray base with sparse small black and white chips,close_up,,,,3,False,old style; close up; gray floor; black and white chips; glossy; flake floor; reflections; coated concrete,Old Style Floors/22EFB23B-E4A6-4753-A09D-234AA91C6AB0.JPG,m/5f66e5a25e08.jpg
2823ebcdbce9,photo,Garage with light gray full flake floor,Garage interior with a glossy light gray full flake floor coating and tools hanging on the wall,garage,full_flake,,,,"light gray base with sparse small white, gray and black chips",finished,residential,,,3,False,old style; garage; full flake; light gray; sparse chips; glossy; finished floor; gray chips,Old Style Floors/2AE654AF-19C6-49F0-A4AC-0B1A9D7D75F9.JPG,m/2823ebcdbce9.jpg
9d4e14e79c0e,photo,Basement with glossy red solid color floor,Glossy red solid color coated basement floor with floor drain and concrete walls,basement,solid_color,,,,"glossy solid red coating, no chips visible",finished,residential,,,4,True,old style; basement; red floor; solid color; glossy; floor drain; concrete walls; finished floor,Old Style Floors/328892060_4148667668692106_1591667479309754431_n.webp,m/9d4e14e79c0e.jpg
eb009c0cb6de,photo,Glossy red solid color floor in unfinished room,Glossy solid red coated concrete floor in an unfinished room with exposed stud walls,interior_room,solid_color,,,,"solid bright red coating, no chips or metallic swirl",finished,,,,3,False,old style; solid color; red floor; glossy; unfinished room; exposed studs; new construction; concrete floor coating,Old Style Floors/45611050-F8CE-419A-B29E-DDF9DAAF65DC.JPG,m/eb009c0cb6de.jpg
316aa38222b5,photo,Glossy red solid color floor in unfinished room,Glossy red solid color coated floor in an unfinished interior room with exposed wall framing,basement,solid_color,,,,"solid bright red coating, glossy, no chips",finished,residential,,,3,False,old style; red floor; solid color; glossy; unfinished walls; interior; basement; coated concrete; wet look,Old Style Floors/52F46BAA-D933-4E87-AB2F-073CD6D22F9B.JPG,m/316aa38222b5.jpg
8510f860589c,photo,Glossy gray garage floor with sparse black chips,"Low angle view of a glossy gray coated garage floor with sparse black and white chips, full flake garage floor coating",garage,full_flake,,,,gray base with sparse small black and white chips,finished,residential,,,3,False,old style; garage floor; gray coating; black chips; white chips; glossy finish; full flake; low angle; reflection,Old Style Floors/88CEA72D-5B80-4DBE-8DD0-D54AD3FDAA3A.JPG,m/8510f860589c.jpg
854376ffcef2,photo,Garage floor with gray full flake coating,Low angle view of a glossy gray full flake garage floor with white and black chips and white cabinets in the background,garage,full_flake,,,,"gray base with white, black and gray chips, medium size",finished,residential,,,4,True,old style; garage; full flake; gray floor; white black gray chips; glossy; cabinets; finished floor; low angle,Old Style Floors/92B75768-1FFA-49C5-870B-85E0E14112BB.JPG,m/854376ffcef2.jpg
8f47f17b95b2,photo,Basement utility room with gray flake floor,Basement utility room with furnace and a gray full flake floor coating with fine dark speckles,basement,full_flake,,,,light gray base with fine gray and black speckled chips,finished,residential,,,3,False,old style; basement; utility room; full flake; gray floor; furnace; fine chips; finished floor; speckled,Old Style Floors/A419BBCB-9CE3-4ABF-B453-B511FFFE5D34.JPG,m/8f47f17b95b2.jpg
a1dad458d9df,photo,Basement with glossy gray solid color floor,"Finished basement with glossy light gray solid color floor coating, white walls and exposed painted ceiling",basement,solid_color,,,,flat light gray glossy coating with no chips,finished,residential,,,4,True,old style; basement; solid color; gray floor; glossy; finished floor; white walls; exposed ceiling; storage shelves,Old Style Floors/AFDBC558-4AC3-4540-97B9-2065619F8842.JPG,m/a1dad458d9df.jpg
522013eb8e33,photo,Fresh glossy red solid color floor,"Glossy red solid color concrete floor coating with control joint lines, wet-look finish",not_visible,solid_color,,,,"solid bright red coating, no chips",in_progress,,,,3,False,old style; red floor; solid color; glossy; wet look; control joints; fresh coating; red coating,Old Style Floors/B13CC213-F610-4D00-A7E9-177E014001E0.JPG,m/522013eb8e33.jpg
413e67c4b274,photo,Basement with light gray solid color floor,"Finished basement with light gray glossy coated concrete floor, wood storage shelves and painted ceiling joists",basement,solid_color,,,,"solid light gray surface, no chips visible",finished,residential,,,4,True,old style; basement; solid color; light gray floor; glossy; storage shelves; exposed joists; finished floor; brick wall,Old Style Floors/B2525637-2E6B-48E1-84A8-8DCD4437ABA1.JPG,m/413e67c4b274.jpg
81421e13137c,photo,Stamped concrete patio with wet-look sealer,Stamped concrete patio in ashlar pattern with glossy sealer beside a brick house and fenced backyard,patio_or_porch,stamped_concrete,,,,,finished,residential,,,4,True,old style; stamped concrete; patio; sealed concrete; wet look; ashlar pattern; gray concrete; residential; backyard; brick house; finished,Old Style Floors/B28ADD13-5661-4666-989E-6FBE4C887DAF.JPG,m/81421e13137c.jpg
6ec64d2397f1,photo,Close up of glossy gray flake garage floor,Close up of a glossy gray coated garage floor with sparse black and white flakes,garage,full_flake,,,,gray-green base with sparse small black and white chips,close_up,residential,,,3,False,old style; garage floor; flake floor; gray coating; glossy; close up; black and white chips,Old Style Floors/C10A58A4-0F27-4A4D-87AC-0CD2FDE33E7C.JPG,m/6ec64d2397f1.jpg
07cc750b2fc9,photo,Glossy gray flake floor with wood accent walls,Glossy gray full flake floor with black and white chips in a room with wood plank accent walls and white cabinets,interior_room,full_flake,,,,"gray base with black and white chips, small to medium size",finished,residential,,,4,True,old style; full flake; gray floor; black and white chips; glossy; wood accent wall; white cabinets; finished; interior; recessed lighting,Old Style Floors/C830F48F-9FB5-4BB6-B36C-815026AABD66.JPG,m/07cc750b2fc9.jpg
d957e7fa7847,photo,Basement with glossy light gray coated floor,"Finished basement with a glossy light gray solid color floor coating, painted block walls and exposed ceiling joists.",basement,solid_color,,,,"solid light gray floor, no chips visible",finished,residential,,,4,True,old style; basement; solid color; gray floor; glossy; painted block wall; exposed ceiling; support poles; finished floor,Old Style Floors/CFEBDD66-763B-4AA9-8923-DE6CEA1D1251.JPG,m/d957e7fa7847.jpg
2a391ea2a690,photo,Close-up of sparse flake floor with glossy topcoat,Close-up of a glossy coated concrete floor with sparse black and white flakes in an interior room,interior_room,full_flake,,,,sparse black and white chips scattered over gray coating,close_up,residential,,,3,False,old style; close up; floor coating; flake floor; black chips; white chips; glossy finish; interior floor; low angle,Old Style Floors/F2B7BC60-7C92-4200-AFF9-C015B17183C4.JPG,m/2a391ea2a690.jpg
d5ea4fc062fa,photo,Close up of gray flake garage floor edge,Low angle close up of a gray full flake garage floor coating with black and white chips along a concrete edge,garage,full_flake,,,,"gray base with black, white and light gray chips, small to medium size",close_up,residential,,,4,True,old style; garage floor; full flake; gray chips; black chips; white chips; close up; floor edge; glossy finish,Old Style Floors/F5AC8221-63B1-4C00-A61E-09475BFA27CB.JPG,m/d5ea4fc062fa.jpg
4522c28ce898,photo,Worker spreading clear coat on flake floor,"Worker spreading clear coat over brown full flake floor, applying box-in technique in empty garage",garage,full_flake,,,,"tan and brown chips over a dark brown base, small to medium size",in_progress,residential,,,2,False,old style; full flake; clear coat; box in technique; squeegee; worker; garage floor; tan brown chips; screenshot; old style floor,Old Style Floors/IMG_1280.PNG,m/4522c28ce898.jpg
eb3da69c0005,photo,Worker rolling topcoat on brown flake floor,"Worker rolling clear topcoat onto a brown full flake floor with red squiggle marks, commercial space",commercial_or_industrial,full_flake,,,,"brown, tan and black chips, small to medium size",in_progress,commercial,,,2,False,old style; full flake; in progress; topcoat rolling; brown chips; commercial floor; red markings; crew working,Old Style Floors/IMG_1286.PNG,m/eb3da69c0005.jpg
6dfc5fac19a4,photo,Garage with glossy red flake floor,"Glossy red garage floor with sparse tan and black flakes, tools on wall and GatorGuard truck outside, flake garage floor coating",garage,full_flake,,,,"red base with sparse small tan, white and black chips",finished,residential,,,4,True,old style; garage; red floor; flake floor; glossy; sparse flakes; tan chips; garage door open; gatorguard truck; finished floor,Old Style Floors/IMG_1322.JPG,m/6dfc5fac19a4.jpg
871f2da8f46e,photo,Gray flake floor in commercial space under construction,Glossy light gray flake floor coating in a commercial space with exposed steel stud framing,commercial_or_industrial,full_flake,,,,light gray base with sparse fine dark gray and black chips,finished,commercial,,,3,False,old style; commercial floor; gray floor; flake floor; steel studs; under construction; glossy finish; dark chips; interior,Old Style Floors/IMG_1615.HEIC,m/871f2da8f46e.jpg
62207a05a656,photo,Glossy olive tan flake floor in sunlit room,Glossy olive tan flake epoxy floor reflecting windows in a room with baseboard heaters,interior_room,full_flake,,,,"olive tan base with sparse small black and light chips, glossy finish",finished,residential,,,3,False,old style; full flake; interior floor; glossy; olive tan; black chips; baseboard heaters; windows; reflection; finished floor,Old Style Floors/IMG_1679.JPG,m/62207a05a656.jpg
f34a3074ef5a,photo,Light gray flake floor with fine speckle,"Close up of a light gray coated concrete floor with fine dark speckle, flake floor coating",not_visible,full_flake,,,,light gray base with very sparse tiny black and white specks,close_up,,,,3,False,old style; gray floor; full flake; fine speckle; close up; coated concrete,Old Style Floors/IMG_2051.HEIC,m/f34a3074ef5a.jpg
acfd52b679e4,photo,Floor edge detail with gray flake coating,"Close-up of a glossy gray flake coated floor edge meeting a gravel surface, full flake floor coating",not_visible,full_flake,,,,"light gray base with sparse small black, white and a few tan chips",close_up,,,,3,False,old style; floor edge; flake coating; gray floor; gravel; close up; glossy; black and white chips,Old Style Floors/IMG_2137.JPG,m/acfd52b679e4.jpg
de36c38572fd,photo,White coated rooftop deck with block wall,White solid color coating on a flat rooftop deck with decorative concrete block wall and trees beyond,other_exterior,solid_color,,,,,finished,commercial,,,3,False,old style; rooftop; white coating; solid color; exterior; decorative block wall; finished floor; flat roof,Old Style Floors/IMG_2150.JPG,m/de36c38572fd.jpg
ce5970d77486,photo,Close up of red flake coated floor,Close up of a glossy red floor coating with sparse white speckles,not_visible,full_flake,,,,bright red base with sparse small white and light speckles,close_up,,,,3,False,old style; red floor; flake coating; close up; glossy; white speckles; red epoxy floor,Old Style Floors/IMG_2169.JPG,m/ce5970d77486.jpg
84917306b47c,photo,Garage with glossy red solid color floor,"Garage with glossy red solid color floor coating, white walls, shelves and hanging garden hose",garage,solid_color,,,,"solid glossy red floor, no chips visible",finished,residential,,,4,True,old style; garage; red floor; solid color; glossy; finished floor; white walls; shelving; hose,Old Style Floors/IMG_2170.JPG,m/84917306b47c.jpg
bad7b053411c,photo,Garage with red flake floor and GatorGuard truck,"Glossy red flake garage floor with tools on the wall and a GatorGuard truck outside, full flake garage floor coating",garage,full_flake,,,,"bright red base with sparse small white, black and tan chips",finished,residential,,,4,True,old style; garage; red floor; full flake; glossy; white black tan chips; gatorguard truck; wall tools; finished,Old Style Floors/IMG_2171.JPG,m/bad7b053411c.jpg
11005f388d0a,photo,Pool deck with light gray coated concrete,"Inground pool surrounded by a light gray coated concrete pool deck with river rock border, pool deck coating",pool_deck,full_flake,,,,very light gray base with fine sparse dark speckle,finished,residential,,,4,True,old style; pool deck; light gray; fine speckle; swimming pool; river rock border; backyard; finished; residential,Old Style Floors/IMG_2443.JPG,m/11005f388d0a.jpg
966aa20011b3,photo,Pool deck with light gray flake floor,Light gray flake coated pool deck beside an inground pool with open skimmer lids,pool_deck,full_flake,,,,"light gray base with small black and white chips, fine size",finished,residential,,,3,False,old style; pool deck; full flake; light gray floor; pool; skimmer; wood fence; finished; outdoor; small chips,Old Style Floors/IMG_2444.JPG,m/966aa20011b3.jpg
90d1688491a8,photo,Workshop garage with gray full flake floor,Low angle view of a glossy gray full flake floor in a workshop garage with pegboard tool walls,garage,full_flake,,,,"gray base with black and white chips, medium size",finished,residential,,,4,False,old style; garage; workshop; full flake; gray floor; black and white chips; glossy; pegboard; tools; brick wall; finished floor,Old Style Floors/IMG_2652.JPG,m/90d1688491a8.jpg
86f9a1acd667,photo,Glossy red floor with dense mixed flakes,"Glossy red full flake garage floor with black, white and tan chips in a speckled finish",garage,full_flake,,,,"dense black, white and tan flakes over a glossy red base",finished,residential,,,3,False,old style; red floor; full flake; glossy finish; black chips; white chips; speckled; garage floor,Old Style Floors/IMG_2726.HEIC,m/86f9a1acd667.jpg
6250d443b374,photo,Close up of red flake coated floor,Close up of a glossy red concrete coating with small light colored flakes,not_visible,full_flake,,,,"glossy red base with sparse small white, tan and black chips",close_up,,,,3,False,old style; full flake; red floor; close up; glossy; flake coating; light chips,Old Style Floors/IMG_2727.HEIC,m/6250d443b374.jpg
d6c19532f19c,photo,Garage with glossy light gray solid color floor,Garage with cinder block walls and a glossy light gray solid color coated floor scored in large squares,garage,solid_color,,,,"flat light gray coating, no chips",finished,residential,,2021-11-11,3,False,old style; garage; solid color floor; gray floor; glossy finish; cinder block walls; scored lines; finished; text overlay,Old Style Floors/IMG_2764.JPG,m/d6c19532f19c.jpg
d7e64f117fc5,photo,Pool deck with brown full flake coating,"Curved pool deck with tan and brown full flake coating, brick coping, lawn and patio furniture. Full flake pool deck coating.",pool_deck,full_flake,,,,"tan, brown and black chips with a reddish tint, medium size",finished,residential,,,4,True,old style; pool deck; full flake; brown chips; tan chips; outdoor; pool coping; backyard; finished floor; residential,Old Style Floors/IMG_2767.JPG,m/d7e64f117fc5.jpg
79bad8b94ea2,photo,Worker rolling red floor coating indoors,"Worker rolling a glossy red floor coating in a room under construction, solid color floor coating",interior_room,solid_color,,,,"glossy solid red coating, no chips visible",in_progress,,Detroit,2021-11-18,3,False,old style; red floor; solid color; roller application; in progress; interior; construction; glossy coating; crew working,Old Style Floors/IMG_2946.HEIC,m/79bad8b94ea2.jpg
fd08d1b75dc5,photo,Crew applying bright red solid color floor coating,Worker brushing red coating along the edge of a freshly coated red concrete floor,not_visible,solid_color,,,,"bright red solid coating, no chips",in_progress,,Detroit,2021-11-18,3,False,old style; red floor; solid color coating; in progress; brushing edges; crew working; wet coating; concrete floor,Old Style Floors/IMG_2949.HEIC,m/fd08d1b75dc5.jpg
39ad263435d1,photo,Worker rolling red solid color garage coating,Worker back-rolling a glossy red solid color coating on a garage floor with saw-cut control joints,garage,solid_color,,,,"glossy solid bright red coating, no chips visible",in_progress,residential,Detroit,2021-11-18,3,False,old style; solid color; red floor; garage floor; in progress; roller application; control joints; epoxy coating; crew working,Old Style Floors/IMG_2950.HEIC,m/39ad263435d1.jpg
eb95b5d264f5,photo,Crew member rolling bright red solid color floor,Worker with paint roller applying bright red solid color floor coating indoors,not_visible,solid_color,,,,"bright red solid coating, no chips",crew_working,,Detroit,2021-11-18,3,False,old style; solid color floor; red floor; roller application; coating in progress; crew working; floor coating,Old Style Floors/IMG_2951.HEIC,m/eb95b5d264f5.jpg
46fae20e8145,photo,Glossy solid red coated floor,"Glossy solid red coated concrete floor with reflections, hand gesturing at edge",interior_room,solid_color,,,,"solid glossy red coating, no chips",finished,,Detroit,2021-11-18,3,False,old style; solid color; red floor; glossy; coated concrete; interior; reflective; no chips,Old Style Floors/IMG_2955.HEIC,m/46fae20e8145.jpg
32141fef6859,photo,Basement with light gray full flake floor,"Finished basement with glossy light gray full flake floor coating, stairs, furnace and water heaters",basement,full_flake,,,,"light gray floor with fine gray and white chips, small size",finished,residential,,,4,True,old style; basement; full flake; gray floor; glossy; stairs; furnace; water heater; finished floor; concrete coating,Old Style Floors/IMG_4127.JPG,m/32141fef6859.jpg
2107be466d79,photo,Basement with light gray full flake floor,"Finished basement with light gray full flake floor coating, support columns and HVAC ductwork",basement,full_flake,,,,"light gray base with fine white, gray and black chips",finished,residential,,,3,False,old style; basement; full flake; light gray; fine chips; support columns; hvac duct; concrete walls; finished floor,Old Style Floors/IMG_4128.JPG,m/2107be466d79.jpg
25e088e23475,photo,Basement with light gray full flake floor,"Unfinished basement with light gray full flake floor coating, support poles and ductwork",basement,full_flake,,,,"very light gray and white chips, fine size",finished,residential,,,3,False,old style; basement; full flake; light gray; support poles; ductwork; unfinished walls; glossy floor,Old Style Floors/IMG_4619.JPG,m/25e088e23475.jpg
1b69ebada9ca,photo,Crew rolling white base coat in basement,Two workers rolling a white epoxy base coat over a basement floor with support poles,basement,solid_color,,,,wet white base coat being rolled over bare concrete,in_progress,residential,,,4,False,old style; in progress; rolling epoxy; white base coat; basement floor; crew working; support poles; wet coating; concrete floor,Old Style Floors/IMG_4688.HEIC,m/1b69ebada9ca.jpg
0814055cb283,photo,Crew rolling white base coat on basement floor,Two workers rolling white coating over a concrete basement floor with support columns,basement,unknown,,,,wet white base coat being rolled over bare concrete,in_progress,residential,,,4,False,old style; basement floor; in progress; rolling coating; white base coat; crew working; support columns; concrete floor; epoxy application,Old Style Floors/IMG_4689.HEIC,m/0814055cb283.jpg
bf57b0859d97,photo,Crew rolling white base coat in basement,Two workers rolling white epoxy base coat over concrete basement floor with cinder block walls,basement,unknown,,,,wet white base coat being rolled over bare concrete,in_progress,residential,,,3,False,old style; basement; in progress; rolling epoxy; white base coat; crew working; cinder block walls; support poles; concrete floor; paint rollers,Old Style Floors/IMG_4690.HEIC,m/bf57b0859d97.jpg
4f339984074e,photo,Crew rolling white base coat in basement,Two workers rolling white coating onto a basement floor with support poles and painted block walls,basement,unknown,,,,wet white base coat being rolled over bare concrete,in_progress,residential,,,3,False,old style; basement; in progress; crew working; white base coat; rollers; support poles; block walls; exposed ceiling,Old Style Floors/IMG_4691.HEIC,m/4f339984074e.jpg
664420e10538,photo,White solid color floor with brick walls,Glossy white solid color coated floor in an empty room with painted brick walls,basement,solid_color,,,,"solid white to off-white glossy coating, no chips",finished,,,,3,False,old style; solid color; white floor; glossy; basement; painted brick walls; interior; no flakes; finished floor,Old Style Floors/IMG_4692.HEIC,m/664420e10538.jpg
efdb3c82e577,photo,Crew rolling white base coat in basement,Two crew members rolling white coating onto a basement floor with support poles and painted block walls,basement,solid_color,,,,"white base coat being rolled over bare concrete, no chips yet",in_progress,residential,,,4,False,old style; basement; in progress; white base coat; crew working; rollers; support poles; block walls; solid color,Old Style Floors/IMG_4693.HEIC,m/efdb3c82e577.jpg
e2c0d89fd9c0,photo,Worker rolling white coating in basement,Worker applying a glossy white solid color coating to a basement floor with support poles and painted block walls,basement,solid_color,,,,,in_progress,residential,,,4,False,old style; basement; solid color; white floor; in progress; coating application; support poles; block walls; black ceiling; crew working,Old Style Floors/IMG_4694.HEIC,m/e2c0d89fd9c0.jpg
8bf8d1b56ba8,photo,Worker rolling white epoxy coating in basement,Worker rolling a glossy white coating across a basement floor with support poles and painted block walls,basement,solid_color,,,,"glossy white coating being rolled out, no chips",in_progress,residential,,,4,False,old style; basement; white coating; in progress; rolling epoxy; support poles; painted block walls; exposed ceiling; crew working,Old Style Floors/IMG_4695.HEIC,m/8bf8d1b56ba8.jpg
c15a96e57e71,photo,Worker rolling white coating in basement,Worker rolling glossy white solid color coating on a basement floor with support poles and black ceiling,basement,solid_color,,,,"solid white coating, no chips",in_progress,residential,,,4,False,old style; basement; white floor; solid color; coating in progress; roller; support poles; black ceiling; painted block walls; crew working,Old Style Floors/IMG_4696.HEIC,m/c15a96e57e71.jpg
ac1ab2af20e2,photo,Worker rolling white base coat in basement,"Worker applying white base coat with a roller in a basement with painted brick walls, floor coating in progress",basement,solid_color,,,,"white base coat being rolled out, no chips yet",in_progress,residential,,,3,False,old style; basement; in progress; rolling coating; white base coat; painted brick walls; worker; roller,Old Style Floors/IMG_4698.JPG,m/ac1ab2af20e2.jpg
c8bf71fd670f,photo,Worker rolling white coating on interior floor,Worker rolls a white solid color coating onto an interior concrete floor beside a painted brick wall,interior_room,solid_color,,,,"plain white coating, no chips",in_progress,,,,3,False,old style; white floor; solid color; roller application; in progress; interior floor; brick wall; crew working,Old Style Floors/IMG_4699.JPG,m/c8bf71fd670f.jpg
fb4ec4f552e4,photo,Worker rolling white coating on basement floor,"Worker rolling wet white coating on a basement floor with support poles, solid color floor coating in progress",basement,solid_color,,,,"wet white coating being rolled on, no chips",in_progress,residential,,,3,False,old style; basement; solid color; white floor; in progress; roller; support poles; crew working; wet coating,Old Style Floors/IMG_4700.JPG,m/fb4ec4f552e4.jpg
ed69aa10a267,photo,Glossy white solid color floor coating,Glossy off white solid color coated floor in a room with painted brick walls and support poles,interior_room,solid_color,,,,"solid off white coating with a glossy finish, no chips visible",in_progress,,,,3,False,old style; solid color; white floor; glossy finish; interior room; painted brick walls; support poles,Old Style Floors/IMG_4703.HEIC,m/ed69aa10a267.jpg
effda08bde97,photo,Basement with glossy white solid color floor,"Basement with glossy white solid color floor coating, painted brick walls and support poles",basement,solid_color,,,,"glossy white solid coating, no chips",finished,residential,,,4,True,old style; basement; white floor; solid color; glossy; painted brick; support poles; finished; interior,Old Style Floors/IMG_4705.HEIC,m/effda08bde97.jpg
9b7d4ed258fb,photo,Basement with glossy white solid color floor,"Empty basement with glossy white solid color floor coating, support poles and painted brick walls",basement,solid_color,,,,"glossy solid white coating, no chips",finished,residential,,,4,True,old style; basement; white floor; solid color; glossy; support poles; painted brick; black ceiling; finished,Old Style Floors/IMG_4706.HEIC,m/9b7d4ed258fb.jpg
ca890b1e3f1e,photo,Basement with glossy white solid color floor,"Finished basement with glossy white solid color floor coating, support poles and black painted ceiling",basement,solid_color,,,,"solid white glossy coating, no chips",finished,residential,,,4,True,old style; basement; white floor; solid color; glossy; support poles; black ceiling; painted brick walls; finished,Old Style Floors/IMG_4707.HEIC,m/ca890b1e3f1e.jpg
24e96715605f,photo,Basement with glossy white solid color floor,"Empty basement with glossy white solid color floor, painted block walls, black ceiling and support poles",basement,solid_color,,,,"glossy solid white coating, no chips",finished,residential,,,4,True,old style; basement; solid color; white floor; glossy; painted brick walls; black ceiling; support poles; finished,Old Style Floors/IMG_4708 2.HEIC,m/24e96715605f.jpg
fb1b5692709a,photo,Basement with glossy white solid color floor,"Empty basement with white painted brick walls, black ceiling and a glossy white solid color floor coating",basement,solid_color,,,,"glossy solid white coating, no chips",finished,residential,,,4,True,old style; basement; solid color floor; white floor; painted brick walls; black ceiling; glossy finish; finished floor; support pole,Old Style Floors/IMG_4709.HEIC,m/fb1b5692709a.jpg
380babfa0266,photo,Basement bar with light full flake floor,Finished basement bar area with brick walls and a light speckled full flake basement floor coating,basement,full_flake,,,,"light cream and gray chips with sparse black and tan accents, small to medium size",finished,residential,,,4,False,old style; basement; full flake; bar; brick walls; finished floor; light chips; gray chips; glossy; residential,Old Style Floors/IMG_4787.JPG,m/380babfa0266.jpg
80b14cbb23e2,photo,Blue flake floor close up,"Close up of a blue full flake floor with blue, white and gray chips",not_visible,full_flake,,,,"blue base with blue, white and gray chips, small to medium size",close_up,,,,3,False,old style; close up; full flake; blue chips; white chips; gray chips; blue floor; speckled; coated floor,Old Style Floors/IMG_5047.JPG,m/80b14cbb23e2.jpg
592f6abd4912,photo,Glossy gray flake garage floor,"Glossy gray garage floor with fine light speckled flake and saw cut joints, full flake garage floor coating",garage,full_flake,,,,"very small light gray and white chips in a glossy gray base, fine speckled look",finished,residential,,,4,True,old style; garage; full flake; gray floor; glossy; fine flake; saw cut joints; stem wall; exposed studs; finished floor,Old Style Floors/IMG_5048.JPG,m/592f6abd4912.jpg
83219b4cea60,photo,Basement with glossy gray solid color floor,"Glossy light gray coated basement floor around a furnace and ductwork, solid color concrete floor coating",basement,solid_color,,,,"flat light gray coating, no chips",finished,residential,,,4,True,old style; basement; gray floor; solid color; glossy; furnace; finished floor; coated concrete; utility room,Old Style Floors/IMG_5059.JPG,m/83219b4cea60.jpg
1533d8e711f6,photo,Garage with tan flake floor and coated steps,"Glossy tan garage floor with sparse black and white flakes, coated steps and stem wall, full flake garage floor coating",garage,full_flake,,,,"tan base with sparse small black and white chips, gray flake on stem wall and steps",finished,residential,,,3,False,old style; garage; full flake; tan floor; sparse flakes; coated steps; stem wall; glossy,Old Style Floors/IMG_5078.JPG,m/1533d8e711f6.jpg
ae19ad2bd9a0,photo,Crew member scraping fresh gray flake floor,"Worker scraping a freshly broadcast gray, white and black flake floor indoors, full flake floor coating",interior_room,full_flake,,,,"light gray, white and black chips, small to medium size",in_progress,residential,Indianapolis,2022-02-10,3,False,old style; full flake; in progress; scraping flakes; gray chips; white chips; black chips; interior floor; crew working,Old Style Floors/IMG_5138.HEIC,m/ae19ad2bd9a0.jpg
f621c3a75f19,photo,Worker vacuuming gray full flake garage floor,"Worker vacuuming a freshly broadcast gray, white and black flake floor in a garage, full flake floor coating in progress",garage,full_flake,,,,"gray, white and black chips with scattered red and tan flecks, small to medium size",in_progress,residential,Indianapolis,2022-02-10,3,False,old style; full flake; vacuuming; in progress; garage; gray chips; red flecks; floor prep; crew working; low angle,Old Style Floors/IMG_5139.HEIC,m/f621c3a75f19.jpg
1b9dc734f998,photo,Scraping excess flakes during garage floor coating,"Worker scraping excess vinyl flakes on a garage floor with white, gray, black and red chips during full flake coating install",garage,full_flake,,,,"white, gray and black chips with scattered red and brown chips, small to medium size",in_progress,residential,Indianapolis,2022-02-10,3,False,old style; full flake; in progress; scraping flakes; garage floor; worker; squeegee; red and gray chips; coating install,Old Style Floors/IMG_5140.HEIC,m/1b9dc734f998.jpg
de241f176da5,photo,Worker scraping flake coating on garage floor,Worker using a floor scraper on a speckled gray flake garage floor coating in progress,garage,full_flake,,,,"gray, black, white and brown chips, small size",in_progress,residential,Indianapolis,2022-02-10,3,False,old style; garage; full flake; in progress; scraping; gray chips; black chips; brown chips; crew; winter,Old Style Floors/IMG_5141.HEIC,m/de241f176da5.jpg
e116b6d21702,photo,Scraping excess flakes off gray flake floor,Worker scraping excess vinyl flakes on a gray full flake garage floor with rust red flecks during coating installation,garage,full_flake,,,,"gray, black and white chips with scattered rust red and tan flecks, small to medium size",in_progress,residential,Indianapolis,2022-02-10,3,False,old style; full flake; in progress; scraping flakes; gray chips; rust red flecks; garage floor; flake floor coating; crew working,Old Style Floors/IMG_5143.HEIC,m/e116b6d21702.jpg
2a8f9f690345,photo,Front porch with gray full flake floor,"Front porch with gray full flake floor coating, stone veneer walls and gray entry door",patio_or_porch,full_flake,,,,"small gray, white and black chips on a light gray base",finished,residential,Indianapolis,2018-06-05,4,True,old style; front porch; full flake; gray floor; stone veneer; entry door; small chips; finished floor; exterior coating,Old Style Floors/IMG_5459.JPG,m/2a8f9f690345.jpg
0b2aacd1a9b4,photo,Close-up of cream full flake floor,"Close-up of a cream full flake floor with tan, brown and white chips, kitchenette in background",interior_room,full_flake,,,,"tan, brown and white chips on a cream base, small chips",close_up,,,,2,False,old style; full flake; close up; cream base; tan chips; brown chips; white chips; small chips,Old Style Floors/IMG_8842.JPG,m/0b2aacd1a9b4.jpg
576fdce8eb6c,photo,Sealed stamped concrete patio behind brick home,Glossy sealed stamped concrete patio in ashlar stone pattern behind a brick house with bay window,patio_or_porch,stamped_concrete,,,,gray and tan stamped stone pattern with glossy wet-look sealer,finished,residential,,,4,True,old style; patio; stamped concrete; wet look sealer; ashlar pattern; gray and tan; backyard; brick house; bay window; glossy,Old Style Floors/IMG_9049.JPG,m/576fdce8eb6c.jpg
349723cb3497,photo,Garage with light gray flake floor and white borders,"Garage with light gray full flake floor coating and white taped border lines, unfinished OSB and stone walls",garage,full_flake,,,,light gray base with sparse fine gray and white chips,finished,residential,,,4,True,old style; garage; full flake; light gray; white border lines; tape design; unfinished walls; osb wall; stone veneer; glossy floor,Old Style Floors/IMG_9317.JPG,m/349723cb3497.jpg
9a6cb0742fa5,photo,Stamped concrete patio with brick border,"Stamped concrete patio with curved brick border beside a brick house and lawn, coated and sealed stamped concrete patio",patio_or_porch,stamped_concrete,,,,,finished,residential,,,4,False,old style; patio; stamped concrete; brick border; residential; backyard; curved walkway; sealed concrete; lawn; wood deck; exterior,Old Style Floors/IMG_E656011C2285-1.jpeg,m/9a6cb0742fa5.jpg
47668aa51271,photo,Gray stamped patio with wet-look sealer,Gray stamped concrete patio with wet-look sealer beside a screened porch and garden,patio_or_porch,poly_enhance,,,,,finished,residential,,,4,True,patio; stamped concrete; wet look sealer; ashlar pattern; screened porch; garden; outdoor living,Poly Enhance/#10.jpeg,m/47668aa51271.jpg
403d84fd3452,photo,Paver driveway sealed with wet look finish,"Brick paver driveway with glossy wet look sealer, concrete banding, cones and caution tape during poly enhance application",driveway_or_walkway,poly_enhance,,,,,in_progress,commercial,,2013-04-19,4,False,poly enhance; pavers; driveway; wet look sealer; clear sealer; cones; caution tape; in progress; commercial,Poly Enhance/#11.jpg,m/403d84fd3452.jpg
99109cb2709e,photo,Sealed stamped concrete patio around wood deck,"Stamped concrete patio with glossy clear sealer, stone pattern and brick border around a wooden deck, poly enhance sealer",patio_or_porch,poly_enhance,,,,"gray and tan stamped stone pattern with a darker reddish border, wet-look sealer",finished,residential,,2022-02-22,4,True,stamped concrete; patio; clear sealer; wet look; poly enhance; stone pattern; brick border; wood deck; backyard; finished,Poly Enhance/#5.jpg,m/99109cb2709e.jpg
faed6370658f,photo,Sealed brown pool deck beside screened porch,Brown sealed concrete pool deck with wet-look finish beside a screened porch and landscaped yard,pool_deck,poly_enhance,,,,brown speckled concrete with wet-look clear sealer,finished,residential,,,4,True,pool deck; poly enhance; wet look sealer; brown concrete; swimming pool; screened porch; backyard; speckled concrete; finished,Poly Enhance/5E1D675C-B386-4B8E-9745-70E9FC4F5360.JPG,m/faed6370658f.jpg
82932893ec9c,photo,Front porch with sealed scored concrete tiles,Wet-look sealed concrete porch with scored tile pattern in front of a brick home with glass double doors,patio_or_porch,poly_enhance,,,,,finished,residential,,,4,True,porch; poly enhance; scored concrete; tile pattern; wet look sealer; brick house; double doors; finished; residential,Poly Enhance/7E06DE37-0C0C-4A64-AA39-89A0FF3708B6.JPG,m/82932893ec9c.jpg
b32d11e60a5d,photo,Stamped concrete patio with wet look sealer,"Stamped concrete patio with a glossy wet look sealer beside a brick house, lawn and hot tub",patio_or_porch,poly_enhance,,,,,finished,residential,,,4,True,patio; stamped concrete; wet look sealer; poly enhance; backyard; hot tub; brick house; glossy; finished,Poly Enhance/97A5CB7D-1E86-4B4D-9376-3CDD1BD81E0A.JPG,m/b32d11e60a5d.jpg
687d2c31cfbc,photo,Sealed stamped concrete patio under wood pergola,"Glossy sealed gray stamped concrete patio beside a brick house with a wood pergola, poly enhance sealer",patio_or_porch,poly_enhance,,,,"gray stamped concrete with a glossy wet-look clear sealer, no chips",finished,residential,,,4,True,patio; stamped concrete; poly enhance; wet look sealer; pergola; brick house; outdoor; glossy; backyard,Poly Enhance/D78B3D9D-4636-449C-B063-A0F40E5A5B80.JPG,m/687d2c31cfbc.jpg
52ae1926d844,photo,Glossy sealed brick paver floor,Low angle view of red and tan brick pavers with a glossy wet-look poly enhance sealer,not_visible,poly_enhance,,,,red and tan brick pavers with a glossy wet-look clear sealer,finished,,Outside markets,2023-04-19,4,True,poly enhance; wet look sealer; brick pavers; paver floor; glossy finish; red pavers; tan pavers; clear sealer,Poly Enhance/IMG_0182 copy.jpg,m/52ae1926d844.jpg
377ed910675f,photo,Brick paver floor with wet-look sealer,"Red and brown brick paver floor with glossy wet-look Poly Enhance sealer, walls masked with plastic sheeting",patio_or_porch,poly_enhance,,,,red and brown brick pavers with a glossy wet-look clear sealer,finished,residential,Outside markets,2023-04-19,4,True,poly enhance; brick pavers; wet look sealer; glossy; patio; red brick; clear sealer; masked walls,Poly Enhance/IMG_0183 copy.jpg,m/377ed910675f.jpg
aa678d60cae3,photo,Stamped stone patio with wet-look sealer,"Glossy sealed stamped concrete patio in a stone pattern beside a brick ranch home, poly enhance sealer",patio_or_porch,poly_enhance,,,,gray and tan stamped stone pattern with glossy wet-look sealer,finished,residential,Outside markets,2023-04-19,4,True,patio; stamped concrete; wet look sealer; stone pattern; brick house; residential; outdoor; glossy; backyard,Poly Enhance/IMG_0190 copy.jpg,m/aa678d60cae3.jpg
6f2886c92834,photo,Stamped flagstone patio with wet-look sealer,Flagstone-pattern stamped concrete patio with glossy wet-look poly enhance sealer beside gravel garden beds,patio_or_porch,poly_enhance,,,,tan and gray stamped stone pattern with glossy clear sealer,finished,residential,Outside markets,2023-04-19,4,True,patio; stamped concrete; flagstone pattern; wet look sealer; poly enhance; tan and gray; garden; outdoor; finished; glossy,Poly Enhance/IMG_0194 copy.jpg,m/6f2886c92834.jpg
f6f76f2effa5,photo,Glossy sealed stamped stone patio surface,Stamped concrete in a random stone pattern with a glossy wet-look Poly Enhance sealer on an outdoor patio,patio_or_porch,poly_enhance,,,,"gray stamped stone pattern with glossy wet-look sealer, no chips",finished,residential,Outside markets,2023-04-19,3,False,stamped concrete; stone pattern; wet look sealer; poly enhance; patio; glossy; outdoor; decorative concrete,Poly Enhance/IMG_0195 copy.jpg,m/f6f76f2effa5.jpg
b8782adb9db7,photo,Sealed brick walkway beside brick house,"Brick garden walkway with wet-look sealer beside a brick home, poly enhance concrete sealer",driveway_or_walkway,poly_enhance,,,,,finished,residential,Outside markets,2023-04-19,4,True,brick walkway; garden path; wet look sealer; poly enhance; pavers; red brick; side yard; residential; sealed brick; outdoor,Poly Enhance/IMG_0203 copy.jpg,m/b8782adb9db7.jpg
a734e6c4c555,photo,Sealed brick paver walkway with garden beds,"Brick paver walkway with glossy wet-look sealer beside azaleas and hostas, poly enhance sealed pavers",driveway_or_walkway,poly_enhance,,,,"multicolored brick pavers in red, tan and gray with a glossy wet-look sealer",finished,residential,Outside markets,2023-04-19,4,True,walkway; brick pavers; wet look sealer; poly enhance; garden; azaleas; hostas; outdoor; finished,Poly Enhance/IMG_0205 copy.jpg,m/a734e6c4c555.jpg
49b5d8b210e8,photo,Sealed brick paver walkway with wet-look finish,Brick paver garden walkway with glossy wet-look poly enhance sealer beside red azaleas,driveway_or_walkway,poly_enhance,,,,"multi color clay pavers in red, tan, gray and charcoal with a glossy wet-look sealer, no chips",finished,residential,,,5,True,walkway; brick pavers; pavers; wet look; sealed pavers; garden path; azaleas; poly enhance; outdoor; glossy,Poly Enhance/IMG_0205 copy.png,m/49b5d8b210e8.jpg
32ae1b501da4,photo,Wet-look sealed brick walkway by garden,"Brick paver walkway with glossy wet-look sealer beside a brick house and flower beds, poly enhance sealer",driveway_or_walkway,poly_enhance,,,,"red, tan and gray brick pavers with a glossy wet-look sealer",finished,residential,Outside markets,2023-04-19,4,True,walkway; brick pavers; wet look; sealer; glossy; exterior; garden; residential; poly enhance,Poly Enhance/IMG_0206 copy.jpg,m/32ae1b501da4.jpg
552c1db364a5,photo,Sealed stamped flagstone walkway along brick wall,"Wet-look sealer on gray stamped flagstone walkway with brick border beside a brick wall, poly enhance concrete sealer",driveway_or_walkway,poly_enhance,,,,,close_up,residential,Outside markets,2023-04-19,4,True,stamped concrete; walkway; brick wall; flagstone pattern; wet look sealer; exterior; close up; gray stone,Poly Enhance/IMG_0209 copy.jpg,m/552c1db364a5.jpg
1a272c126320,photo,Wet look sealed paver patio with iron railing,"Glossy sealed brick pattern patio seen through a curved iron railing, poly enhance sealed concrete patio",patio_or_porch,poly_enhance,,,,,finished,residential,Outside markets,2023-04-19,4,True,patio; poly enhance; wet look sealer; paver pattern; stamped look; glossy; outdoor; brick house; iron railing; sealed concrete,Poly Enhance/IMG_0216 copy.jpg,m/1a272c126320.jpg
4c6b7e0ff0d9,photo,Sealed red brick paver patio behind brick home,"Red and brown brick paver patio with glossy sealer behind a brick house, poly enhance sealed patio",patio_or_porch,poly_enhance,,,,"sealed clay paver bricks in red, orange, brown and gray tones, wet look",finished,residential,Outside markets,2023-04-19,4,True,patio; pavers; brick pavers; wet look sealer; poly enhance; sealed patio; backyard; red brick; glossy finish,Poly Enhance/IMG_0218 copy.jpg,m/4c6b7e0ff0d9.jpg
54251ddd24d2,photo,Sealed aggregate patio with brick grid pattern,"Front patio with exposed aggregate panels divided by brick borders, sealed with a wet-look clear sealer",patio_or_porch,poly_enhance,,,,,finished,residential,,2023-04-21,4,True,patio; poly enhance; wet look sealer; exposed aggregate; brick border; grid pattern; front yard; landscaping; clear sealer; residential,Poly Enhance/IMG_0271 2.jpg,m/54251ddd24d2.jpg
1bae7069a65b,photo,Wet-look sealed brick patio by brick home,"Glossy wet-look sealer on a brick-pattern backyard patio beside a white brick house, poly enhance patio sealer",patio_or_porch,poly_enhance,,,,,finished,residential,,,4,True,patio; poly enhance; wet look sealer; brick patio; glossy finish; backyard; covered patio; residential; exterior,Poly Enhance/IMG_0657.JPG,m/1bae7069a65b.jpg
650d551eeca1,photo,Brick paver patio with wet-look sealer,"Backyard brick paver patio with glossy wet-look sealer beside a white brick house, poly enhance sealer",patio_or_porch,poly_enhance,,,,reddish brown brick pavers with a glossy wet-look sealer,finished,residential,,,4,True,patio; brick pavers; wet look sealer; poly enhance; backyard; covered patio; residential; glossy; outdoor,Poly Enhance/IMG_0658.JPG,m/650d551eeca1.jpg
b9b24b102ba0,photo,Wet-look sealed paver patio under pergola,"Brick paver patio with glossy wet-look sealer under a wood pergola, poly enhance sealer",patio_or_porch,poly_enhance,,,,,finished,residential,,,4,True,patio; pavers; wet look; sealer; glossy; pergola; backyard; outdoor living; poly enhance,Poly Enhance/IMG_0659.JPG,m/b9b24b102ba0.jpg
af5c289df426,photo,Backyard patio with wet look sealed pavers,"Backyard brick home patio with glossy wet look sealed paver surface, garden beds and tiki torch, poly enhance sealer",patio_or_porch,poly_enhance,,,,,finished,residential,,,4,True,patio; pavers; wet look sealer; poly enhance; backyard; brick house; garden; glossy; outdoor; finished,Poly Enhance/IMG_0992.JPG,m/af5c289df426.jpg
5668ce8940d2,photo,Sealed brick paver patio with wet look,"Brick paver patio beside a house with a glossy wet-look clear sealer, poly enhance concrete sealer",patio_or_porch,poly_enhance,,,,brown and gray brick pavers with a glossy wet-look sealer,finished,residential,,,4,True,patio; pavers; brick pavers; wet look; clear sealer; poly enhance; glossy; residential; outdoor; finished,Poly Enhance/IMG_1044 2.JPG,m/5668ce8940d2.jpg
7619f7d26de6,photo,Glossy sealed stamped concrete steps and landing,Tan stamped concrete steps and landing with glossy wet-look Poly Enhance sealer,steps_or_stairs,poly_enhance,,,,tan and brown stamped concrete with a glossy wet-look sealer,finished,residential,,,4,True,stamped concrete; steps; wet look sealer; glossy; tan concrete; poly enhance; outdoor steps; sealed concrete,Poly Enhance/IMG_1045 3.JPG,m/7619f7d26de6.jpg
4e40798354e0,photo,Exposed aggregate with glossy Poly Enhance sealer,Close-up of exposed aggregate concrete with glossy wet-look Poly Enhance sealer near a brick wall,other_exterior,poly_enhance,,,,"clear wet-look sealer over exposed aggregate concrete, mixed tan, brown, gray and white pebbles",close_up,residential,,,4,True,poly enhance; exposed aggregate; wet look sealer; clear sealer; close up; glossy; brick wall; exterior concrete; pebbles,Poly Enhance/IMG_1046 2.JPG,m/4e40798354e0.jpg
356fb982a49a,photo,Stamped concrete patio with wet look sealer,"Stamped concrete patio in gray and tan ashlar pattern with glossy wet look sealer, poly enhance patio sealer",patio_or_porch,poly_enhance,,,,,finished,residential,,,4,True,patio; stamped concrete; wet look sealer; poly enhance; ashlar pattern; gray concrete; tan border; backyard; landscaping; finished,Poly Enhance/IMG_1421.HEIC,m/356fb982a49a.jpg
6673300018ae,photo,Sealed paver front porch with wet look,Covered front porch with gray and tan pavers sealed with a wet look poly enhance sealer,patio_or_porch,poly_enhance,,,,,finished,residential,,2022-04-24,4,True,pavers; front porch; wet look sealer; poly enhance; gray pavers; tan pavers; covered porch; outdoor; finished,Poly Enhance/IMG_2073.JPG,m/6673300018ae.jpg
277c93ca76b3,photo,Covered porch with sealed paver floor,"Covered front porch with wet-look sealed tan and gray pavers, swing and stone column, poly enhance sealer",patio_or_porch,poly_enhance,,,,,finished,residential,,2022-04-24,4,True,porch; pavers; wet look sealer; poly enhance; covered patio; swing; stone column; tan and gray pavers; exterior; finished,Poly Enhance/IMG_2074.JPG,m/277c93ca76b3.jpg
64cb9ee005e6,photo,Sealed concrete driveway taped off at suburban home,"Freshly sealed concrete driveway with wet look sheen, taped off in front of a suburban brick home",driveway_or_walkway,poly_enhance,,,,,finished,residential,,2021-10-25,4,False,driveway; poly enhance; wet look sealer; clear sealer; residential; taped off; suburban home; concrete driveway; curb appeal,Poly Enhance/IMG_2322.JPG,m/64cb9ee005e6.jpg
1ec76927a1da,photo,GatorGuard truck on poly enhanced driveway,GatorGuard truck on poly enhanced driveway,driveway_or_walkway,poly_enhance,,,,,truck_or_equipment,residential,,,4,True,truck; gator guard; driveway; poly enhance; exterior,Poly Enhance/IMG_5DB9C2A4F0FF-1.jpeg,m/1ec76927a1da.jpg
4ce609abc18e,photo,Close-up of sealed exposed aggregate concrete,"Close-up of exposed aggregate concrete with a wet-look clear sealer, poly enhance finish",not_visible,poly_enhance,,,,,close_up,,,,3,False,poly enhance; exposed aggregate; clear sealer; wet look; close up; decorative concrete; gray concrete; sealed concrete,Poly Enhance/IMG_6101.JPG,m/4ce609abc18e.jpg
0eef26c52ae6,photo,Close up of sealed exposed aggregate patio,"Close up of wet-look sealed exposed aggregate concrete with planter and brick wall, poly enhance sealer",patio_or_porch,poly_enhance,,,,"clear wet-look sealer over exposed pebble aggregate, gray tan and brown stones",close_up,residential,,,3,False,poly enhance; exposed aggregate; wet look sealer; close up; patio; outdoor; pebble concrete; glossy,Poly Enhance/IMG_6102.JPG,m/0eef26c52ae6.jpg
e7b0e9474ad2,photo,Low angle of sealed exposed aggregate surface,Low angle close-up of a glossy wet-look sealed exposed aggregate surface outdoors,other_exterior,poly_enhance,,,,"gray concrete with exposed tan, brown and gray pebble aggregate",close_up,residential,,,3,False,poly enhance; wet look sealer; exposed aggregate; close up; outdoor concrete; glossy finish; low angle; sealed concrete,Poly Enhance/IMG_6103.JPG,m/e7b0e9474ad2.jpg
569a9db6410a,photo,Close up of wet-look sealed exposed aggregate,"Close up of wet-look clear sealer on exposed aggregate concrete with pebbles, Poly Enhance sealant",other_exterior,poly_enhance,,,,gray and tan pebbles and aggregate in wet-look sealed concrete,close_up,residential,,,3,False,poly enhance; exposed aggregate; wet look; clear sealer; close up; pebbles; shiny; exterior concrete; texture,Poly Enhance/IMG_6104.JPG,m/569a9db6410a.jpg
055de507d08f,photo,Patio chairs on sealed concrete deck,Black metal patio chairs with tan cushions on wet-look sealed concrete patio,patio_or_porch,poly_enhance,,,,,close_up,residential,,,3,False,patio; poly enhance; sealed concrete; outdoor furniture; wet look; brick wall; exterior; chairs,Poly Enhance/IMG_6105.JPG,m/055de507d08f.jpg
18316563cce6,photo,Glossy sealed exposed aggregate with brick edge,"Close up of exposed aggregate concrete with glossy wet-look sealer and brick border, poly enhance sealer",driveway_or_walkway,poly_enhance,,,,"exposed aggregate concrete with tan, brown, gray and white pebbles under a glossy wet-look sealer",close_up,residential,,,4,True,poly enhance; exposed aggregate; wet look sealer; glossy; pebbles; brick border; outdoor concrete; close up,Poly Enhance/IMG_6107.JPG,m/18316563cce6.jpg
26f9ceef11a8,photo,Close up of sealed exposed aggregate concrete,"Close up of exposed aggregate concrete with tan, brown and black pebbles under a glossy Poly Enhance wet-look sealer",not_visible,poly_enhance,,,,"exposed aggregate concrete with tan, brown, black and white pebbles under a glossy wet-look sealer",close_up,,,,4,True,poly enhance; exposed aggregate; wet look sealer; close up; pebbles; glossy; concrete sealer; decorative concrete,Poly Enhance/IMG_6108.JPG,m/26f9ceef11a8.jpg
c0ac2bfda3ba,photo,Patio with sealed exposed aggregate and furniture,"Exposed aggregate patio with wet-look sealer, patio chairs, table and flower pots, poly enhance concrete sealer",patio_or_porch,poly_enhance,,,,clear wet-look sealer over tan and brown exposed aggregate concrete,finished,residential,,,4,True,patio; exposed aggregate; wet look sealer; poly enhance; outdoor furniture; flower pots; finished; residential; tan aggregate,Poly Enhance/IMG_6111.JPG,m/c0ac2bfda3ba.jpg
36e597960820,photo,Sealed patio with chair and potted flowers,"Wet-look sealed concrete patio with patio chair and potted flowers, poly enhance sealer",patio_or_porch,poly_enhance,,,,,finished,residential,,,4,True,patio; poly enhance; wet look; sealed concrete; exposed aggregate; patio furniture; flowers; residential; outdoor; finished floor,Poly Enhance/IMG_6112.JPG,m/36e597960820.jpg
fb19c60e3e3d,photo,Sealed brick paver patio with glossy finish,"Brick paver patio in front of a brick house with glossy wet-look sealer, Poly Enhance sealed pavers",patio_or_porch,poly_enhance,,,,,finished,residential,,,4,True,patio; brick pavers; paver patio; wet look sealer; poly enhance; brick house; sliding glass door; outdoor living; glossy finish; residential,Poly Enhance/IMG_8204.JPG,m/fb19c60e3e3d.jpg
a281a0df7e89,photo,Wet-look sealed paver patio and walkway,"Wet-look sealed paver walkway beside a brick house with garden bed and lawn, poly enhance sealer",patio_or_porch,poly_enhance,,,,,finished,residential,,,4,True,pavers; patio; walkway; wet look; sealed pavers; brick house; backyard; garden bed; poly enhance; residential,Poly Enhance/IMG_8205.JPG,m/a281a0df7e89.jpg
709216022343,photo,Sealed paver walkway beside brick home,Glossy sealed paver walkway and patio beside a brick house with a wet-look poly enhance sealer,driveway_or_walkway,poly_enhance,,,,glossy wet-look sealer over brown and tan interlocking pavers,finished,residential,,,4,True,poly enhance; pavers; walkway; patio; wet look sealer; brick house; glossy; outdoor; residential,Poly Enhance/IMG_8206.JPG,m/709216022343.jpg
a171df48e86a,photo,Sealed brick paver walkway with wet-look finish,"Brick paver front walkway with glossy wet-look sealer beside lawn and mulch beds, poly enhance sealer",driveway_or_walkway,poly_enhance,,,,"no coating color visible, wet-look sealer over red-brown paver bricks",finished,residential,,,4,True,walkway; pavers; brick pavers; wet look; sealer; front yard; residential; landscaping; curved path; finished,Poly Enhance/IMG_8207.JPG,m/a171df48e86a.jpg
9c59de1cd496,photo,Sealed exposed aggregate garden walkway,Curved exposed aggregate concrete walkway with clear wet-look sealer beside garden beds and lawn,driveway_or_walkway,poly_enhance,,,,"exposed aggregate concrete with tan, gray and brown pebbles under a clear wet-look sealer",finished,residential,,,4,True,walkway; exposed aggregate; poly enhance; wet look sealer; outdoor; garden path; residential; clear sealer; curved walkway,Poly Enhance/IMG_9575.JPG,m/9c59de1cd496.jpg
961a88820e96,photo,Sealed exposed aggregate driveway with GatorGuard van,"Poly Enhance sealed exposed aggregate driveway with wet look, GatorGuard van parked at curb",driveway_or_walkway,poly_enhance,,,,wet-look clear sealer over brown speckled exposed aggregate concrete,finished,residential,,,4,True,driveway; poly enhance; exposed aggregate; wet look sealer; clear sealer; residential; gatorguard van; curb appeal; finished,Poly Enhance/IMG_9577.JPG,m/961a88820e96.jpg
4b2536d6a3fb,photo,Driveway with clear wet-look sealed concrete,Residential driveway with clear wet-look Poly Enhance sealer over exposed aggregate concrete,driveway_or_walkway,poly_enhance,,,,"clear wet-look sealer over gray aggregate concrete, no chips",finished,residential,,,4,True,driveway; poly enhance; clear sealer; wet look; exposed aggregate; residential; concrete driveway; finished; suburban home; gray concrete,Poly Enhance/IMG_9578.JPG,m/4b2536d6a3fb.jpg
55bf2b2617d5,photo,Sealed aggregate driveway with caution tape,"Sealed exposed aggregate driveway in front of a brick garage, sectioned with yellow caution tape",driveway_or_walkway,poly_enhance,,,,,finished,residential,,,4,False,driveway; poly enhance; sealed concrete; exposed aggregate; residential; brick house; caution tape; wet look sealer,Poly Enhance/IMG_9579.JPG,m/55bf2b2617d5.jpg
052df3b5e0ec,photo,Indoor pool deck with gray flake floor,Indoor pool room with gray flake floor coating around pool edge and large windows,pool_deck,full_flake,,,,"gray base with gray, black and white chips, small to medium size",finished,residential,,,4,True,pool deck; indoor pool; full flake; gray floor; flake floor; pool house; finished floor,Pool Decks/IMG_8240.PNG,m/052df3b5e0ec.jpg
6b7280b37557,photo,Indoor pool deck with gray flake coating,Indoor pool area with diving board and gray speckled full flake pool deck coating,pool_deck,full_flake,,,,"gray and dark gray chips, medium size, mottled by glare and distance",finished,commercial,,,4,True,pool deck; indoor pool; diving board; full flake; gray chips; speckled floor; commercial pool; wet look; finished floor,Pool Decks/IMG_8241.PNG,m/6b7280b37557.jpg
23bb759d8639,photo,Full flake pool deck around inground pool,Tan and brown full flake coated pool deck around an inground pool with patio furniture and grill,pool_deck,full_flake,,,,"tan, brown and black chips, small to medium size, wet clear coat",finished,residential,,,4,True,pool deck; full flake; tan chips; brown chips; inground pool; wet look; patio furniture; outdoor; backyard,Pool Decks/IMG_8242.JPG,m/23bb759d8639.jpg
2b7cdd510e92,photo,Backyard pool deck with tan flake coating,"Inground pool surrounded by a tan, brown and black speckled flake coated concrete pool deck with patio furniture and trees",pool_deck,full_flake,,,,"tan, brown and black chips, medium size, glossy clear coat",finished,residential,,,4,True,pool deck; full flake; tan chips; brown chips; swimming pool; backyard; patio furniture; glossy finish; outdoor; finished floor,Pool Decks/IMG_8243.JPG,m/2b7cdd510e92.jpg
c6a7f003cbc2,photo,Tan full flake pool deck by inground pool,"Backyard pool deck with tan and brown flake coating, brick border, lounge chairs and pool vacuum",pool_deck,full_flake,,,,"tan, beige and brown chips with small black accents, small size",finished,residential,,,3,False,pool deck; full flake; tan chips; brown chips; brick border; inground pool; backyard; lounge chairs; finished,Pool Decks/IMG_8244.JPG,m/c6a7f003cbc2.jpg
29ba91b13a6a,photo,Backyard pool deck with gray full flake floor,"Gray full flake pool deck around a swimming pool with shed, hot tub, and white vinyl fence",pool_deck,full_flake,,,,"light gray and white chips, small to medium size, dense speckled blend",finished,residential,,,4,True,pool deck; full flake; gray chips; swimming pool; backyard; residential; finished floor; hot tub; white fence; shed,Pool Decks/IMG_8245.JPG,m/29ba91b13a6a.jpg
de2e63266fa0,photo,Pool deck with light gray full flake floor,"Finished pool deck with light gray and tan flake coating beside a covered swim spa and shed, full flake pool deck coating",pool_deck,full_flake,,,,"light gray and tan chips, small size, warm greige overall look",finished,residential,,,4,True,pool deck; full flake; light gray chips; tan chips; swim spa; shed; backyard; finished floor; sunny,Pool Decks/IMG_8246.JPG,m/de2e63266fa0.jpg
c5f7fa252614,photo,Pool deck with tan full flake coating,"Finished pool deck with tan full flake coating beside a house, gazebo and pool rail",pool_deck,full_flake,,,,"tan, cream and light brown chips, medium size",finished,residential,,,4,True,pool deck; full flake; tan chips; outdoor; backyard; gazebo; pool rail; finished floor; residential,Pool Decks/IMG_8247.JPG,m/c5f7fa252614.jpg
8c69856d5176,photo,Before and after pool deck flake coating,Before and after composite of a cracked concrete pool deck and its finished light gray full flake coating.,pool_deck,full_flake,,,,"light gray and white chips, small to medium size",before_after,residential,,,3,False,pool deck; before and after; cracked concrete; full flake; light gray chips; wood deck; fence; pool cover; composite,Pool Decks/IMG_8248.JPG,m/8c69856d5176.jpg
b96aeb7de73e,photo,Pool deck before and after flake coating,Before and after of cracked pool deck concrete coated with a tan full flake finish around wood deck sections,pool_deck,full_flake,,,,"fine tan, beige and gray chips, small size",before_after,residential,,,3,False,pool deck; before and after; full flake; cracked concrete; tan chips; wood deck; outdoor; facebook screenshot,Pool Decks/IMG_8249.PNG,m/b96aeb7de73e.jpg
5c60381c3c8b,photo,Gray flake pool deck with covered pool,"Backyard pool deck with light gray full flake coating around a covered pool, white vinyl fence and trees. Pool deck floor coating.",pool_deck,full_flake,,,,"light gray base with gray, blue-gray and white chips, medium size",finished,residential,,,5,True,pool deck; full flake; gray chips; blue gray chips; covered pool; white fence; backyard; finished floor; saw cut joints,Pool Decks/Vintage Mica Zircon + 5_ Blue(1).JPG,m/5c60381c3c8b.jpg
a5586812bd8d,photo,Pool deck with gray blue full flake floor,Pool deck with gray and blue full flake floor coating beside a covered pool and brick house with pergola,pool_deck,full_flake,,,,"gray, blue-gray and white chips, medium size",finished,residential,,,4,True,pool deck; full flake; gray chips; blue chips; covered pool; pergola; brick house; patio; finished floor,Pool Decks/Vintage Mica Zircon + 5_ Blue(2).JPG,m/a5586812bd8d.jpg
b3fea2a77f89,photo,Pool deck with blue gray full flake floor,"Backyard pool deck coated in blue and gray full flake with a white fence and pool in the background, full flake pool deck coating",pool_deck,full_flake,,,,"blue and gray chips with white and black accents, medium size",finished,residential,,,4,True,pool deck; full flake; blue chips; gray chips; outdoor; swimming pool; white fence; finished floor; residential,Pool Decks/Vintage Mica Zircon + 5_ Blue(3).JPG,m/b3fea2a77f89.jpg
e1b1b9e9f9ac,photo,Pool deck with blue-gray full flake coating,"Backyard pool deck with blue-gray full flake coating around an empty pool, pergola and white fence, full flake pool deck coating",pool_deck,full_flake,,,,"fine light gray and blue-gray chips, small size",finished,residential,,,4,True,pool deck; full flake; blue gray chips; pergola; white fence; backyard; finished; outdoor; saw cut joints,Pool Decks/Vintage Mica Zircon + 5_ Blue.JPG,m/e1b1b9e9f9ac.jpg
01b1aca3aab4,photo,Interior room with tan solid color chip floor,Finished tan solid color chip floor in a room with paneled walls and a sliding glass door to the patio,interior_room,solid_color_chip,,,,"uniform tan chips, small size, speckled look",finished,residential,,,4,True,solid color chip; tan floor; interior room; sliding glass door; finished floor; residential; tan chips; patio door,Solid Color Chip/IMG_0592.JPG,m/01b1aca3aab4.jpg
832158d40b27,photo,Living room with beige solid color chip floor,Living room with beige solid color chip floor and stairs with dark carpet,interior_room,solid_color_chip,,,,"fine tan and cream chips in a beige base, small size",finished,residential,,,4,True,solid color chip; interior floor; living room; beige floor; tan chips; fine flake; stairs; finished floor,Solid Color Chip/IMG_0593.JPG,m/832158d40b27.jpg
87933a789f92,photo,Living room with tan solid color chip floor,Living room with tan solid color chip floor beside a brick fireplace with wood panel wall,interior_room,solid_color_chip,,,,"uniform small tan chips, essentially one color",finished,residential,,,4,True,solid color chip; tan chips; living room; basement family room; brick fireplace; fireplace screen; wood panel wall; finished floor,Solid Color Chip/IMG_0594.JPG,m/87933a789f92.jpg
a0426667bf39,photo,Basement with tan solid color chip floor,Basement family room with brick fireplace and tan solid color chip floor coating by a sliding glass door,basement,solid_color_chip,,,,"uniform tan beige chips, fine size",finished,residential,,,4,True,basement; solid color chip; tan floor; beige chips; brick fireplace; sliding glass door; finished floor; residential; family room,Solid Color Chip/IMG_0595.JPG,m/a0426667bf39.jpg
6d4384aec9fd,photo,Basement hallway with tan solid color chip floor,Basement hallway and carpeted stairs with a tan solid color chip floor coating on the concrete,basement,solid_color_chip,,,,"small tan and beige chips, dense and fairly uniform",finished,residential,,,3,False,basement; solid color chip; tan chips; beige floor; hallway; stairs; residential; finished floor,Solid Color Chip/IMG_0596.JPG,m/6d4384aec9fd.jpg
cc4c54a95716,photo,Gray solid color chip floor on covered walkway,Covered walkway with a gray solid color chip floor coating beside a brick wall and GatorGuard trailer,patio_or_porch,solid_color_chip,,,,"medium gray chips of one color, fine speckled texture",finished,,,,3,False,solid color chip; gray floor; covered walkway; brick wall; finished floor; speckled gray; gatorguard trailer,Solid Color Chip/IMG_0627.JPG,m/cc4c54a95716.jpg
db11670f77f0,photo,Brown solid color chip floor at commercial entry,"Glossy brown solid color chip coating on a covered commercial entry floor, person standing outside.",patio_or_porch,solid_color_chip,,,,"single tone brown chips, fine texture, glossy wet look",finished,commercial,,,3,False,solid color chip; brown floor; commercial entry; covered patio; glossy coating; stone column; finished floor,Solid Color Chip/IMG_0628.JPG,m/db11670f77f0.jpg
3448f8e5ebc3,photo,Basement hallway with gray solid color chip floor,"Basement hallway with a gray solid color chip floor, blue walls, black cabinets and an open doorway to an unfinished room",basement,solid_color_chip,,,,"gray chips of essentially one color, small size, glossy clear coat",finished,residential,,,3,False,basement; hallway; solid color chip; gray floor; glossy finish; cabinets; doorway; residential,Solid Color Chip/IMG_1669.JPG,m/3448f8e5ebc3.jpg
064ce9a2c6ce,photo,Close up of gray solid color chip floor,Close up of a gray solid color chip floor coating along a dark baseboard,not_visible,solid_color_chip,,,,"fine light gray chips in a single color blend, small size",close_up,,,,2,False,solid color chip; gray chips; close up; floor coating; baseboard; garage floor; fine flake; texture,Solid Color Chip/IMG_1670.JPG,m/064ce9a2c6ce.jpg
90e5036302ee,photo,Basement furnace room with gray chip floor,Gray single color chip floor in a basement utility room with furnace and ductwork,basement,solid_color_chip,,,,"small gray and white chips in a gray base, one dominant gray tone",finished,residential,,,3,False,basement; utility room; furnace; gray chips; solid color chip; finished floor; ductwork; dark room,Solid Color Chip/IMG_1671.JPG,m/90e5036302ee.jpg
8edc5e003854,photo,Utility room with blue-gray solid color chip floor,Small utility room with blue walls and a blue-gray solid color chip floor with a floor drain,interior_room,solid_color_chip,,,,"blue-gray floor with fine gray and white chips, single-tone look",finished,residential,,,4,True,solid color chip; utility room; laundry room; blue gray floor; floor drain; finished floor; interior; fine chips,Solid Color Chip/IMG_1672.JPG,m/8edc5e003854.jpg
1b930b7752b4,photo,Blue hallway with light gray solid color chip floor,Narrow hallway with blue walls and a light gray solid color chip floor coating around a floor drain,interior_room,solid_color_chip,,,,"light gray base with mostly light gray and white chips, small to medium size",finished,residential,,,4,True,solid color chip; hallway; light gray floor; gray chips; floor drain; blue walls; interior floor; finished floor,Solid Color Chip/IMG_1673.JPG,m/1b930b7752b4.jpg
42515f1c38a5,photo,Basement with tan solid color chip floor,"Basement with tan solid color chip floor coating, blue walls and wood stairs",basement,solid_color_chip,,,,"small tan and cream chips, uniform single-tone blend",finished,residential,,,3,False,basement; solid color chip; tan chips; stairs; unfinished walls; residential; floor coating; cream chips,Solid Color Chip/IMG_1852.JPG,m/42515f1c38a5.jpg
5479e08a81f0,photo,Basement with tan solid color chip floor,Basement corner with a tan solid color chip coated floor next to wood stairs and blue walls,basement,solid_color_chip,,,,"uniform tan or beige fine chips, single color look",finished,residential,,,3,False,basement; solid color chip; tan floor; beige chips; wood stairs; blue walls; coated concrete; finished floor; interior floor,Solid Color Chip/IMG_1853.JPG,m/5479e08a81f0.jpg
4f2da7a77c90,photo,Interior room with tan solid color chip floor,Room with dark walls and a tan solid color chip floor coating with fine speckle,interior_room,solid_color_chip,,,,"uniform tan and greige chips, very fine size, single color blend",finished,residential,,,3,False,solid color chip; tan chips; fine chips; interior room; dark walls; speckled floor; concrete coating; unfinished walls,Solid Color Chip/IMG_1854.JPG,m/4f2da7a77c90.jpg
a1e94829a23a,photo,Basement room with tan solid color chip floor,"Finished basement room with light tan solid color chip floor coating, gray walls and white trim",basement,solid_color_chip,,,,"light tan and beige chips, single color look, small size",finished,residential,,,4,True,basement; solid color chip; tan chips; beige floor; finished floor; gray walls; white baseboards; residential,Solid Color Chip/IMG_1941.JPG,m/a1e94829a23a.jpg
68c0a67c8e8f,photo,Basement hallway with tan solid color chip floor,"Finished basement hallway with a fine tan speckled solid color chip floor, seen through open French doors",basement,solid_color_chip,,,,"fine tan and cream chips, very small, subtle speckle",finished,residential,,,4,True,basement; solid color chip; tan chips; fine flake; french doors; hallway; finished floor; residential; interior,Solid Color Chip/IMG_1942.JPG,m/68c0a67c8e8f.jpg
17f47b1fe04e,photo,Basement with tan solid color chip floor,"Basement hallway with a tan single-color chip floor and white wainscoting, solid color chip floor coating",basement,solid_color_chip,,,,"tan or beige chips, small size, single tone",finished,residential,,,3,False,basement; solid color chip; tan chips; beige floor; wainscoting; doorway; residential; finished floor,Solid Color Chip/IMG_1943.JPG,m/17f47b1fe04e.jpg
5eeacff2df03,photo,Basement family room with tan solid color chip floor,"Finished basement with beige solid color chip floor coating, white wainscoting and support columns",basement,solid_color_chip,,,,"fine light tan and cream chips, very small chip size, overall beige look",finished,residential,,,4,True,basement; solid color chip; tan floor; fine chips; wainscoting; white columns; residential; finished floor; beige,Solid Color Chip/IMG_1944.JPG,m/5eeacff2df03.jpg
f286f2a13c33,photo,Unfinished garage with light gray chip floor,Glossy light gray solid color chip floor in a garage with exposed stud walls and white garage door,garage,solid_color_chip,,,,"light gray floor with fine light gray and white chips, glossy finish",finished,residential,,,4,True,garage; solid color chip; gray floor; light gray chips; glossy finish; unfinished walls; stud walls; garage door; new construction; finished floor,Solid Color Chip/IMG_2008.JPG,m/f286f2a13c33.jpg
06ab214e0387,photo,Glossy gray coated floor in unfinished garage,"Glossy light gray coated floor in a garage with exposed wall framing, solid color chip floor coating",garage,solid_color_chip,,,,"uniform light gray surface, chips too fine to see at this distance",finished,residential,,,4,True,garage; gray floor; glossy; solid color chip; unfinished walls; exposed framing; new construction; reflective floor,Solid Color Chip/IMG_2009.JPG,m/06ab214e0387.jpg
626de9a1600e,photo,Garage with light gray solid color chip floor,"Garage with a light gray solid color chip floor, tools and shelves on the back wall",garage,solid_color_chip,,,,"solid light gray coating with a fine speckled texture, chips not clearly visible",finished,residential,,,3,False,garage; solid color chip; gray floor; speckled gray; workshop; tool wall; finished floor,Solid Color Chip/IMG_2291.JPG,m/626de9a1600e.jpg
5a78f66bd956,photo,Garage with gray solid color chip floor,"Garage with gray solid color chip floor, unfinished stud walls, tools hanging, person near open door",garage,solid_color_chip,,,,"fine gray and charcoal chips in a gray base, speckled texture, small chip size",finished,residential,,,3,False,garage; solid color chip; gray floor; speckled; stud walls; tools; finished floor; gray chips,Solid Color Chip/IMG_2292.JPG,m/5a78f66bd956.jpg
01da89871766,photo,Utility room with tan solid color chip floor,Small utility room with water heater and a tan solid color chip coated concrete floor,basement,solid_color_chip,,,,"small tan and beige chips, fairly uniform single tone",finished,residential,,,3,False,solid color chip; tan chips; utility room; water heater; basement; coated floor; finished; residential,Solid Color Chip/IMG_2328.JPG,m/01da89871766.jpg
c6cda700fc6e,photo,Basement utility room with tan chip floor,Basement utility room with water heater and furnace on a tan single color chip floor coating,basement,solid_color_chip,,,,"small light tan and beige chips, fairly uniform single-tone look",finished,residential,,,3,False,basement; utility room; solid color chip; tan chips; water heater; furnace; floor drain; finished floor,Solid Color Chip/IMG_2329.JPG,m/c6cda700fc6e.jpg
4b1d4592ec13,photo,Basement utility room with beige solid color chip floor,Basement utility area with water heater and furnace on a beige solid color chip floor coating,basement,solid_color_chip,,,,"light beige and cream chips, small and uniform",finished,residential,,,3,False,basement; solid color chip; beige chips; utility room; water heater; furnace; finished floor; floor drain,Solid Color Chip/IMG_2330.JPG,m/4b1d4592ec13.jpg
b17d20511b9a,photo,Basement utility room with light tan chip floor,Basement utility room with a light tan single color chip floor coating near a furnace and floor drain,basement,solid_color_chip,,,,"small light tan and beige chips, uniform speckled look",finished,residential,,,3,False,basement; utility room; solid color chip; tan chips; beige floor; furnace; floor drain; finished floor,Solid Color Chip/IMG_2331.JPG,m/b17d20511b9a.jpg
d992c7d2db5e,photo,Basement with light gray solid color chip floor,"Finished basement with light gray solid color chip floor coating, support poles and exposed ceiling",basement,solid_color_chip,,,,"light gray chips of one color, fine to medium size",finished,residential,,,4,True,basement; solid color chip; gray chips; support poles; exposed ceiling; finished floor; residential; wide room,Solid Color Chip/IMG_2433.JPG,m/d992c7d2db5e.jpg
f616603cf874,photo,Basement with light gray solid color chip floor,"Basement with a light gray solid color chip floor, glossy finish, exposed pipes and block walls",basement,solid_color_chip,,,,"light gray chips of one color, small size, glossy clear coat",finished,residential,,,3,False,basement; solid color chip; gray floor; glossy; block walls; pipes; finished floor; light gray,Solid Color Chip/IMG_2434.JPG,m/f616603cf874.jpg
62a5bdcdd656,photo,Basement with light gray solid color chip floor,"Finished basement floor with light gray solid color chip coating, exposed ceiling joists and support posts, solid color chip floor coating",basement,solid_color_chip,,,,"light gray chips with subtle darker speckling, fine to medium size, uniform single color look",finished,residential,,,4,True,basement; solid color chip; light gray floor; gray chips; exposed ceiling; support post; finished floor; residential; glossy coating,Solid Color Chip/IMG_2435.JPG,m/62a5bdcdd656.jpg
8178fee5aa93,photo,Basement with light gray solid color chip floor,"Finished basement with light gray solid color chip floor coating, support poles and punching bag",basement,solid_color_chip,,,,"light gray chips, small to medium size, uniform speckled look",finished,residential,,,4,True,basement; solid color chip; gray floor; finished floor; support poles; punching bag; interior; speckled gray,Solid Color Chip/IMG_2436.JPG,m/8178fee5aa93.jpg
943701e69033,photo,Freshly coated entry steps taped off at commercial building,Light gray coated concrete steps with railings taped off with caution tape outside a commercial building entrance,steps_or_stairs,solid_color_chip,,,,"light gray chips, essentially one color, small to medium size",in_progress,commercial,,,4,False,steps; stairs; commercial; solid color chip; gray chips; caution tape; entry; awning; railings; exterior,Solid Color Chip/IMG_2707.JPG,m/943701e69033.jpg
5c34bbab0289,photo,Coated concrete entry steps at commercial building,Light gray solid color chip coating on concrete entry steps with railings and caution tape at a commercial building,steps_or_stairs,solid_color_chip,,,,"light gray and white chips, small to medium size, single gray tone",finished,commercial,,,4,False,steps; commercial; entry; solid color chip; gray chips; railings; caution tape; exterior; awning,Solid Color Chip/IMG_2708.JPG,m/5c34bbab0289.jpg
1bd02b95df0c,photo,Commercial walkway with gray solid color chip floor,Gray solid color chip coating on an outdoor commercial concrete walkway beside a building,commercial_or_industrial,solid_color_chip,,,,"light gray chips of essentially one color, small size",finished,commercial,,,4,True,solid color chip; gray chips; commercial; walkway; outdoor; finished floor; sunny; concrete coating,Solid Color Chip/IMG_2709.JPG,m/1bd02b95df0c.jpg
e40ed0a1919b,photo,Commercial exterior pad with light gray chip floor,Light gray solid color chip coating on a commercial exterior concrete pad beside a brick building,commercial_or_industrial,solid_color_chip,,,,"light gray fine speckled chips, small size",finished,commercial,,,4,True,commercial; exterior concrete; solid color chip; light gray chips; fine flake; brick building; finished floor; equipment pad; sunny,Solid Color Chip/IMG_2710.JPG,m/e40ed0a1919b.jpg
d4225e08d966,photo,Sealed stamped concrete backyard patio,"Glossy sealed stamped concrete patio behind a house with bay window, trees and hedges",patio_or_porch,stamped_concrete,,,,"gray, tan and brown stamped stone pattern with glossy sealer",finished,residential,,,4,True,patio; stamped concrete; sealed concrete; wet look; gray and tan; stone pattern; backyard; glossy; ashlar stamp; residential,Stamped Concrete/#4.JPG,m/d4225e08d966.jpg
07d7addfd10d,photo,Brown stamped concrete patio with curved border,"Brown stamped concrete patio with curved brick-pattern border beside a house sunroom, sealed stamped concrete patio",patio_or_porch,stamped_concrete,,,,"brown stamped concrete with a wet-look sealer, no chips",finished,residential,,,4,True,stamped concrete; patio; brown; wet look sealer; curved border; brick pattern border; gravel bed; sunroom; residential; finished,Stamped Concrete/B28114F1-2A1E-414A-8270-125BC9DF7E98.JPG,m/07d7addfd10d.jpg
f6ad2b620678,photo,Brown stamped concrete patio with curved edge,"Sealed brown stamped concrete patio behind a house with yellow flowers and an outdoor kitchen, stamped concrete patio coating",patio_or_porch,stamped_concrete,,,,brown stained stamped concrete with a wet look sealer,finished,residential,,,4,True,stamped concrete; patio; brown stain; wet look sealer; backyard; outdoor kitchen; curved edge; flowers; finished,Stamped Concrete/IMG_1171 2.JPG,m/f6ad2b620678.jpg
fcddcc0b758a,photo,Stamped concrete patio with landscaped garden beds,"Brown stamped concrete patio with glossy sealer behind a house, bordered by flower beds and shrubs",patio_or_porch,stamped_concrete,,,,,finished,residential,,,5,True,stamped concrete; patio; backyard; brown; glossy sealer; landscaping; flower beds; residential; outdoor living,Stamped Concrete/IMG_3918.JPG,m/fcddcc0b758a.jpg
e707b55de840,photo,Stamped concrete patio with steps by brick house,"Brown stamped concrete patio with steps beside a brick and siding house, sealed stamped concrete patio",patio_or_porch,stamped_concrete,,,,stamped concrete in mottled brown and tan tones with a wet look sealer,finished,residential,,,4,True,stamped concrete; patio; backyard; steps; brick house; sealed concrete; brown; wet look; residential; landscaping,Stamped Concrete/IMG_3919.JPG,m/e707b55de840.jpg
cfd022d1a7f1,photo,Stamped concrete patio with glossy brown sealer,"Glossy brown stamped concrete patio behind a house with garden beds and hydrangeas, stamped concrete patio sealing",patio_or_porch,stamped_concrete,,,,brown stamped concrete with a glossy clear sealer,finished,residential,,,5,True,stamped concrete; patio; backyard; glossy sealer; brown; landscaping; hydrangeas; residential; finished floor,Stamped Concrete/IMG_3920.JPG,m/cfd022d1a7f1.jpg
0bff8fa2c9ce,photo,Stamped concrete patio with wet-look sealer,"Stamped concrete patio with glossy brown and gray sealer beside a brick house, steps, and white pergola.",patio_or_porch,stamped_concrete,,,,,finished,residential,,,5,True,stamped concrete; patio; wet look sealer; brown; glossy; brick house; steps; pergola; backyard; finished,Stamped Concrete/IMG_3921.JPG,m/0bff8fa2c9ce.jpg
d653cbb0c349,photo,Close-up of gray flake stem wall,"Close-up of a full flake coated stem wall with gray, black and white chips meeting a gray flake garage floor.",garage,full_flake,,,,"gray, black and white chips, small to medium size",close_up,residential,,,3,False,stem wall; close up; full flake; gray chips; garage floor; coated concrete; flake detail; baseboard,Stem Walls (Close Up)/280719017_1091548958379911_6211168799583224251_n.jpg,m/d653cbb0c349.jpg
9af8c7260db4,photo,Black full flake floor with coated stem wall,Close up of a black full flake garage floor with matching coated stem wall and white door,garage,full_flake,,,,"black base with small white, gray and tan chips",close_up,residential,,,4,True,stem wall; close up; full flake; black floor; garage; white chips; gray chips; finished floor,Stem Walls (Close Up)/313438071_1213215899546549_109636757662177755_n.jpg,m/9af8c7260db4.jpg
65fa824017d0,photo,Close up of gray flake coated step and stem wall,Close up of a coated step and stem wall in gray full flake garage floor coating,garage,full_flake,,,,"gray, white and black chips, small to medium size",close_up,residential,,,4,True,stem wall; close up; full flake; gray chips; garage step; coated step; gray floor; flake detail,Stem Walls (Close Up)/IMG_0227.JPG,m/65fa824017d0.jpg
8574167d071a,photo,Gray flake coated stem wall close up,"Close up of a gray flake coated garage stem wall and step, full flake floor coating",garage,full_flake,,,,"light gray base with black, white and gray chips, medium size",close_up,residential,,2022-02-21,4,False,stem wall; garage; full flake; gray chips; step; close up; terrazzo look,Stem Walls (Close Up)/IMG_0228.JPG,m/8574167d071a.jpg
bb8d8ee1090a,photo,Full flake stem wall in unfinished garage,"Close up of a glossy full flake stem wall and garage floor with tan, brown and red chips near a side door",garage,full_flake,,,,"tan, brown, black and red chips, small to medium size, glossy clear coat",close_up,residential,,,4,True,stem wall; close up; full flake; garage floor; tan chips; red chips; glossy; unfinished drywall; entry door,Stem Walls (Close Up)/IMG_1024.JPG,m/bb8d8ee1090a.jpg
d887cd88d5e7,photo,Full flake stem wall and floor close up,Close up of a gray flake coated stem wall meeting a matching full flake garage floor,garage,full_flake,,,,"gray, white and black chips, small to medium size",close_up,,,,3,False,stem wall; close up; full flake; gray chips; garage floor; flake coating; wall base; gray floor,Stem Walls (Close Up)/IMG_1629.JPG,m/d887cd88d5e7.jpg
74a92dddad6c,photo,Gray full flake garage steps and stem wall,Close up of garage entry steps and stem wall coated in gray full flake with white and black chips,garage,full_flake,,,,"light gray base with white, gray and black chips, small to medium size",close_up,residential,,,4,False,stem wall; garage; steps; full flake; gray chips; white railings; entry door; close up; finished floor,Stem Walls (Close Up)/IMG_2146.JPG,m/74a92dddad6c.jpg
2edc8d880c7b,photo,Close up of flake stem wall in unfinished garage,"Close up of a full flake coated stem wall and garage floor with tan, red and black chips",garage,full_flake,,,,"light tan and cream base with red, black, blue and white chips, small to medium size",close_up,residential,,,4,False,stem wall; close up; full flake; garage floor; tan chips; red chips; blue chips; drywall; unfinished garage,Stem Walls (Close Up)/IMG_2175.JPG,m/2edc8d880c7b.jpg
8913b6995858,photo,Garage steps with gray flake floor and stem wall,"Gray flake epoxy coating on garage steps, stem wall and floor, with gray walls and white trim",steps_or_stairs,full_flake,,,,"gray, black and white chips, small to medium size, salt and pepper look",close_up,residential,,2023-02-26,4,True,stem wall; garage steps; gray flake floor; salt and pepper chips; full flake; entry steps; coated steps; gray white black chips; finished floor,Stem Walls (Close Up)/IMG_2528 copy.jpg,m/8913b6995858.jpg
b4d27ac69b94,photo,Full flake stem wall with blue accent chips,"Close up of a full flake coated stem wall and floor with gray, black, white and blue chips",garage,full_flake,,,,"gray, black and white chips with scattered bright blue chips, small to medium size",close_up,residential,,,4,True,stem wall; close up; full flake; blue chips; gray chips; garage floor; flake floor coating; edge detail,Stem Walls (Close Up)/IMG_5043.JPG,m/b4d27ac69b94.jpg
cbc5006541dc,photo,Flake coated stem wall in garage,"Close up of a coated stem wall and garage floor with tan, brown and rust red flake chips, full flake garage floor coating",garage,full_flake,,,,"tan, brown, black and rust red chips, medium size",close_up,residential,,,4,True,stem wall; close up; full flake; garage floor; tan chips; rust red chips; glossy finish; edge detail,Stem Walls (Close Up)/IMG_5409.JPG,m/cbc5006541dc.jpg
fe33829c33ae,photo,Full flake stem wall and garage floor close up,"Close up of a coated stem wall meeting a full flake garage floor with gray, tan and black chips beside white cabinets",garage,full_flake,,,,"gray, tan, black and white chips, small to medium size",close_up,residential,,,4,False,stem wall; close up; full flake; garage floor; gray chips; tan chips; black chips; white cabinets; wire shelving; edge detail,Stem Walls (Close Up)/IMG_6432.JPG,m/fe33829c33ae.jpg
63e74c2a34c8,photo,Gray full flake floor with coated stem wall,"Close up of a gray, white and black full flake garage floor with a coated stem wall, full flake garage floor coating",garage,full_flake,,,,"gray, white and black chips, small to medium size",close_up,residential,,,4,True,stem wall; close up; full flake; gray chips; black chips; white chips; garage floor; baseboard detail,Stem Walls (Close Up)/IMG_8576.JPG,m/63e74c2a34c8.jpg
e0269b648a25,photo,Gray full flake stem wall and step close up,"Close up of a gray flake epoxy coated stem wall and step at a garage entry door, full flake floor coating",garage,full_flake,,,,"gray, white and black chips, small to medium size",close_up,residential,,,4,False,stem wall; close up; full flake; gray chips; garage floor; step coating; entry door; flake epoxy,Stem Walls (Close Up)/IMG_8809.JPG,m/e0269b648a25.jpg
ca1ee6e07f39,photo,Close up of coated stem wall corner,"Close up of a full flake coated stem wall and step corner with gray, tan and black chips",not_visible,full_flake,,,,"gray base with small tan, black and orange chips, fine to medium size",close_up,,,,3,False,stem wall; close up; full flake; gray chips; tan chips; orange chips; coated corner; step,Stem Walls (Close Up)/IMG_8827.JPG,m/ca1ee6e07f39.jpg
dc6aa273cb0b,photo,Flake coated step and stem wall in gray,Close up of a coated garage step and stem wall in gray full flake floor coating,garage,full_flake,,,,"gray base with white, gray and black chips, small to medium size",close_up,residential,,,4,True,stem wall; step; full flake; gray chips; black and white chips; garage floor; close up; coated step; edge detail,Stem Walls (Close Up)/IMG_DC60ADD008B6-1.jpeg,m/dc6aa273cb0b.jpg
4b2d3a64b3d0,photo,Gray full flake floor with flake stem wall,"Close up of a gray full flake garage floor with matching flake stem wall, full flake garage floor coating",garage,full_flake,,Silverado,folder,"light gray, white and black chips, small to medium size",close_up,residential,,2019-06-07,4,True,stem wall; full flake; gray chips; close up; garage floor; flake stem wall; white walls; glossy finish,Stem Walls (Close Up)/Silverado.jpg,m/4b2d3a64b3d0.jpg
7122634f49f6,photo,Commercial restroom with gray flake coated tile floor,Gray full flake coating over tile in a commercial restroom with sink counter and stall doors,commercial_or_industrial,tile_coating,,,,"gray base with dense small black, gray and white chips",finished,commercial,Indianapolis,2024-09-24,3,False,commercial restroom; bathroom floor; coated tile; gray chips; black white chips; sinks; stall doors; flake floor,Tile Coated /IMG_0033.HEIC,m/7122634f49f6.jpg
a621c70eb640,photo,Dark gray flake coating over tile floor,"Dark charcoal full flake coating over a tile floor in a small interior room, tile floor coating",interior_room,tile_coating,,,,"dark charcoal base with white, gray and black chips, small to medium size",finished,residential,Indianapolis,2024-09-25,3,False,tile coating; full flake; dark gray; charcoal chips; white chips; interior floor; finished floor; small room,Tile Coated /IMG_0042.HEIC,m/a621c70eb640.jpg
2edb366b00ee,photo,Restroom stall with dark flake coated tile floor,"Dark black and white flake coating over tile floor in a commercial restroom stall, tile floor coating",commercial_or_industrial,tile_coating,,,,"black base with white and gray chips, small to medium size",finished,commercial,Indianapolis,2024-09-25,3,False,tile coating; restroom; commercial; bathroom stall; black flake; white chips; gray chips; finished floor,Tile Coated /IMG_0048.HEIC,m/2edb366b00ee.jpg
f3f56ed77076,photo,Restroom with dark gray flake coated tile floor,Commercial restroom with a dark gray and white flake coated tile floor near sinks and stalls,commercial_or_industrial,tile_coating,,,,"black base with white and gray chips, small to medium size",finished,commercial,Indianapolis,2024-09-25,3,False,tile coating; restroom; commercial floor; dark gray flake; black and white chips; sinks; bathroom stalls; finished floor,Tile Coated /IMG_0051.HEIC,m/f3f56ed77076.jpg
919a314595a7,photo,Bathroom floor with dark gray flake tile coating,"Dark gray flake-coated bathroom floor with white tile walls and a floating vanity, tile floor coating",interior_room,tile_coating,,,,"dark charcoal base with fine white and light gray chips, speckled peppered look",finished,,Indianapolis,2024-09-25,3,False,tile coating; bathroom floor; dark gray; white chips; flake floor; white tile walls; vanity; small room; finished floor; fine chips,Tile Coated /IMG_0053.HEIC,m/919a314595a7.jpg
eec83d47b786,photo,Commercial restroom with coated tile floor,"Coated tile floor in a commercial restroom with sink counter, dark gray and white speckled tile coating",commercial_or_industrial,tile_coating,,,,"dark gray base with dense white and light gray chips, small to medium size",finished,commercial,Indianapolis,2024-09-25,4,True,tile coating; restroom; commercial floor; dark gray chips; white chips; sinks; speckled floor; finished,Tile Coated /IMG_0057.HEIC,m/eec83d47b786.jpg
cca3808ebeb2,photo,Dark gray tile coating with glossy finish,"Dark gray flake floor with a glossy clear coat over tile, in a room with a counter and exposed plumbing",interior_room,tile_coating,,,,"dark gray base with small white, black and gray chips, small chip size",finished,,Indianapolis,2024-09-25,3,False,tile coating; full flake look; dark gray chips; white chips; gray base; glossy finish; interior floor; finished floor,Tile Coated /IMG_0058.HEIC,m/cca3808ebeb2.jpg
23cd8c7c780c,photo,Restroom with black flake tile coating,Black full flake floor coating over tile in a restroom with cinder block walls and wood door,commercial_or_industrial,tile_coating,,,,"black base with white and gray chips, small to medium size",finished,commercial,Indianapolis,2024-09-25,3,False,tile coating; restroom; black flake; white chips; gray chips; cinder block wall; wood door; commercial floor; finished,Tile Coated /IMG_0059.HEIC,m/23cd8c7c780c.jpg
a14f49902d90,photo,Restroom tile coated in dark speckled finish,"Commercial restroom with tile floor coated in a dark finish with white and gray chips, sink and stalls visible, tile coating",commercial_or_industrial,tile_coating,,,,"dark charcoal base with white and light gray chips, small to medium size",finished,commercial,Indianapolis,2024-09-25,4,True,tile coating; commercial restroom; restroom floor; dark chips; white and gray chips; speckled floor; sink counter; stall; finished floor; glossy,Tile Coated /IMG_0060.HEIC,m/a14f49902d90.jpg
3bd898b31bd6,video,25 percent off sale promo video,"Four-panel promo video with GatorGuard logo, 25 percent off sale text, coated garage floors and a red sports car",garage,full_flake,,,,backgrounds show gray and tan speckled flake floors and a dark metallic floor with a red sports car,graphic,residential,,2023-08-31,3,False,promo video; sale graphic; 25 percent off; garage floor; flake floor; metallic floor; red sports car; financing offer; advertising,Videos/25Off Video.mp4,m/3bd898b31bd6.jpg
a9cf78661c68,video,Crew member talking at basement showroom counter,GatorGuard crew member in branded polo and beanie talking at a counter in a finished basement showroom,basement,unknown,,,,,team_or_portrait,residential,Detroit,2021-12-15,3,False,crew; team member; gatorguard polo; beanie; basement; showroom; talking to camera; video,Videos/551C9E82-3B43-46E6-8A54-C85DA384F819.MP4,m/a9cf78661c68.jpg
4f0c71a1db9d,video,Worker rolling white coating on basement floor,Worker rolling white floor coating in a basement with white painted brick walls during epoxy floor installation,basement,unknown,,,,"plain white coating being rolled, no chips visible",in_progress,residential,,2020-12-07,3,False,basement; in progress; rolling coating; white coating; painted brick walls; crew working; floor coating application; support pole,Videos/9C80C415-6836-46DA-BC54-52FAE75C11AB.MP4,m/4f0c71a1db9d.jpg
4345132c9bcf,video,Crew rolling white coating in basement,Worker rolls white solid color coating onto a basement floor with support pole and painted block walls,basement,solid_color,,,,"plain white coating, no chips",in_progress,residential,,2020-12-07,3,False,basement; white floor; solid color; in progress; rolling coating; support pole; block walls; crew working,Videos/B7007726-2AB9-49AB-B5B1-5EF00E39B9E5.MP4,m/4345132c9bcf.jpg
547d6a357164,video,Crew installing garage floor coating,Crew installing full flake garage floor coating with man presenting to camera,garage,full_flake,,,,"Gray base with mixed dark chips, specific colors unclear in wide shot",in_progress,residential,,2025-11-19,4,True,Contractor Click; garage; crew working; installation; coating; in progress; team; gatorguard,Videos/Contractor Click/GG Indy Project v5.mp4,m/547d6a357164.jpg
1f06f6bc6d9f,video,Crew coating garage floor with light flake,Crew members applying coating over a light gray flake garage floor in progress,garage,full_flake,,,,"light gray and white chips, small to medium size",in_progress,residential,,2020-11-23,3,False,garage; in progress; crew working; flake floor; gray chips; coating application; residential; video,Videos/D425FEC6-E48C-4BB2-A68F-F32F612711AA.MP4,m/1f06f6bc6d9f.jpg
5449f8bb0c18,video,Diagram comparing 1-day and 2-day coating systems,Graphic comparing 1-day coating system to 2-day moisture-mitigating coating system over concrete slab with warranty text,not_visible,not_applicable,,,,,graphic,,,2024-03-15,4,False,GFC - 1 Day Coatings (GG Style); 1-day coating; 2-day coating; moisture mitigation; diagram; hydrostatic pressure; warranty; coating failure; comparison graphic; marketing video,Videos/GFC - 1 Day Coatings (GG Style)/GG 1 Day Coatings.mp4,m/5449f8bb0c18.jpg
4e54c8a73539,video,Clear coating garage flake floor in progress,"Worker clear-coating a tan and gray flake garage floor with a roller, full flake garage floor coating",garage,full_flake,,,,"tan, gray, and black chips, medium size",in_progress,residential,Indianapolis,2022-03-09,3,False,garage floor; full flake; tan chips; gray chips; clear coat; roller application; in progress; concrete coating,Videos/IMG_0774.MOV,m/4e54c8a73539.jpg
45fdf673e673,video,Roller loading white topcoat on metallic floor,Paint roller loading white coating from a tray over a gray marbled metallic epoxy floor during installation,not_visible,metallic,,,,gray and tan marbled metallic swirls under clear coat,in_progress,,Louisville,2022-03-30,3,False,metallic epoxy; in progress; roller; paint tray; topcoat; gray metallic; marbled floor; crew working; coating application,Videos/IMG_1346.MOV,m/45fdf673e673.jpg
96a3af737bfc,video,Rolling brown metallic epoxy over basecoat,Worker rolling brown swirled metallic epoxy coating across an interior concrete floor near white baseboards,interior_room,metallic,,,,"swirled marbled metallic epoxy in brown and gray tones, no chips",in_progress,residential,Louisville,2022-03-30,3,False,metallic epoxy; liquid art; rolling; in progress; interior floor; brown metallic; swirled; baseboards; video,Videos/IMG_1347.MOV,m/96a3af737bfc.jpg
45598c0a9ae5,video,Spreading white base coat with roller,Crew spreading white epoxy base coat with a roller over taped edges during floor coating installation,not_visible,unknown,,,,,in_progress,,Louisville,2022-03-30,3,False,in progress; roller application; white base coat; epoxy coating; plastic sheeting; crew working; floor prep; spiked shoes,Videos/IMG_1349.MOV,m/45598c0a9ae5.jpg
6291f9e28d85,video,Brown metallic epoxy floor in empty room,Swirled brown and tan metallic epoxy floor in an empty room with white trim and doors,interior_room,metallic,,,,"swirled brown and tan metallic with darker marbling, glossy finish",finished,residential,Louisville,2022-03-30,4,True,metallic epoxy; liquid art; brown metallic floor; swirled floor; glossy floor; interior room; white baseboards; residential,Videos/IMG_1352.MOV,m/6291f9e28d85.jpg
44e0c58d7b2b,video,Worker rolling brown metallic epoxy floor,Worker spreading swirled brown metallic epoxy floor coating with a roller in an interior room,interior_room,metallic,,,,"swirled brown and tan metallic epoxy, glossy wet look",in_progress,residential,Louisville,2022-03-30,3,False,metallic epoxy; liquid art; brown metallic; roller application; coating in progress; interior floor; swirled finish; glossy floor,Videos/IMG_1353.MOV,m/44e0c58d7b2b.jpg
4dacdc77de15,video,Rolling brown metallic epoxy coating,Worker rolling wet brown metallic epoxy with tan marbled swirls during a metallic floor coating install,not_visible,metallic,,,,"marbled metallic in warm brown and tan swirls, wet glossy look",in_progress,,Louisville,2022-03-30,3,False,metallic epoxy; liquid art; in progress; roller; brown metallic; marbled; wet coating; swirl pattern; crew working,Videos/IMG_1357.MOV,m/4dacdc77de15.jpg
5c1e7915f3fe,video,Rolling metallic epoxy in tan brown swirls,"Crew rolling clear coat over a tan and brown marbled metallic epoxy floor, metallic floor coating in progress",not_visible,metallic,,,,"tan and brown marbled metallic swirls with lighter cream streaks, glossy wet finish",in_progress,,Louisville,2022-03-30,3,False,metallic epoxy; liquid art; in progress; roller; tan metallic; brown swirls; marbled floor; wet clear coat; crew working,Videos/IMG_1358.MOV,m/5c1e7915f3fe.jpg
662ddaf976fa,video,Metallic epoxy floor in brown and tan swirls,"Glossy brown and tan swirled metallic epoxy floor in a room with white baseboards, metallic floor coating",basement,metallic,,,,"swirled brown and tan metallic epoxy, marbled and reflective",finished,residential,Louisville,2022-03-30,4,True,metallic epoxy; brown metallic; tan swirls; marbled floor; glossy floor; basement floor; interior floor; finished floor; reflective coating,Videos/IMG_1359.MOV,m/662ddaf976fa.jpg
77d6353ecffa,video,Rolling clear coat over brown metallic floor,Worker rolling clear topcoat over a brown marbled metallic epoxy floor,not_visible,metallic,,,,"brown and tan marbled metallic swirl, glossy wet look",in_progress,,Louisville,2022-03-30,3,False,metallic; liquid art; in progress; topcoat; roller; brown metallic; marbled; crew working; glossy,Videos/IMG_1363.MOV,m/77d6353ecffa.jpg
849eb9640bbd,video,Squeegeeing brown metallic epoxy floor,Worker spreading brown swirled metallic epoxy with a squeegee during a metallic floor coating install,not_visible,metallic,,,,"brown and tan swirled metallic epoxy, glossy marbled look",in_progress,,Louisville,2022-03-30,3,False,metallic epoxy; squeegee; in progress; brown metallic; marbled floor; crew working; application; liquid art,Videos/IMG_1370.MOV,m/849eb9640bbd.jpg
86377d0a30d8,video,Spreading brown metallic epoxy on interior floor,Worker spreading swirled brown metallic epoxy coating across an interior concrete floor with a squeegee,interior_room,metallic,,,,"swirled brown and tan metallic, marbled wet look",in_progress,residential,Louisville,2022-03-30,4,False,metallic epoxy; brown metallic; marbled floor; squeegee; coating application; interior floor; in progress; liquid art,Videos/IMG_1371.MOV,m/86377d0a30d8.jpg
e659eed16f86,video,Crew squeegeeing clear coat over flake floor,Worker pushing a squeegee across a light gray flake floor inside a garage during clear coat application,garage,full_flake,,,,"light gray and white chips with black specks, medium size",in_progress,residential,Indianapolis,2022-02-10,3,False,in progress; squeegee; clear coat; full flake; gray chips; garage floor; crew working; topcoat application,Videos/IMG_5137.MOV,m/e659eed16f86.jpg
72bd60ffd8d0,doc,Invoice for garage floor video production,"Invoice from Mitch Muhlbaier to Gator Guard for garage floor process videos, December 2022",not_visible,not_applicable,,,,,document,,,,3,False,Mitch; invoice; document; video production; billing; garage floor videos,Videos/Mitch/2023 Mitch Video Invoice.pdf,m/72bd60ffd8d0.jpg
08900f54b946,video,Crew grinding and pouring garage floor coating,"GatorGuard truck, crew grinding a garage floor, and pouring gray metallic epoxy coating",garage,metallic,,,,"light gray metallic coating being poured, wet and reflective",in_progress,residential,,2022-11-10,3,False,Mitch; crew working; grinding; pouring epoxy; metallic; garage; box truck; in progress; video; gray coating,Videos/Mitch/Copy of Gator Guard Indy Full Vid (Rough Draft).mp4,m/08900f54b946.jpg
0821e879b040,video,Garage floor coating process in four frames,"Four frames of a garage floor coating job: bare concrete, flake broadcast, grinding, and finished gray flake floor",garage,full_flake,,,,"gray floor with light and dark chips, small size",in_progress,residential,,2022-11-10,3,False,Mitch; garage; floor coating; before and after; in progress; flake broadcast; grinding; gray chips; video; process; crew,Videos/Mitch/Copy of GatorGuard 1 min version (Rough Draft).mp4,m/0821e879b040.jpg
ee5a2cfcefec,doc,Invoice for Gator Guard video project,"Invoice from Mitch Muhlbaier to Gator Guard for a garage floor video project in Indianapolis dated July 3, 2023.",not_visible,not_applicable,,,,,document,,,,3,False,Mitch; invoice; document; pdf; video project; indianapolis; paperwork; billing,Videos/Mitch/Gator Guard Indy Invoice 2.pdf,m/ee5a2cfcefec.jpg
bddf96b6f615,video,GatorGuard truck and crew coating garage floor,GatorGuard truck and crew grinding and coating a residential garage floor with HEPA vacuums,garage,unknown,,,,,in_progress,residential,,,3,False,Mitch; truck; crew; grinding; hepa vacuum; garage; in progress; coating; branding; text overlay,Videos/Mitch/GatorGuard Concrete Coatings - Now is the time!.mp4,m/bddf96b6f615.jpg
d0d29a9a1df7,video,Video montage with flake floors and coating graphic,"Four panel video with blue-gray and brown full flake garage floors, coating graphic and GatorGuard logo",not_visible,full_flake,,,,"gray, white and blue chips in one frame; brown and black chips in another",graphic,,,2023-08-14,3,False,video; montage; full flake; blue chips; gray chips; brown chips; polyaspartic; polyurea; garage floor; branded graphic,Videos/No Poly.mp4,m/d0d29a9a1df7.jpg
7f459cb39dc1,video,Scraping old coating off exterior concrete,Worker scraping failed coating off cracked exterior concrete slab with a long handled scraper during floor prep,patio_or_porch,bare_concrete,,,,,in_progress,residential,,,3,False,scraping; coating removal; surface prep; concrete repair; cracked concrete; exterior concrete; grinder; before coating; walkway,Videos/Scrape - Motor City.mp4,m/7f459cb39dc1.jpg
a315a4be6ef1,video,Crew member mixing epoxy in workshop,Crew member in respirator and GatorGuard shirt mixing coating in a bucket inside a workshop trailer,commercial_or_industrial,not_applicable,,,,,crew_working,,,,3,False,crew; mixing epoxy; respirator; buckets; workshop; in progress; equipment; gatorguard shirt,Videos/video-e29e7b57-16d8-4e8e-8261-b09ba74556bd-1710349335.mp4,m/a315a4be6ef1.jpg
00467a56cc79,photo,Patios and porches text graphic over flake floor,Screened porch with tan full flake floor behind large text reading Patios and Porches,patio_or_porch,full_flake,,,,"tan, brown and cream chips, small to medium size",graphic,residential,,,3,False,patio; porch; full flake; text overlay; graphic; tan chips; brick wall; screened porch; sunroom,Words/typorama 10.png,m/00467a56cc79.png
6d73e5da97d5,photo,New construction garage with flake floor,Garage with speckled full flake floor and New Construction text overlay,garage,full_flake,,,,"tan, brown and gray chips, small to medium size",finished,residential,,,3,False,garage; full flake; new construction; text overlay; unfinished walls; tan chips; brown chips; sunlight,Words/typorama 11.png,m/6d73e5da97d5.png
c2121b7fc045,photo,Commercial warehouse floor with COMMERCIAL text overlay,Large empty commercial space with glossy light gray flake floor and large COMMERCIAL text overlay,commercial_or_industrial,full_flake,,,,"small white, black and gray chips on a light gray base",graphic,commercial,,,3,False,commercial; warehouse; text overlay; gray flake floor; glossy; full flake; marketing graphic; empty building,Words/typorama 12.png,m/c2121b7fc045.png
9d164b1512d6,photo,New construction text over tan flake floor,New construction text banner over a tan and brown full flake floor in an unfinished drywall room,interior_room,full_flake,,,,"tan, brown and black chips, medium size",graphic,residential,,,3,False,new construction; text overlay; full flake; unfinished drywall; tan chips; brown chips; interior room; graphic,Words/typorama 13.png,m/9d164b1512d6.png
dcbb4f379074,photo,Garages text graphic over dark flake floor,"Garage interior with dark full flake floor and blue GARAGES text overlay, vintage car outside open doors",garage,full_flake,,,,"dark gray and black chips, small to medium size",graphic,residential,,,3,False,garage; text overlay; graphic; full flake; dark gray chips; open garage doors; vintage car; riding mower,Words/typorama 14.png,m/dcbb4f379074.png
0ade2248d3c2,photo,Basement man cave with gray flake floor,"Basement man cave with gray flake floor, bar and sports decor; text overlay reads Basements and Man Caves",basement,full_flake,,,,"gray base with fine white, black and gray chips, small to medium size",finished,residential,,,3,False,basement; man cave; full flake; gray chips; home bar; sports decor; bengals; text overlay; finished floor,Words/typorama 15.png,m/0ade2248d3c2.png
a329ef31f966,photo,Basement man cave floor with text overlay,"Finished basement bar with sports memorabilia and gray flake floor, red text overlay reading Basements and Man Caves",basement,full_flake,,,,"small gray, white and dark chips under glossy clear coat",graphic,residential,,,3,False,basement; man cave; bar; sports memorabilia; full flake; gray floor; text overlay; marketing graphic,Words/typorama 16.png,m/a329ef31f966.png
cdc6f786487c,photo,Garages text graphic over dark garage floor,Blue Garages text over a dark coated garage floor with open doors and a blue vintage car outside,garage,unknown,,,,"dark gray floor, flake pattern not visible in low light",graphic,residential,,,3,False,garage; text overlay; graphic; vintage car; open garage doors; dark floor; double garage,Words/typorama 17.png,m/cdc6f786487c.png
e6be502d69e9,photo,Commercial warehouse with gray flake floor,"Large empty commercial warehouse with glossy gray flake floor and COMMERCIAL text overlay, commercial floor coating",commercial_or_industrial,full_flake,,,,"gray base with scattered black and white chips, light coverage",finished,commercial,,,4,False,commercial; warehouse; gray floor; flake floor; text overlay; glossy; large space; industrial; marketing graphic,Words/typorama 18.png,m/e6be502d69e9.png
bb6d174ee29a,photo,Garage floor with We Make It More text,"Garage with gray flake floor, white cabinets and text overlay reading We Make It More Than A Garage",garage,full_flake,,,,"gray base with fine gray, white and black chips, small size",graphic,residential,,,4,False,garage; gray floor; full flake; white cabinets; text overlay; marketing graphic; finished floor; garage storage,Words/typorama 2.png,m/bb6d174ee29a.jpg
2fb3f2c5ea2d,photo,Garage with light gray flake floor and white cabinets,"Garage with light gray flake floor, white storage cabinets and wall air conditioner, full flake garage floor coating",garage,full_flake,,,,"light gray base with small gray, white and black chips",finished,residential,,,4,True,garage; full flake; gray floor; white cabinets; small chips; finished floor; clean garage; storage cabinets,Words/typorama 3.png,m/2fb3f2c5ea2d.jpg
50caf8da3b80,photo,Sunroom with tan full flake floor,"Enclosed porch with glossy tan full flake floor coating, brick walls and large windows",patio_or_porch,full_flake,,,,"tan base with brown, black and cream chips, medium size",finished,residential,,,4,True,sunroom; enclosed porch; full flake; tan chips; brown chips; glossy floor; brick wall; windows; finished floor,Words/typorama 4.png,m/50caf8da3b80.png
71252c5a0df2,photo,New construction text over flake garage floor,Text overlay reading New Construction over a full flake garage floor with unfinished drywall,garage,full_flake,,,,"tan, gray, white and black chips, small to medium size",graphic,residential,,,3,False,new construction; text overlay; full flake; garage floor; drywall; tan gray chips; graphic,Words/typorama 6.png,m/71252c5a0df2.png
e118eaa46006,photo,Patios and porches text over flake floor,Text overlay reading Patios and Porches on a brown full flake coated porch floor with brick wall and windows,patio_or_porch,full_flake,,,,"tan, brown and white chips, small to medium size",graphic,residential,,,3,False,patio; porch; full flake; text overlay; graphic; brown chips; tan chips; brick wall; sunroom,Words/typorama 7.png,m/e118eaa46006.png
e7b40a69f397,photo,Commercial warehouse floor with text overlay,Empty commercial warehouse with glossy gray flake floor and large COMMERCIAL text overlay,commercial_or_industrial,full_flake,,,,"light gray base with small white, gray and black chips",graphic,commercial,,,3,False,commercial; warehouse; gray flake floor; glossy floor; text overlay; marketing graphic; empty building,Words/typorama 8.png,m/e7b40a69f397.png
4589c39c36f8,photo,Commercial warehouse with gray flake floor and text overlay,Large empty commercial warehouse with glossy gray flake epoxy floor and COMMERCIAL text overlay,commercial_or_industrial,full_flake,,,,"gray base with sparse black and white chips, small size",finished,commercial,,,3,False,commercial; warehouse; gray floor; full flake; text overlay; empty building; glossy floor; industrial,Words/typorama 9.png,m/4589c39c36f8.png
ac6327e6a7ab,photo,Garage flake floor with text overlay,Garage workshop with gray flake epoxy floor and 'Let's get to work' text overlay,garage,full_flake,,,,"gray base with black, white and light gray chips, small to medium size",finished,residential,,,3,False,garage; flake floor; text overlay; workshop; pegboard; gray chips; black chips; social media,Words/typorama.png,m/ac6327e6a7ab.jpg
